date,open,high,low,close,volume,unadjustedVolume,change,changePercent,vwap,label,changeOverTime
2013-08-05,15.4985,15.5969,15.2721,15.5772,123049,123049,0.068882,0.444,15.5123,"Aug 5, 13",0
2013-08-06,15.4985,15.6854,15.4197,15.6264,65689,65689,0.0492,0.316,15.6076,"Aug 6, 13",0.0031584623680764707
2013-08-07,15.6165,15.6854,14.908,15.2721,151089,151089,-0.35425,-2.267,15.2277,"Aug 7, 13",-0.01958631846544947
2013-08-08,15.4001,15.5772,15.0852,15.282,192130,192130,0.009841,0.064,15.2906,"Aug 8, 13",-0.018950774208458483
2013-08-09,15.2721,15.5181,15.095,15.4591,217782,217782,0.177125,1.159,15.3704,"Aug 9, 13",-0.007581593611175314
2013-08-12,15.3804,15.7838,15.3213,15.7838,99822,99822,0.324729,2.101,15.6318,"Aug 12, 13",0.013262974090337153
2013-08-13,15.833,15.8921,15.6953,15.8035,58551,58551,0.019682,0.125,15.8075,"Aug 13, 13",0.01452764296535964
2013-08-14,15.7641,15.8232,15.6559,15.7445,98952,98952,-0.059043,-0.374,15.7417,"Aug 14, 13",0.010740055979251784
2013-08-15,15.587,15.6067,15.2918,15.3705,108814,108814,-0.37393,-2.375,15.4103,"Aug 15, 13",-0.013269393729296643
2013-08-16,15.2721,15.3607,15.1934,15.1934,152561,152561,-0.177128,-1.152,15.2321,"Aug 16, 13",-0.02463857432657981
2013-08-19,15.2229,15.3213,15.0852,15.1344,99481,99481,-0.059042,-0.389,15.1894,"Aug 19, 13",-0.02842616131268778
2013-08-20,15.1344,15.3312,14.9769,15.3017,49826,49826,0.167288,1.105,15.2313,"Aug 20, 13",-0.017686105333435995
2013-08-21,15.2525,15.4296,15.0556,15.2623,69623,69623,-0.039363,-0.257,15.2423,"Aug 21, 13",-0.02021544308348097
2013-08-22,15.341,15.7149,15.2328,15.5181,102159,102159,0.255849,1.676,15.481,"Aug 22, 13",-0.003794006625067345
2013-08-23,15.5181,15.8429,15.464,15.8035,103279,103279,0.285369,1.839,15.7299,"Aug 23, 13",0.01452764296535964
2013-08-26,15.833,15.9167,15.7149,15.8133,52014,52014,0.009835,0.062,15.8039,"Aug 26, 13",0.015156767583391137
2013-08-27,15.587,15.7445,15.4689,15.5673,193754,193754,-0.246004,-1.556,15.6084,"Aug 27, 13",-0.0006355442569909881
2013-08-28,15.5378,15.6559,15.3017,15.341,81428,81428,-0.226327,-1.454,15.4292,"Aug 28, 13",-0.015163187222350627
2013-08-29,15.3509,15.5083,15.2131,15.3017,52008,52008,-0.039359,-0.257,15.3279,"Aug 29, 13",-0.017686105333435995
2013-08-30,15.2328,15.2623,14.7604,14.7703,211280,211280,-0.531377,-3.473,14.8642,"Aug 30, 13",-0.051800066764245103
2013-09-03,15.0064,15.2525,14.6817,14.8096,117564,117564,0.03936,0.266,14.8971,"Sep 3, 13",-0.049277148653159734
2013-09-04,14.8588,15.0163,14.7358,14.9671,85990,85990,0.157447,1.063,14.9135,"Sep 4, 13",-0.03916621729193945
2013-09-05,15.0163,15.3213,14.8982,15.2525,94776,94776,0.285367,1.907,15.174,"Sep 5, 13",-0.020844567701512468
2013-09-06,15.3607,15.4099,15.154,15.282,124395,124395,0.029522,0.194,15.2901,"Sep 6, 13",-0.018950774208458483
2013-09-09,15.3804,15.7543,15.3804,15.7346,66321,66321,0.452653,2.962,15.6678,"Sep 9, 13",0.010104511722260796
2013-09-10,15.8527,15.9118,15.4788,15.6264,134168,134168,-0.108244,-0.688,15.6274,"Sep 10, 13",0.0031584623680764707
2013-09-11,15.6362,16.3939,15.587,15.8921,214207,214207,0.265688,1.7,16.1335,"Sep 11, 13",0.02021544308348097
2013-09-12,15.8921,16.0298,15.7051,15.7248,72018,72018,-0.167287,-1.053,15.8145,"Sep 12, 13",0.009475387104229299
2013-09-13,15.8133,16.0987,15.7445,16.0889,123073,123073,0.364092,2.315,15.9586,"Sep 13, 13",0.03284929255578662
2013-09-16,16.2168,16.5711,16.1184,16.4628,218328,218328,0.373933,2.324,16.4049,"Sep 16, 13",0.05685232262537568
2013-09-17,16.4234,16.5317,16.2365,16.2857,140378,140378,-0.177128,-1.076,16.318,"Sep 17, 13",0.045483142028092276
2013-09-18,16.266,16.453,15.9954,16.3841,139563,139563,0.098404,0.604,16.2063,"Sep 18, 13",0.05180006676424522
2013-09-19,16.453,16.4825,16.1794,16.4431,77313,77313,0.059043,0.36,16.3539,"Sep 19, 13",0.05558765375035319
2013-09-20,16.5415,16.699,16.3447,16.6104,213456,213456,0.167287,1.017,16.5821,"Sep 20, 13",0.06632770972960475
2013-09-23,16.5415,16.6498,16.4234,16.5907,99130,99130,-0.019683,-0.118,16.5549,"Sep 23, 13",0.06506304085458225
2013-09-24,16.6399,16.9351,16.3644,16.7482,138211,138211,0.157446,0.949,16.7366,"Sep 24, 13",0.07517397221580266
2013-09-25,16.7285,17.2205,16.6399,17.1811,218977,218977,0.432972,2.585,17.0981,"Sep 25, 13",0.10296458927149946
2013-09-26,17.1713,17.2402,16.8269,17.0532,137351,137351,-0.127924,-0.745,17.0167,"Sep 26, 13",0.09475387104229265
2013-09-27,16.8958,17.1221,16.8367,17.0434,125749,125749,-0.009841,-0.058,17.0011,"Sep 27, 13",0.09412474642426102
2013-09-30,16.8564,17.0139,16.7285,16.9942,119623,119623,-0.049202,-0.289,16.952,"Sep 30, 13",0.09096628405618468
2013-10-01,17.036,17.0951,16.7997,17.0951,94705,94705,0.100938,0.594,16.9723,"Oct 1, 13",0.0974436997663251
2013-10-02,16.9868,17.1936,16.8785,17.0951,74477,74477,0,0,17.1012,"Oct 2, 13",0.0974436997663251
2013-10-03,17.0262,17.0262,16.3172,16.7308,232815,232815,-0.364351,-2.131,16.6197,"Oct 3, 13",0.07405695503684867
2013-10-04,16.6914,16.908,16.3861,16.4747,142735,142735,-0.256035,-1.53,16.555,"Oct 4, 13",0.057616259661556576
2013-10-07,16.3664,16.5929,16.2679,16.2876,143034,143034,-0.187101,-1.136,16.3412,"Oct 7, 13",0.045605115168323045
2013-10-08,16.3369,16.4747,16.1005,16.3467,121886,121886,0.059089,0.363,16.2686,"Oct 8, 13",0.049399121793390274
2013-10-09,16.4157,16.5732,16.2089,16.4649,119285,119285,0.118164,0.723,15.8336,"Oct 9, 13",0.05698713504352519
2013-10-10,16.6914,16.9376,16.4747,16.5437,93038,93038,0.07878,0.478,16.6532,"Oct 10, 13",0.06204581054361514
2013-10-11,16.455,17.105,16.455,16.8588,134987,134987,0.315118,1.905,16.8949,"Oct 11, 13",0.08227409290501497
2013-10-14,16.7209,17.0656,16.5976,16.8883,136073,136073,0.029543,0.175,16.7692,"Oct 14, 13",0.08416788639806908
2013-10-15,16.8982,17.0656,16.6028,16.7406,122815,122815,-0.147714,-0.875,16.7758,"Oct 15, 13",0.07468607965488028
2013-10-16,16.7899,16.9376,16.6815,16.7308,161875,161875,-0.009844,-0.059,16.7799,"Oct 16, 13",0.07405695503684867
2013-10-17,16.7012,16.9573,16.6224,16.9573,175635,175635,0.226489,1.354,16.8193,"Oct 17, 13",0.08859743728012741
2013-10-18,17.1247,17.4595,16.9474,17.3413,343680,343680,0.384051,2.265,17.2671,"Oct 18, 13",0.11324885088462631
2013-10-21,17.4102,17.5776,17.1739,17.5481,198467,198467,0.206795,1.192,17.4226,"Oct 21, 13",0.12652466425288256
2013-10-22,17.5875,17.7943,17.5875,17.7746,248441,248441,0.226491,1.291,17.7255,"Oct 22, 13",0.14106514649616106
2013-10-23,17.7254,17.8337,17.558,17.8238,223559,223559,0.049236,0.277,17.7155,"Oct 23, 13",0.1442236088642374
2013-10-24,18.8874,20.9061,18.7593,19.5176,1158072,1158072,1.6938,9.503,19.6896,"Oct 24, 13",0.2529594535603319
2013-10-25,19.6062,20.3054,19.5274,19.8032,472890,472890,0.285575,1.463,19.8964,"Oct 25, 13",0.2712939424286779
2013-10-28,19.8623,20.5516,19.6948,20.5319,317907,317907,0.728707,3.68,20.1671,"Oct 28, 13",0.3180738515265902
2013-10-29,20.6205,21.0833,20.522,20.9652,331275,331275,0.433289,2.11,20.9052,"Oct 29, 13",0.34589014713812494
2013-10-30,21.0439,21.4083,20.9159,21.0242,296046,296046,0.059082,0.282,21.1387,"Oct 30, 13",0.3496777341242329
2013-10-31,21.0636,21.4477,20.9159,21.1424,325856,325856,0.118173,0.562,21.1816,"Oct 31, 13",0.3572657473743676
2013-11-01,21.0932,21.2704,20.847,21.2212,415080,415080,0.078779,0.373,21.179,"Nov 1, 13",0.36232442287445754
2013-11-04,21.231,22.0385,21.0341,21.9105,212966,212966,0.689317,3.248,21.7055,"Nov 4, 13",0.4065749942223249
2013-11-05,21.8514,22.0976,21.4674,21.7825,121800,121800,-0.128017,-0.584,21.8285,"Nov 5, 13",0.3983578563541586
2013-11-06,21.9893,22.0484,21.5855,21.7333,121799,121799,-0.049235,-0.226,21.8114,"Nov 6, 13",0.3951993939860823
2013-11-07,21.8416,22.0754,21.3888,21.6643,260823,260823,-0.068932,-0.317,21.6468,"Nov 7, 13",0.3907698431040239
2013-11-08,21.6545,22.5014,21.4772,22.265,235032,235032,0.600695,2.773,22.1234,"Nov 8, 13",0.42933261433376996
2013-11-11,22.265,22.4521,21.9302,22.2256,108927,108927,-0.039391,-0.177,22.2362,"Nov 11, 13",0.42680327658372497
2013-11-12,22.2158,22.3044,21.8416,22.0484,180021,180021,-0.177255,-0.798,22.1009,"Nov 12, 13",0.41542767634748234
2013-11-13,21.8514,22.2847,21.556,22.2158,274779,274779,0.167405,0.759,21.9609,"Nov 13, 13",0.4261741519656936
2013-11-14,22.1567,22.4029,21.8613,21.9105,279335,279335,-0.30527,-1.374,22.0781,"Nov 14, 13",0.4065749942223249
2013-11-15,21.8514,22.137,21.8061,22.0681,136546,136546,0.157559,0.719,22.0052,"Nov 15, 13",0.4166923452225048
2013-11-18,22.1173,22.137,21.4083,21.5954,209341,209341,-0.472677,-2.142,21.7013,"Nov 18, 13",0.38634671186092506
2013-11-19,21.6643,21.9204,21.4674,21.881,160090,160090,0.285578,1.322,21.6956,"Nov 19, 13",0.40468120072927105
2013-11-20,21.9105,21.9991,21.4772,21.684,145711,145711,-0.196949,-0.9,21.7272,"Nov 20, 13",0.39203451197904643
2013-11-21,21.7136,22.0582,21.6348,21.9794,133046,133046,0.295421,1.362,21.9334,"Nov 21, 13",0.41099812546542375
2013-11-22,21.9696,22.0385,21.6643,21.8317,116288,116288,-0.147711,-0.672,21.7846,"Nov 22, 13",0.4015163187222352
2013-11-25,21.8416,21.9991,21.7234,21.7628,99412,99412,-0.06893,-0.316,21.8617,"Nov 25, 13",0.39709318747913613
2013-11-26,21.7333,22.0484,21.7333,21.9302,126574,126574,0.167404,0.769,21.9315,"Nov 26, 13",0.4078396630973474
2013-11-27,21.8908,21.9302,21.6643,21.8416,113265,113265,-0.088626,-0.404,21.7854,"Nov 27, 13",0.40215186297922606
2013-11-29,21.8613,22.4324,21.8613,22.0582,61677,61677,0.216645,0.992,22.1196,"Nov 29, 13",0.41605680096551373
2013-12-02,21.9991,22.1763,21.7333,22.0188,130542,130542,-0.039392,-0.179,21.9284,"Dec 2, 13",0.41352746321546874
2013-12-03,21.9204,22.2158,21.9204,22.0681,287201,287201,0.049237,0.224,22.0692,"Dec 3, 13",0.4166923452225048
2013-12-04,21.9204,22.0976,21.2704,21.5068,181829,181829,-0.5613,-2.543,21.5649,"Dec 4, 13",0.38065891174280353
2013-12-05,21.5265,21.9302,21.3335,21.6742,63577,63577,0.167404,0.778,21.7507,"Dec 5, 13",0.3914053873610148
2013-12-06,21.7136,22.0976,21.6427,21.6742,153737,153737,0,0,21.7749,"Dec 6, 13",0.3914053873610148
2013-12-09,21.6446,21.8859,21.5659,21.8219,85955,85955,0.147712,0.682,21.7244,"Dec 9, 13",0.4008871941042036
2013-12-10,21.7234,21.9499,21.2212,21.2803,164979,164979,-0.541609,-2.482,21.4378,"Dec 10, 13",0.366118429499525
2013-12-11,21.3295,21.6052,20.7495,20.975,143536,143536,-0.305271,-1.435,21.029,"Dec 11, 13",0.34651927175615654
2013-12-12,20.9553,21.1818,20.8568,21.0833,117233,117233,0.108324,0.516,21.0594,"Dec 12, 13",0.3534717407493004
2013-12-13,21.0833,21.5166,21.0045,21.4181,110973,110973,0.33481,1.588,21.3297,"Dec 13, 13",0.3749646919857227
2013-12-16,21.4477,21.4969,20.9258,21.103,248299,248299,-0.315116,-1.471,21.058,"Dec 16, 13",0.35473640962432285
2013-12-17,21.103,21.103,20.5811,20.975,196505,196505,-0.128018,-0.607,20.82,"Dec 17, 13",0.34651927175615654
2013-12-18,20.975,21.4378,20.8962,21.2507,147543,147543,0.275728,1.315,21.1492,"Dec 18, 13",0.36421821636751145
2013-12-19,21.2606,21.6151,21.1327,21.428,113784,113784,0.177256,0.834,21.4427,"Dec 19, 13",0.3756002362427138
2013-12-20,21.5068,21.9204,21.231,21.6249,410858,410858,0.196946,0.919,21.6129,"Dec 20, 13",0.38824050535397897
2013-12-23,21.6643,21.9302,21.2803,21.753,199261,199261,0.12802,0.592,21.6544,"Dec 23, 13",0.39646406286110475
2013-12-24,21.8317,22.4915,21.8317,22.3832,84335,84335,0.630233,2.897,22.2991,"Dec 24, 13",0.43692062758390465
2013-12-26,22.5211,22.7475,22.1764,22.7377,98258,98258,0.354508,1.584,22.7791,"Dec 26, 13",0.45967824769534965
2013-12-27,22.8362,22.8756,22.3143,22.5604,128183,128183,-0.177254,-0.78,22.5259,"Dec 27, 13",0.44829622782014755
2013-12-30,22.6097,22.8165,22.3241,22.6195,67457,67457,0.059084,0.262,22.6133,"Dec 30, 13",0.45209023444521473
2013-12-31,22.5924,23.0555,22.3954,22.8683,143535,143535,0.248779,1.1,22.778,"Dec 31, 13",0.46806229617646317
2014-01-02,22.8683,22.9077,22.4742,22.5629,126383,126383,-0.305438,-1.336,22.642,"Jan 2, 14",0.448456718794135
2014-01-03,22.5333,22.6121,22.1491,22.3363,121166,121166,-0.226614,-1.004,22.3479,"Jan 3, 14",0.433909816911897
2014-01-06,22.4742,22.4742,21.8436,21.883,163782,163782,-0.453226,-2.029,21.9625,"Jan 6, 14",0.4048095935084611
2014-01-07,21.9027,22.2515,21.6663,22.1885,127212,127212,0.305433,1.396,22.12,"Jan 7, 14",0.4244215905297487
2014-01-08,22.1096,22.2082,21.8929,21.9914,154983,154983,-0.197054,-0.888,22.009,"Jan 8, 14",0.4117684821405644
2014-01-09,22.0604,22.4939,21.8436,22.4742,151129,151129,0.482784,2.195,22.2476,"Jan 9, 14",0.44276249903705417
2014-01-10,22.5432,22.6811,22.2968,22.5629,80258,80258,0.088677,0.395,22.48,"Jan 10, 14",0.448456718794135
2014-01-13,22.4446,22.4446,21.6761,21.7845,84605,84605,-0.778369,-3.45,21.5169,"Jan 13, 14",0.39848624913334885
2014-01-14,21.8929,22.1983,21.8436,22.1293,66356,66356,0.344847,1.583,22.0583,"Jan 14, 14",0.42062116426572177
2014-01-15,22.1293,22.9373,22.0505,22.8387,141440,141440,0.709399,3.206,22.668,"Jan 15, 14",0.46616208304444956
2014-01-16,22.8387,24.1393,22.7304,23.6664,157699,157699,0.827635,3.624,23.5627,"Jan 16, 14",0.5192974347122717
2014-01-17,23.6861,24.0654,23.6467,23.9028,170782,170782,0.236466,0.999,23.8333,"Jan 17, 14",0.5344734612125414
2014-01-21,24.0802,25.3019,23.893,24.9275,391551,391551,1.0247,4.287,24.7218,"Jan 21, 14",0.6002555016305883
2014-01-22,24.9374,25.5778,24.2181,24.2378,261436,261436,-0.689694,-2.767,24.9915,"Jan 22, 14",0.5559792517268829
2014-01-23,23.7846,24.0211,22.8387,23.2033,197934,197934,-1.0345,-4.268,23.1921,"Jan 23, 14",0.4895680866908045
2014-01-24,22.9471,23.0407,21.9914,22.2574,326199,326199,-0.945867,-4.076,21.8123,"Jan 24, 14",0.42884472177284755
2014-01-27,22.2673,22.3757,21.6071,21.7254,228376,228376,-0.532051,-2.39,21.7928,"Jan 27, 14",0.3946922425082814
2014-01-28,21.7746,21.8535,21.1638,21.4298,296374,296374,-0.295584,-1.361,21.413,"Jan 28, 14",0.37571578974398484
2014-01-29,21.2919,21.2919,20.9864,21.016,280328,280328,-0.413817,-1.931,20.195,"Jan 29, 14",0.3491513237295534
2014-01-30,21.085,21.2327,20.9372,21.0357,128498,128498,0.019708,0.094,21.0616,"Jan 30, 14",0.35041599260457584
2014-01-31,20.6317,20.9273,19.8534,19.8829,298112,298112,-1.1528,-5.48,20.0906,"Jan 31, 14",0.2764103946794032
2014-02-03,19.8829,20.1342,19.075,19.272,258388,258388,-0.610871,-3.072,19.3115,"Feb 3, 14",0.23719282027578764
2014-02-04,19.2819,19.2819,18.74,19.0257,199681,199681,-0.24632,-1.278,18.8699,"Feb 4, 14",0.22138124951852714
2014-02-05,18.9863,19.2523,18.6316,19.1341,275907,275907,0.108378,0.57,19.0705,"Feb 5, 14",0.22834013815063045
2014-02-06,19.2622,19.4592,18.4887,18.8976,311129,311129,-0.236464,-1.236,18.9073,"Feb 6, 14",0.21315769201140136
2014-02-07,18.9075,18.9173,18.3459,18.3557,319471,319471,-0.541904,-2.868,18.5624,"Feb 7, 14",0.1783696684898441
2014-02-10,18.3459,18.7006,18.0897,18.6316,170368,170368,0.275879,1.503,18.4923,"Feb 10, 14",0.19608145237911817
2014-02-11,18.6316,18.9962,18.5823,18.7893,144192,144192,0.157645,0.846,18.7922,"Feb 11, 14",0.20620522301825756
2014-02-12,18.74,18.9075,18.5429,18.8287,275708,275708,0.03941,0.21,18.7519,"Feb 12, 14",0.20873456076830252
2014-02-13,18.7203,19.1144,18.7203,19.1045,92514,92514,0.275878,1.465,18.974,"Feb 13, 14",0.2264399250186171
2014-02-14,19.144,19.144,18.6907,18.8287,75874,75874,-0.275878,-1.444,18.824,"Feb 14, 14",0.20873456076830252
2014-02-18,18.809,19.1735,18.7695,19.0553,188114,188114,0.226615,1.204,19.0118,"Feb 18, 14",0.22328146265054052
2014-02-19,18.9567,19.272,18.671,18.7893,109770,109770,-0.266025,-1.396,18.9129,"Feb 19, 14",0.20620522301825756
2014-02-20,18.7794,19.1341,18.6415,19.0553,63564,63564,0.266025,1.416,18.9951,"Feb 20, 14",0.22328146265054052
2014-02-21,19.1144,19.3016,18.937,19.2129,211269,211269,0.157645,0.827,19.1594,"Feb 21, 14",0.2333988136507204
2014-02-24,19.2917,20.0406,19.2819,19.9026,211663,211663,0.689693,3.59,19.8628,"Feb 24, 14",0.2776750635544257
2014-02-25,19.9026,19.9814,19.2622,19.3213,175405,175405,-0.581314,-2.921,19.5855,"Feb 25, 14",0.24035770228282372
2014-02-26,19.2917,19.4494,19.1144,19.3804,123422,123422,0.059118,0.306,19.3006,"Feb 26, 14",0.24415170890789117
2014-02-27,19.2819,19.5085,19.075,19.4987,106842,106842,0.118233,0.61,19.3649,"Feb 27, 14",0.25174614179698535
2014-02-28,19.5479,19.5873,19.2917,19.5282,202169,202169,0.029558,0.152,19.4859,"Feb 28, 14",0.2536399352900392
2014-03-03,19.4198,19.5085,18.9784,19.1637,133043,133043,-0.36455,-1.867,19.2079,"Mar 3, 14",0.2302403512826438
2014-03-04,19.41,20.2869,19.3823,19.6662,208776,208776,0.50249,2.622,19.8151,"Mar 4, 14",0.2624990370541561
2014-03-05,19.5972,19.676,19.3213,19.5381,88974,88974,-0.128087,-0.651,19.4585,"Mar 5, 14",0.25427547954703034
2014-03-06,19.5085,19.6859,19.3509,19.5676,100866,100866,0.029559,0.151,19.5248,"Mar 6, 14",0.2561692730400842
2014-03-07,19.7253,19.9125,19.2267,19.8829,112321,112321,0.315287,1.611,19.7037,"Mar 7, 14",0.2764103946794032
2014-03-10,19.8632,20.346,19.8336,20.0011,153169,153169,0.118234,0.595,20.0289,"Mar 10, 14",0.2839984079295381
2014-03-11,20.0406,20.5036,19.5972,19.7351,130756,130756,-0.266025,-1.33,20.0684,"Mar 11, 14",0.26692216829725496
2014-03-12,19.5676,19.6662,19.3706,19.5578,138038,138038,-0.177351,-0.899,19.5258,"Mar 12, 14",0.2555401484220528
2014-03-13,19.676,19.6859,19.3115,19.4888,146517,146517,-0.068968,-0.353,18.1692,"Mar 13, 14",0.2511105975399945
2014-03-14,19.4198,19.6563,19.4198,19.4494,91126,91126,-0.039411,-0.202,19.5151,"Mar 14, 14",0.2485812597899495
2014-03-17,19.4789,19.607,19.1144,19.1735,146576,146576,-0.275877,-1.418,19.3419,"Mar 17, 14",0.23086947590067544
2014-03-18,19.1341,19.4691,19.0848,19.2523,168494,168494,0.07882,0.411,19.2398,"Mar 18, 14",0.23592815140076537
2014-03-19,19.1834,19.3681,18.937,19.1242,89600,89600,-0.128086,-0.665,18.9941,"Mar 19, 14",0.22770459389363934
2014-03-20,19.1045,19.2129,19.0159,19.1144,89533,89533,-0.009851,-0.052,19.1093,"Mar 20, 14",0.22707546927560798
2014-03-21,19.1144,19.5381,19.1144,19.2228,269718,269718,0.108381,0.567,18.3523,"Mar 21, 14",0.23403435790771127
2014-03-24,19.2326,19.3115,18.7203,19.0257,128433,128433,-0.197057,-1.025,19.044,"Mar 24, 14",0.22138124951852714
2014-03-25,19.1538,19.3312,18.6612,18.9173,89425,89425,-0.108379,-0.57,18.9279,"Mar 25, 14",0.21442236088642386
2014-03-26,19.0651,19.0651,18.3853,18.4543,93846,93846,-0.463081,-2.448,18.5803,"Mar 26, 14",0.18469943250391602
2014-03-27,18.4444,18.5232,18.0799,18.2474,121280,121280,-0.20691,-1.121,18.5501,"Mar 27, 14",0.17141719949670028
2014-03-28,18.2276,18.8878,18.1291,18.1981,97480,97480,-0.049264,-0.27,18.4349,"Mar 28, 14",0.16825231748966443
2014-03-31,18.3065,19.0553,18.3065,18.7893,165045,165045,0.591168,3.249,18.7609,"Mar 31, 14",0.20620522301825756
2014-04-01,18.9002,19.4819,18.841,19.4326,209669,209669,0.643307,3.424,19.2825,"Apr 1, 14",0.24750276044475267
2014-04-02,19.541,19.541,19.0678,19.3438,163198,163198,-0.088734,-0.457,19.3045,"Apr 2, 14",0.24180212104871238
2014-04-03,19.3044,19.3438,19.0283,19.2255,86833,86833,-0.118312,-0.612,19.1834,"Apr 3, 14",0.23420768815961795
2014-04-04,19.403,19.403,18.2987,18.5255,170014,170014,-0.700004,-3.641,18.5872,"Apr 4, 14",0.1892702154430836
2014-04-07,18.4861,18.5354,17.9438,18.1804,144591,144591,-0.345074,-1.863,18.167,"Apr 7, 14",0.16711604139383196
2014-04-08,18.2297,18.5649,18.1016,18.2987,113591,113591,0.11831,0.651,18.3225,"Apr 8, 14",0.17471047428292638
2014-04-09,18.3875,18.4565,18.0325,18.3776,125705,125705,0.078875,0.431,18.2903,"Apr 9, 14",0.1797755694219758
2014-04-10,18.2396,18.2396,17.2931,17.4016,202631,202631,-0.976066,-5.311,17.7432,"Apr 10, 14",0.11711989317720765
2014-04-11,17.2044,17.5297,16.8494,16.9382,121466,121466,-0.463383,-2.663,17.0424,"Apr 11, 14",0.08737128623886185
2014-04-14,17.0861,17.6678,16.5734,16.7706,182015,182015,-0.167608,-0.99,17.0295,"Apr 14, 14",0.07661197134273183
2014-04-15,16.8396,17.3523,16.3762,16.9086,159014,159014,0.138029,0.823,16.8815,"Apr 15, 14",0.0854710731068485
2014-04-16,17.0861,17.1156,16.6621,16.7016,107592,107592,-0.207043,-1.224,16.8992,"Apr 16, 14",0.07218242046067327
2014-04-17,16.7016,17.0072,16.5438,16.6917,95687,95687,-0.00986,-0.059,16.7126,"Apr 17, 14",0.0715468762036824
2014-04-21,16.7706,17.0959,16.6818,16.8987,152569,152569,0.207044,1.24,16.8713,"Apr 21, 14",0.08483552884985762
2014-04-22,16.9875,17.6776,16.9283,17.6185,133679,133679,0.719724,4.259,17.5052,"Apr 22, 14",0.131044090080374
2014-04-23,17.5889,17.6973,17.2044,17.3523,183895,183895,-0.266199,-1.511,17.4146,"Apr 23, 14",0.1139550111701718
2014-04-24,16.7114,16.9386,15.5924,15.9917,400598,400598,-1.3606,-7.841,16.2168,"Apr 24, 14",0.026609403487147902
2014-04-25,15.8438,16.0903,15.5875,15.8931,294206,294206,-0.098591,-0.617,15.8333,"Apr 25, 14",0.020279639473076098
2014-04-28,16.0114,16.1396,15.4396,15.8339,319293,319293,-0.059158,-0.372,15.7354,"Apr 28, 14",0.01647921320904915
2014-04-29,15.8537,15.9996,15.7531,15.8142,182413,182413,-0.019718,-0.125,15.8306,"Apr 29, 14",0.01521454433402666
2014-04-30,15.6959,15.8635,15.3508,15.5776,249804,249804,-0.236621,-1.496,15.5863,"Apr 30, 14",0.00002567855583807386
2014-05-01,15.5579,16.2086,15.2917,16.1889,319552,319552,0.611273,3.924,15.8523,"May 1, 14",0.039268931515291636
2014-05-02,16.1593,16.3663,15.8044,15.9621,129908,129908,-0.22676,-1.401,16.0407,"May 2, 14",0.024709190355134428
2014-05-05,15.8635,16.3269,15.8438,16.2184,154403,154403,0.256338,1.606,16.154,"May 5, 14",0.0411627250083455
2014-05-06,16.1001,16.2677,16.0114,16.1692,188327,188327,-0.049296,-0.304,16.1592,"May 6, 14",0.03800426264026915
2014-05-07,16.1494,16.3072,15.9818,16.1692,217905,217905,0,0,16.1088,"May 7, 14",0.03800426264026915
2014-05-08,16.1692,16.3959,16.11,16.2086,200771,200771,0.039436,0.244,16.2499,"May 8, 14",0.04053360039031412
2014-05-09,16.1494,16.5339,16.1297,16.4649,103024,103024,0.256341,1.582,16.4007,"May 9, 14",0.05698713504352519
2014-05-12,16.603,17.2931,16.4649,17.1945,194242,194242,0.729585,4.431,17.1649,"May 12, 14",0.10382482089207316
2014-05-13,17.1649,17.1748,16.7508,16.8001,165084,165084,-0.394371,-2.294,16.8603,"May 13, 14",0.0785057648357857
2014-05-14,16.741,16.741,16.4156,16.4551,180037,180037,-0.345073,-2.054,16.4972,"May 14, 14",0.05635801042549381
2014-05-15,16.4156,16.5142,15.9877,16.4748,271435,271435,0.019716,0.12,16.3299,"May 15, 14",0.057622679300516066
2014-05-16,16.4551,16.6128,15.9621,16.2283,117958,117958,-0.246478,-1.496,16.1848,"May 16, 14",0.041798269265336606
2014-05-19,16.1199,16.3368,16.0903,16.2677,113007,113007,0.039437,0.243,16.2354,"May 19, 14",0.044327607015381576
2014-05-20,16.1692,16.2677,15.7058,15.7255,337216,337216,-0.54226,-3.333,15.8056,"May 20, 14",0.009520324576945842
2014-05-21,15.8339,15.8339,15.4199,15.7551,143018,143018,0.029578,0.188,15.7094,"May 21, 14",0.011420537708959316
2014-05-22,15.7156,15.8537,15.6367,15.7748,300573,300573,0.019718,0.125,15.7589,"May 22, 14",0.012685206583981803
2014-05-23,15.8339,16.1199,15.7599,16.0607,112996,112996,0.285919,1.813,16.3309,"May 23, 14",0.03103895436920635
2014-05-27,16.2086,16.5832,16.0706,16.5635,240297,240297,0.502823,3.131,16.3734,"May 27, 14",0.06331689905759712
2014-05-28,16.5044,16.6128,16.2976,16.3368,75259,75259,-0.226766,-1.369,16.387,"May 28, 14",0.0487635775363994
2014-05-29,16.2973,16.5438,16.2579,16.3959,59188,59188,0.05916,0.362,16.4117,"May 29, 14",0.05255758416146686
2014-05-30,16.3269,16.4945,16.1199,16.2677,74464,74464,-0.128172,-0.782,16.2763,"May 30, 14",0.044327607015381576
2014-06-02,16.248,16.248,15.8537,15.8931,107454,107454,-0.374651,-2.303,15.9301,"Jun 2, 14",0.020279639473076098
2014-06-03,15.8931,15.8931,15.4396,15.7353,133139,133139,-0.157749,-0.993,15.7171,"Jun 3, 14",0.01014944919497734
2014-06-04,15.7353,15.8044,15.5086,15.7452,86952,86952,0.009858,0.063,15.7023,"Jun 4, 14",0.010784993451968329
2014-06-05,15.7748,16.2776,15.6663,16.248,100253,100253,0.502823,3.193,16.092,"Jun 5, 14",0.043062938140359094
2014-06-06,16.3959,16.6128,16.2383,16.3565,127964,127964,0.108451,0.667,16.3845,"Jun 6, 14",0.05002824641142189
2014-06-09,16.2776,16.6818,16.2613,16.4551,96797,96797,0.098593,0.603,16.4833,"Jun 9, 14",0.05635801042549381
2014-06-10,16.3466,16.4649,16.1889,16.4649,71582,71582,0.009859,0.06,16.4122,"Jun 10, 14",0.05698713504352519
2014-06-11,16.3368,16.5635,16.2973,16.3762,160341,160341,-0.088732,-0.539,16.4351,"Jun 11, 14",0.05129291528644438
2014-06-12,16.3762,16.4058,16.11,16.3269,75523,75523,-0.049298,-0.301,16.3195,"Jun 12, 14",0.048128033279408296
2014-06-13,16.3269,16.3959,15.972,16.2184,173429,173429,-0.108451,-0.664,16.2388,"Jun 13, 14",0.0411627250083455
2014-06-16,16.2086,16.5142,16.0706,16.1889,84831,84831,-0.029578,-0.182,16.2015,"Jun 16, 14",0.039268931515291636
2014-06-17,16.248,16.5734,16.2086,16.4846,136125,136125,0.295778,1.827,16.4511,"Jun 17, 14",0.05825180391854768
2014-06-18,16.5339,16.5339,16.179,16.5142,96745,96745,0.029576,0.179,16.4215,"Jun 18, 14",0.06015201705056104
2014-06-19,16.5734,16.7508,16.4353,16.5537,104688,104688,0.039439,0.239,16.5942,"Jun 19, 14",0.0626877744395655
2014-06-20,16.6424,16.7903,16.3269,16.7706,262381,262381,0.216902,1.31,16.6516,"Jun 20, 14",0.07661197134273183
2014-06-23,16.7706,16.8297,16.4649,16.6325,174883,174883,-0.138031,-0.823,16.6745,"Jun 23, 14",0.06774644993965545
2014-06-24,16.6424,16.9678,16.5389,16.9382,151226,151226,0.305639,1.838,16.8273,"Jun 24, 14",0.08737128623886185
2014-06-25,16.8593,17.4213,16.8199,17.4114,206966,206966,0.473242,2.794,17.113,"Jun 25, 14",0.11774901779523926
2014-06-26,17.3424,17.8058,17.2931,17.5002,213547,213547,0.088735,0.51,17.5659,"Jun 26, 14",0.12344965719127957
2014-06-27,17.3818,18.2593,17.2537,18.2396,549671,549671,0.739441,4.225,18.1701,"Jun 27, 14",0.17091646765785892
2014-06-30,18.279,18.4664,17.9241,18.1114,201220,201220,-0.128172,-0.703,18.1413,"Jun 30, 14",0.16268649051177364
2014-07-01,18.1928,18.9426,18.1928,18.4691,224632,224632,0.357635,1.975,18.6283,"Jul 1, 14",0.18564953906992282
2014-07-02,18.4395,18.6565,18.2816,18.5283,234943,234943,0.059197,0.321,18.436,"Jul 2, 14",0.18944996533394975
2014-07-03,18.6269,18.765,18.3803,18.4296,54955,54955,-0.09866,-0.532,18.5525,"Jul 3, 14",0.18311378168091835
2014-07-07,18.4296,18.4296,17.8179,17.8672,126152,126152,-0.562361,-3.051,17.9355,"Jul 7, 14",0.14700973217266267
2014-07-08,17.887,17.9264,17.4874,17.6896,220920,220920,-0.177585,-0.994,17.7274,"Jul 8, 14",0.13560845338058183
2014-07-09,17.7883,17.8672,17.4726,17.6403,234610,234610,-0.049329,-0.279,17.6494,"Jul 9, 14",0.13244357137354598
2014-07-10,17.2654,17.8228,17.2654,17.7587,217364,217364,0.118391,0.671,17.5628,"Jul 10, 14",0.14004442390159988
2014-07-11,17.6995,17.7686,17.3937,17.739,125067,125067,-0.019734,-0.111,17.6462,"Jul 11, 14",0.13877975502657738
2014-07-14,17.9067,17.9462,17.7094,17.7686,200008,200008,0.029597,0.167,17.7948,"Jul 14, 14",0.14067996815859074
2014-07-15,17.7784,17.7784,17.3246,17.6009,171775,171775,-0.16772,-0.944,17.547,"Jul 15, 14",0.12991423362350102
2014-07-16,17.6304,17.7094,17.4726,17.5811,225736,225736,-0.019731,-0.112,17.5875,"Jul 16, 14",0.12864314510951902
2014-07-17,17.4331,17.5713,17.2753,17.3443,335113,335113,-0.236782,-1.347,17.4049,"Jul 17, 14",0.11344144005341146
2014-07-18,17.2851,17.7982,17.1963,17.7587,302237,302237,0.41437,2.389,17.6288,"Jul 18, 14",0.14004442390159988
2014-07-21,17.66,17.66,17.3049,17.5318,149036,149036,-0.226916,-1.278,17.5081,"Jul 21, 14",0.1254782631024832
2014-07-22,17.6009,18.0152,17.5219,17.7291,291861,291861,0.197319,1.125,17.8097,"Jul 22, 14",0.1381442107695863
2014-07-23,17.6896,17.6896,17.1569,17.3443,221245,221245,-0.384773,-2.17,17.438,"Jul 23, 14",0.11344144005341146
2014-07-24,17.0286,17.0977,14.3155,14.7595,932521,932521,-2.5849,-14.903,14.853,"Jul 24, 14",-0.05249338777187173
2014-07-25,14.4832,14.8088,14.2663,14.7989,509120,509120,0.039463,0.267,14.5156,"Jul 25, 14",-0.04996405002182676
2014-07-28,14.7891,14.8581,14.4832,14.8088,387083,387083,0.009865,0.067,14.6964,"Jul 28, 14",-0.04932850576483577
2014-07-29,14.7792,14.7989,14.3648,14.4339,324216,324216,-0.374903,-2.532,14.4976,"Jul 29, 14",-0.07339573222401972
2014-07-30,14.7595,15.3021,14.7496,15.1442,365752,365752,0.710347,4.921,15.0906,"Jul 30, 14",-0.02779703669465628
2014-07-31,14.937,14.9962,14.7397,14.7693,297180,297180,-0.374906,-2.476,14.8786,"Jul 31, 14",-0.05186426315384023
2014-08-01,14.7693,14.9864,14.3352,14.4733,238803,238803,-0.295979,-2.004,14.4888,"Aug 1, 14",-0.07086639447397475
2014-08-04,14.5128,14.5128,13.9603,14.3352,254580,254580,-0.138125,-0.954,14.2539,"Aug 4, 14",-0.07973191587705102
2014-08-05,14.355,14.5819,14.2563,14.4733,123764,123764,0.138125,0.964,14.425,"Aug 5, 14",-0.07086639447397475
2014-08-06,14.4141,14.8187,14.4141,14.7792,159018,159018,0.305844,2.113,14.6327,"Aug 6, 14",-0.05122871889684925
2014-08-07,14.7989,14.8976,14.3451,14.4536,85039,85039,-0.325574,-2.203,14.5647,"Aug 7, 14",-0.07213106334899724
2014-08-08,14.4437,14.6411,14.3352,14.6016,126052,126052,0.147989,1.024,14.5303,"Aug 8, 14",-0.06262999768892998
2014-08-11,14.7299,15.0258,14.4931,14.9568,141975,141975,0.355171,2.432,14.8809,"Aug 11, 14",-0.03982744010476851
2014-08-12,14.8482,15.0456,14.6213,14.8779,135149,135149,-0.078924,-0.528,14.8313,"Aug 12, 14",-0.04489253524381783
2014-08-13,14.8976,15.4894,14.868,15.3711,161849,161849,0.493295,3.316,15.3393,"Aug 13, 14",-0.01323087589553959
2014-08-14,15.3514,15.4205,15.085,15.1245,68126,68126,-0.246648,-1.605,15.2174,"Aug 14, 14",-0.02906170556967877
2014-08-15,15.3317,15.4205,14.8779,15.1344,118773,118773,0.009864,0.065,15.1464,"Aug 15, 14",-0.02842616131268778
2014-08-18,15.2824,15.6671,15.2824,15.5093,99239,99239,0.374907,2.477,15.5221,"Aug 18, 14",-0.004358934853503829
2014-08-19,15.5685,16.0914,15.4895,16.0618,171781,171781,0.552496,3.562,15.9134,"Aug 19, 14",0.03110957039776097
2014-08-20,15.8842,16.0914,15.2824,15.5487,131799,131799,-0.51303,-3.194,15.5049,"Aug 20, 14",-0.0018295971034588568
2014-08-21,15.6079,15.7066,14.9568,15.3415,147604,147604,-0.207186,-1.332,15.3012,"Aug 21, 14",-0.015131089027553064
2014-08-22,15.3317,15.4402,14.9173,15.1146,146189,146189,-0.226916,-1.479,15.1,"Aug 22, 14",-0.029697249826669755
2014-08-25,15.1442,15.1936,14.868,14.9765,176036,176036,-0.138123,-0.914,15.0065,"Aug 25, 14",-0.03856277122974602
2014-08-26,15.0061,15.1442,14.9962,15.0949,154631,154631,0.11839,0.791,15.0653,"Aug 26, 14",-0.03096191870169213
2014-08-27,15.0752,15.1442,14.9765,15.0554,93855,93855,-0.039462,-0.261,15.0927,"Aug 27, 14",-0.03349767609069659
2014-08-28,15.016,15.0949,14.72,14.7693,142862,142862,-0.286114,-1.9,14.8913,"Aug 28, 14",-0.05186426315384023
2014-08-29,14.7496,15.1442,14.7101,15.1344,116075,116075,0.365038,2.472,15.0213,"Aug 29, 14",-0.02842616131268778
2014-09-02,15.1442,15.1936,14.7299,14.7792,190914,190914,-0.355173,-2.347,14.8857,"Sep 2, 14",-0.05122871889684925
2014-09-03,14.8581,14.8779,14.0294,14.0787,265913,265913,-0.700483,-4.74,14.3172,"Sep 3, 14",-0.09619828980818118
2014-09-04,14.1379,14.3056,13.8222,13.8715,188291,188291,-0.207183,-1.472,14.019,"Sep 4, 14",-0.1094997817322754
2014-09-05,13.8025,13.8814,13.4276,13.615,166298,166298,-0.256516,-1.849,13.5906,"Sep 5, 14",-0.12596615566340544
2014-09-08,13.6446,13.908,13.6347,13.8715,91725,91725,0.256516,1.884,13.7892,"Sep 8, 14",-0.1094997817322754
2014-09-09,13.8814,13.9406,13.4374,13.4572,93274,93274,-0.41437,-2.987,13.6055,"Sep 9, 14",-0.13609634594150422
2014-09-10,13.4966,13.5558,13.2993,13.3782,111125,111125,-0.07893,-0.587,13.3863,"Sep 10, 14",-0.14116786071951312
2014-09-11,13.2697,13.5163,13.2697,13.4572,79946,79946,0.07893,0.59,13.4026,"Sep 11, 14",-0.13609634594150422
2014-09-12,13.4177,13.4946,13.0132,13.1612,173482,173482,-0.29598,-2.199,13.1841,"Sep 12, 14",-0.15509847726163883
2014-09-15,13.171,13.1789,12.7863,12.8159,153803,153803,-0.345308,-2.624,12.8715,"Sep 15, 14",-0.1772654905888093
2014-09-16,12.806,12.8652,12.5594,12.806,114238,114238,-0.009864,-0.077,12.7436,"Sep 16, 14",-0.1779010348458003
2014-09-17,12.8257,12.8948,12.658,12.7468,121905,121905,-0.059195,-0.462,12.7462,"Sep 17, 14",-0.18170146110982713
2014-09-18,12.7764,12.9047,12.7073,12.8159,140814,140814,0.069059,0.542,12.788,"Sep 18, 14",-0.1772654905888093
2014-09-19,12.8257,12.9737,12.7764,12.8553,195856,195856,0.039465,0.308,12.8338,"Sep 19, 14",-0.17473615283876434
2014-09-22,12.7961,12.8849,12.7271,12.8356,119954,119954,-0.019732,-0.153,12.816,"Sep 22, 14",-0.17600082171378684
2014-09-23,12.7468,12.8159,12.441,12.4903,190244,190244,-0.34531,-2.69,12.6139,"Sep 23, 14",-0.1981678350409573
2014-09-24,12.4903,12.5298,12.3226,12.4212,125861,125861,-0.069059,-0.553,12.4028,"Sep 24, 14",-0.20260380556197513
2014-09-25,12.3719,12.4706,11.9279,12.145,146613,146613,-0.27625,-2.224,12.1385,"Sep 25, 14",-0.22033484836812778
2014-09-26,12.145,12.3522,11.9723,12.3423,166515,166515,0.197319,1.625,12.2114,"Sep 26, 14",-0.20766890070102456
2014-09-29,12.1647,12.2338,12.0661,12.1252,135102,135102,-0.21705,-1.759,12.1107,"Sep 29, 14",-0.22160593688210975
2014-09-30,12.0882,12.1524,11.6438,11.6635,328108,328108,-0.461701,-3.808,11.7838,"Sep 30, 14",-0.2512454099581439
2014-10-01,11.6142,11.9302,11.5055,11.7821,183729,183729,0.118511,1.016,11.7473,"Oct 1, 14",-0.2436317181521711
2014-10-02,11.7623,12.2067,11.705,12.1969,181047,181047,0.414793,3.521,11.9935,"Oct 2, 14",-0.21700305574814474
2014-10-03,12.5326,12.5326,11.9993,12.108,99679,99679,-0.088886,-0.729,12.1903,"Oct 3, 14",-0.22271011478314454
2014-10-06,12.0981,12.5425,12.0981,12.424,115796,115796,0.316032,2.61,12.389,"Oct 6, 14",-0.20242405567110908
2014-10-07,12.3746,12.5623,12.2067,12.2759,172796,172796,-0.14814,-1.192,12.3593,"Oct 7, 14",-0.2119315409701358
2014-10-08,12.2956,12.6906,12.2166,12.6413,177626,177626,0.365413,2.977,12.4329,"Oct 8, 14",-0.18847418021210488
2014-10-09,12.6018,12.6808,12.2067,12.3252,174113,174113,-0.316032,-2.5,12.316,"Oct 9, 14",-0.20876665896309984
2014-10-10,12.2561,12.9771,12.2462,12.3944,230017,230017,0.069131,0.561,12.5216,"Oct 10, 14",-0.20432426880312254
2014-10-13,12.3944,13.3326,12.3845,13.1943,183430,183430,0.799956,6.454,13.0897,"Oct 13, 14",-0.15297357676604265
2014-10-14,13.2635,13.5301,12.9573,13.0264,188461,188461,-0.167893,-1.272,13.2163,"Oct 14, 14",-0.16375215057905138
2014-10-15,12.898,13.3583,12.8882,13.2338,163890,163890,0.207399,1.592,13.1778,"Oct 15, 14",-0.15043781937703818
2014-10-16,13.0758,13.3326,12.8092,12.819,211299,211299,-0.414793,-3.134,13.0479,"Oct 16, 14",-0.17706648178106454
2014-10-17,13.0166,13.0166,12.424,12.4437,196939,196939,-0.375289,-2.928,12.6049,"Oct 17, 14",-0.20115938679608658
2014-10-20,12.4536,12.74,12.425,12.74,153902,153902,0.296281,2.381,12.6548,"Oct 20, 14",-0.18213799655907348
2014-10-21,12.7697,12.8783,12.6215,12.819,84282,84282,0.079008,0.62,12.7906,"Oct 21, 14",-0.17706648178106454
2014-10-22,12.8585,13.0067,12.74,12.7993,112543,112543,-0.019752,-0.154,12.8555,"Oct 22, 14",-0.17833115065608704
2014-10-23,12.4734,13.777,12.0487,12.9771,302321,302321,0.177767,1.389,13.1635,"Oct 23, 14",-0.16691703258608734
2014-10-24,14.0733,15.4263,13.8659,14.8535,440750,440750,1.8764,14.46,14.9312,"Oct 24, 14",-0.04645892714993703
2014-10-27,14.6658,15.4559,14.5276,15.0411,237961,237961,0.187645,1.263,15.1112,"Oct 27, 14",-0.03441568446190582
2014-10-28,15.0905,15.451,14.9819,15.3177,297775,297775,0.276528,1.838,15.3389,"Oct 28, 14",-0.016658963099915207
2014-10-29,15.3374,15.5547,14.7745,15.209,204194,204194,-0.108636,-0.709,15.1375,"Oct 29, 14",-0.0236371106488971
2014-10-30,16.3941,16.3941,15.6831,15.7917,130601,130601,0.582683,3.831,15.8759,"Oct 30, 14",0.013770125568138114
2014-10-31,15.9003,15.9695,15.3967,15.5152,363322,363322,-0.276527,-1.751,15.6217,"Oct 31, 14",-0.00398017615489301
2014-11-03,15.5547,15.5547,15.2584,15.4559,215567,215567,-0.059255,-0.382,15.4235,"Nov 3, 14",-0.007787022057879449
2014-11-04,15.367,15.93,15.367,15.851,156024,156024,0.395038,2.556,15.7651,"Nov 4, 14",0.017576971471124553
2014-11-05,15.93,16.0979,15.6732,15.7522,92289,92289,-0.098759,-0.623,15.8549,"Nov 5, 14",0.011234368179133652
2014-11-06,15.7621,16.2164,15.6831,16.167,127827,127827,0.414792,2.633,16.0243,"Nov 6, 14",0.03786303058316014
2014-11-07,16.1077,16.1077,15.3621,15.6041,150085,150085,-0.562931,-3.482,15.6883,"Nov 7, 14",0.0017268828801069035
2014-11-10,15.5744,16.0139,15.4362,15.9794,114691,114691,0.375286,2.405,15.8404,"Nov 10, 14",0.025819787895128815
2014-11-11,15.9201,16.1374,15.5448,15.8707,148915,148915,-0.108635,-0.68,15.8493,"Nov 11, 14",0.018841640346146923
2014-11-12,15.7522,16.3645,15.7522,16.325,123266,123266,0.454296,2.862,16.1287,"Nov 12, 14",0.04800606013917776
2014-11-13,16.3941,16.3941,15.6831,15.7917,130601,130601,-0.533305,-3.267,15.8759,"Nov 13, 14",0.013770125568138114
2014-11-14,15.8213,16.3448,15.6929,16.2361,133062,133062,0.444421,2.814,16.1844,"Nov 14, 14",0.04229900110417796
2014-11-17,16.1868,16.2953,15.3473,15.4164,97629,97629,-0.819708,-5.049,15.6133,"Nov 17, 14",-0.01032277944688391
2014-11-18,15.5152,15.7028,15.1695,15.4954,189462,189462,0.079008,0.512,15.4714,"Nov 18, 14",-0.005251264668874986
2014-11-19,15.4461,15.4461,14.814,14.8634,150239,150239,-0.632063,-4.079,14.9635,"Nov 19, 14",-0.045823382892946046
2014-11-20,14.814,15.3374,14.735,15.3078,105608,105608,0.444419,2.99,15.1147,"Nov 20, 14",-0.017294507356906196
2014-11-21,15.5843,15.6534,15.0313,15.1004,97613,97613,-0.207395,-1.355,15.2604,"Nov 21, 14",-0.030608838558919382
2014-11-24,15.0708,15.5152,15.0708,15.4658,112585,112585,0.365411,2.42,15.3659,"Nov 24, 14",-0.00715147780088846
2014-11-25,15.3868,15.6831,14.8732,15.13,148483,148483,-0.335786,-2.171,15.144,"Nov 25, 14",-0.028708625426905908
2014-11-26,15.1004,15.3374,14.9918,15.13,127329,127329,0,0,15.161,"Nov 26, 14",-0.028708625426905908
2014-11-28,15.1201,15.4461,14.9424,14.9424,72728,72728,-0.187642,-1.24,15.1432,"Nov 28, 14",-0.04075186811493724
2014-12-01,14.8239,15.6139,14.7844,15.3868,146616,146616,0.444421,2.974,15.3162,"Dec 1, 14",-0.012222992578897385
2014-12-02,15.4065,15.7522,15.4065,15.6534,119945,119945,0.266651,1.733,15.5962,"Dec 2, 14",0.004891764887142751
2014-12-03,15.6534,15.9991,15.4164,15.7325,98174,98174,0.079009,0.505,15.7946,"Dec 3, 14",0.009969699304111165
2014-12-04,15.6732,15.9497,15.3473,15.851,108760,108760,0.11851,0.753,15.7938,"Dec 4, 14",0.017576971471124553
2014-12-05,15.8411,16.2164,15.7423,15.8905,100597,100597,0.039504,0.249,15.9277,"Dec 5, 14",0.020112728860128902
2014-12-08,15.9201,16.3645,15.7917,15.9497,117603,117603,0.059258,0.373,16.087,"Dec 8, 14",0.02391315512415585
2014-12-09,15.8312,16.8583,15.7818,16.8386,124208,124208,0.888837,5.573,16.5199,"Dec 9, 14",0.08097732583519504
2014-12-10,16.8484,16.8484,16.2658,16.4732,178423,178423,-0.36541,-2.17,16.5036,"Dec 10, 14",0.057519965077164
2014-12-11,16.5719,17.0855,16.5571,16.7201,116066,116066,0.2469,1.499,16.7745,"Dec 11, 14",0.07337005366818165
2014-12-12,16.4633,16.7892,16.2164,16.2954,200461,200461,-0.424669,-2.54,16.4021,"Dec 12, 14",0.0461058470071644
2014-12-15,16.325,16.5127,16.088,16.1374,104653,104653,-0.158016,-0.97,16.2391,"Dec 15, 14",0.03596281745114655
2014-12-16,16.088,16.3448,15.8608,15.8806,121243,121243,-0.256775,-1.591,16.0733,"Dec 16, 14",0.019477184603137913
2014-12-17,15.9695,16.5522,15.7621,16.3941,151370,151370,0.513551,3.234,16.2815,"Dec 17, 14",0.052442030660195815
2014-12-18,16.483,16.6262,15.9003,16.1472,258671,258671,-0.246898,-1.506,16.2486,"Dec 18, 14",0.036591942069178165
2014-12-19,16.1472,16.5127,16.088,16.4139,328206,328206,0.26665,1.651,16.3269,"Dec 19, 14",0.05371311917417779
2014-12-22,16.7793,16.8188,16.2361,16.2954,101240,101240,-0.118512,-0.722,16.3861,"Dec 22, 14",0.0461058470071644
2014-12-23,16.4337,16.483,16.1374,16.3941,150378,150378,0.09876,0.606,16.3505,"Dec 23, 14",0.052442030660195815
2014-12-24,16.4139,16.7003,16.1966,16.5917,58603,58603,0.197521,1.205,16.5417,"Dec 24, 14",0.06512723724417739
2014-12-26,16.6015,16.8188,16.3546,16.5225,79210,79210,-0.069135,-0.417,16.6032,"Dec 26, 14",0.06068484708420007
2014-12-29,16.5225,16.9176,16.5028,16.8978,70841,70841,0.375291,2.271,16.802,"Dec 29, 14",0.08477775209922199
2014-12-30,16.9176,17.2435,16.6904,16.7299,75123,75123,-0.167893,-0.994,16.9416,"Dec 30, 14",0.07399917828621326
2014-12-31,16.8016,17.3155,16.5446,16.5644,92210,92210,-0.165543,-0.99,16.8574,"Dec 31, 14",0.06337467580823253
2015-01-02,16.6435,16.7028,15.8923,16.1196,100216,100216,-0.444749,-2.685,16.1994,"Jan 2, 15",0.0348201217163546
2015-01-05,16.0603,16.3667,15.665,15.8133,162958,162958,-0.306384,-1.901,15.9581,"Jan 5, 15",0.015156767583391137
2015-01-06,15.8528,16.1098,15.2499,15.8528,153420,153420,0.039535,0.25,15.8104,"Jan 6, 15",0.0176925249723956
2015-01-07,15.8923,16.0208,15.5266,15.8133,119293,119293,-0.039535,-0.249,15.7464,"Jan 7, 15",0.015156767583391137
2015-01-08,15.9417,16.347,15.8133,16.1691,142302,142302,0.3558,2.25,16.0648,"Jan 8, 15",0.03799784300130966
2015-01-09,16.1196,16.2481,15.8231,15.9121,98657,98657,-0.256964,-1.589,15.9734,"Jan 9, 15",0.021499370875382038
2015-01-12,15.8923,16.0505,15.6749,15.9319,115873,115873,0.019768,0.124,15.8847,"Jan 12, 15",0.022770459389364017
2015-01-13,16.0603,16.4063,15.6452,15.8528,92942,92942,-0.079069,-0.496,15.9022,"Jan 13, 15",0.0176925249723956
2015-01-14,15.6551,15.833,15.4179,15.5563,93586,93586,-0.296496,-1.87,15.5598,"Jan 14, 15",-0.0013417045425364797
2015-01-15,15.5662,15.5958,14.9139,14.9139,111961,111961,-0.642414,-4.13,15.1023,"Jan 15, 15",-0.04258146521839609
2015-01-16,14.8249,15.1412,14.7953,14.8249,167312,167312,-0.08895,-0.596,14.8874,"Jan 16, 15",-0.048294943892355495
2015-01-20,14.7755,14.8348,14.3011,14.5087,141093,141093,-0.316266,-2.133,14.5083,"Jan 20, 15",-0.06859384228231007
2015-01-21,14.4691,14.5185,14.1627,14.311,131374,131374,-0.197666,-1.362,14.3246,"Jan 21, 15",-0.08128546850525124
2015-01-22,14.3901,14.9238,14.311,14.8249,423243,423243,0.513932,3.591,14.6238,"Jan 22, 15",-0.048294943892355495
2015-01-23,14.904,15.1807,14.4247,14.5581,193715,193715,-0.266852,-1.8,14.7287,"Jan 23, 15",-0.06542254063631461
2015-01-26,14.5087,14.6371,14.1924,14.479,165401,165401,-0.079063,-0.543,14.4743,"Jan 26, 15",-0.07050047505328302
2015-01-27,14.2715,14.7261,14.2715,14.4889,91987,91987,0.009882,0.068,14.5419,"Jan 27, 15",-0.06986493079629204
2015-01-28,14.5087,14.7557,14.1627,14.5482,282643,282643,0.059301,0.409,14.5785,"Jan 28, 15",-0.0660580848933056
2015-01-29,14.479,14.8249,14.3703,14.8249,85013,85013,0.276732,1.902,14.6125,"Jan 29, 15",-0.048294943892355495
2015-01-30,14.6767,14.7953,14.2616,14.479,194752,194752,-0.345915,-2.333,14.4677,"Jan 30, 15",-0.07050047505328302
2015-02-02,14.4988,14.7953,14.2848,14.7261,208279,208279,0.247079,1.706,14.5451,"Feb 2, 15",-0.05463754718434628
2015-02-03,14.7953,15.0521,14.5482,14.6569,109164,109164,-0.069181,-0.47,14.7004,"Feb 3, 15",-0.05907993734432371
2015-02-04,14.5778,15.0226,14.5778,14.9238,136163,136163,0.266848,1.821,14.8738,"Feb 4, 15",-0.0419459209614051
2015-02-05,15.3191,19.2032,15.3191,17.6911,1049443,1049443,2.7673,18.543,17.7757,"Feb 5, 15",0.1357047479649744
2015-02-06,17.6021,17.7701,16.3964,16.6237,414855,414855,-1.0674,-6.034,16.9345,"Feb 6, 15",0.06718152171121897
2015-02-09,16.4656,16.9103,16.2284,16.2481,178295,178295,-0.375563,-2.259,16.5368,"Feb 9, 15",0.043069357779318584
2015-02-10,16.2975,17.0882,16.0505,16.8806,205820,205820,0.632528,3.893,16.7836,"Feb 10, 15",0.0836735741981872
2015-02-11,16.8609,17.0289,16.594,16.683,135698,135698,-0.197664,-1.171,16.743,"Feb 11, 15",0.0709883676142054
2015-02-12,16.8214,17.108,16.6336,16.7818,118287,118287,0.098834,0.592,16.8472,"Feb 12, 15",0.0773309709061963
2015-02-13,16.8214,17.1179,16.7126,16.9301,111814,111814,0.148247,0.883,16.9483,"Feb 13, 15",0.08685129548314204
2015-02-17,16.9894,17.2661,16.683,16.8214,118920,118920,-0.108714,-0.642,16.948,"Feb 17, 15",0.07987314793416025
2015-02-18,16.7719,17.3946,16.7512,17.3254,97227,97227,0.504048,2.996,17.2268,"Feb 18, 15",0.1122281282900649
2015-02-19,17.2957,17.7306,17.2266,17.7108,108894,108894,0.385447,2.225,17.6071,"Feb 19, 15",0.1369694168399969
2015-02-20,17.7603,18.1655,17.5329,17.869,187450,187450,0.158131,0.893,17.8357,"Feb 20, 15",0.1471252856739337
2015-02-23,17.7998,18.2544,17.7701,17.8591,139329,139329,-0.009882,-0.055,17.9281,"Feb 23, 15",0.14648974141694285
2015-02-24,17.8196,18.4422,17.8196,18.3038,132498,132498,0.44475,2.49,18.2661,"Feb 24, 15",0.17503787586986105
2015-02-25,18.4343,18.6003,18.1951,18.3631,172144,172144,0.059296,0.324,18.4233,"Feb 25, 15",0.1788447217728475
2015-02-26,18.3137,18.798,18.2941,18.5707,79899,79899,0.20755,1.13,18.5526,"Feb 26, 15",0.19217189225277967
2015-02-27,18.6003,18.9957,18.462,18.7486,132407,132407,0.177899,0.958,18.7746,"Feb 27, 15",0.20359242996173899
2015-03-02,18.9957,20.1125,18.9957,19.48,271870,271870,0.731364,3.901,19.5179,"Mar 2, 15",0.250545669311558
2015-03-03,19.3021,19.4977,18.6696,18.8178,129518,129518,-0.66218,-3.399,18.8882,"Mar 3, 15",0.20803482012171629
2015-03-04,18.6695,18.9186,18.546,18.7782,212253,212253,-0.039533,-0.21,18.7235,"Mar 4, 15",0.20549264309375234
2015-03-05,18.7782,18.9561,18.7367,18.9265,86159,86159,0.148248,0.789,18.8271,"Mar 5, 15",0.2150129676706983
2015-03-06,18.6893,18.9463,18.5905,18.6201,124953,124953,-0.306379,-1.619,18.7207,"Mar 6, 15",0.19534319389877522
2015-03-09,18.6201,19.0253,18.3631,18.8277,95548,95548,0.207547,1.115,18.7556,"Mar 9, 15",0.2086703643787074
2015-03-10,18.5905,19.134,18.4906,18.9759,111378,111378,0.148251,0.787,18.9202,"Mar 10, 15",0.21818426931669363
2015-03-11,18.9561,19.2329,18.6201,18.7585,150000,150000,-0.217435,-1.146,18.8961,"Mar 11, 15",0.20422797421873007
2015-03-12,18.8771,19.2329,18.5015,18.966,172279,172279,0.207549,1.106,18.8039,"Mar 12, 15",0.21754872505970274
2015-03-13,18.966,18.9759,18.3038,18.7585,105795,105795,-0.207549,-1.094,18.6789,"Mar 13, 15",0.20422797421873007
2015-03-16,18.8178,19.0451,18.3236,18.373,168152,168152,-0.385448,-2.055,18.4669,"Mar 16, 15",0.1794802660298386
2015-03-17,18.3434,18.4323,18.0271,18.3928,150884,150884,0.019767,0.108,18.2655,"Mar 17, 15",0.18075135454382057
2015-03-18,18.294,18.6745,18.1852,18.4817,171073,171073,0.088948,0.484,18.4445,"Mar 18, 15",0.18645841357882037
2015-03-19,18.4916,19.1933,18.4916,19.0747,69196,69196,0.593,3.209,18.95,"Mar 19, 15",0.22452687260868454
2015-03-20,19.223,19.4601,18.8968,19.0846,182886,182886,0.009881,0.052,19.1221,"Mar 20, 15",0.2251624168656754
2015-03-23,19.2428,19.6233,19.0451,19.4503,91696,91696,0.365682,1.916,19.4102,"Mar 23, 15",0.24863903654058492
2015-03-24,19.3811,19.7666,19.3614,19.5393,107676,107676,0.088952,0.457,19.5461,"Mar 24, 15",0.25435251521454444
2015-03-25,19.5294,19.6776,19.4108,19.4898,135004,135004,-0.049419,-0.253,19.5056,"Mar 25, 15",0.25117479392958936
2015-03-26,19.4108,19.648,19.2131,19.2823,182211,182211,-0.207548,-1.065,19.3366,"Mar 26, 15",0.23785404308861668
2015-03-27,19.2526,19.2724,18.5905,18.6992,77871,77871,-0.583113,-3.024,18.7759,"Mar 27, 15",0.20042112831574363
2015-03-30,18.7288,18.9743,18.6794,18.7189,134620,134620,0.019767,0.106,18.7945,"Mar 30, 15",0.20168579719076613
2015-03-31,18.7016,19.2159,18.4742,19.1961,174452,174452,0.477185,2.549,18.9498,"Mar 31, 15",0.23232031430552358
2015-04-01,19.1071,19.3247,18.6423,18.9192,136986,136986,-0.276918,-1.443,18.9006,"Apr 1, 15",0.21454433402665438
2015-04-02,18.9093,19.3643,18.7926,19.2555,135477,135477,0.336256,1.777,19.2442,"Apr 2, 15",0.23613357984746952
2015-04-06,19.0774,19.5818,19.0774,19.384,176539,176539,0.128567,0.668,19.3806,"Apr 6, 15",0.24438281591043326
2015-04-07,19.295,19.4829,19.2654,19.3741,106768,106768,-0.00989,-0.051,19.3638,"Apr 7, 15",0.24374727165344215
2015-04-08,19.2654,19.6906,19.2654,19.5225,55563,55563,0.148347,0.766,19.5116,"Apr 8, 15",0.2532740158693476
2015-04-09,19.4138,20.0368,19.3643,19.8884,93933,93933,0.365921,1.874,19.7773,"Apr 9, 15",0.2767634748221761
2015-04-10,20.0269,20.0763,19.8489,19.9873,142671,142671,0.0989,0.497,19.9342,"Apr 10, 15",0.28311249775312647
2015-04-13,19.928,20.3532,19.928,20.1357,63612,63612,0.148347,0.742,20.2017,"Apr 13, 15",0.2926392419690317
2015-04-14,20.1752,20.1752,19.8093,19.9082,97800,97800,-0.227466,-1.13,19.9477,"Apr 14, 15",0.27803456333615806
2015-04-15,19.9082,19.9774,19.7302,19.7697,80017,80017,-0.138458,-0.695,19.8133,"Apr 15, 15",0.2691433633772437
2015-04-16,19.6906,19.9774,19.5324,19.5423,65577,65577,-0.227463,-1.151,19.6532,"Apr 16, 15",0.25454510438332956
2015-04-17,19.4236,19.6412,19.206,19.3346,99519,99519,-0.207686,-1.063,19.3327,"Apr 17, 15",0.24121151426443768
2015-04-20,19.384,19.6412,19.2555,19.4434,89888,89888,0.108785,0.563,19.395,"Apr 20, 15",0.24819608145237917
2015-04-21,19.5225,19.6214,19.3346,19.3445,55095,55095,-0.098898,-0.509,19.4729,"Apr 21, 15",0.2418470585214288
2015-04-22,19.3346,19.6313,19.295,19.5818,89940,89940,0.237354,1.227,19.5391,"Apr 22, 15",0.257080861772334
2015-04-23,21.3125,21.3323,19.9973,20.3137,586777,586777,0.731848,3.737,20.314,"Apr 23, 15",0.3040661993169505
2015-04-24,20.3928,21.1246,20.2049,20.4521,291296,291296,0.138457,0.682,20.4093,"Apr 24, 15",0.3129509796369054
2015-04-27,20.6203,20.7686,20.2247,20.3335,245999,245999,-0.118676,-0.58,20.3628,"Apr 27, 15",0.3053372878309325
2015-04-28,20.3829,20.9071,20.2543,20.8181,262070,262070,0.4846,2.383,20.6594,"Apr 28, 15",0.33644685822869336
2015-04-29,20.6499,20.8279,20.2148,20.2444,145574,145574,-0.573608,-2.755,20.4271,"Apr 29, 15",0.2996173895180135
2015-04-30,20.0664,20.2741,19.7697,19.8489,362239,362239,-0.395593,-1.954,19.9756,"Apr 30, 15",0.27422771743317165
2015-05-01,19.8884,20.2939,19.8884,20.2148,514281,514281,0.365924,1.844,20.0552,"May 1, 15",0.2977171763860001
2015-05-04,20.1851,20.8082,20.1752,20.5016,147363,147363,0.286802,1.419,20.4825,"May 4, 15",0.3161287009218602
2015-05-05,20.5115,20.6796,19.9675,20.0862,140371,140371,-0.415371,-2.026,20.1391,"May 5, 15",0.2894615206840769
2015-05-06,20.2444,20.3335,19.8785,20.1752,128745,128745,0.089008,0.443,20.0445,"May 6, 15",0.29517499935803615
2015-05-07,20.1357,20.6203,19.9379,20.2642,92346,92346,0.089008,0.441,20.3608,"May 7, 15",0.3008884780319955
2015-05-08,20.5411,20.7192,20.0071,20.1456,96762,96762,-0.118676,-0.586,20.2728,"May 8, 15",0.2932747862260228
2015-05-11,20.2346,20.4225,19.928,19.9774,114772,114772,-0.168128,-0.835,20.0885,"May 11, 15",0.2824769534961354
2015-05-12,20.0071,20.0071,19.6807,19.839,118298,118298,-0.138459,-0.693,19.8109,"May 12, 15",0.2735921731761805
2015-05-13,19.9675,19.9675,19.5917,19.7796,127269,127269,-0.059336,-0.299,19.7476,"May 13, 15",0.2697789076342346
2015-05-14,19.7796,20.2939,19.7104,20.284,74079,74079,0.504378,2.55,20.0219,"May 14, 15",0.3021595665459774
2015-05-15,20.2247,21.629,20.1357,21.3818,160181,160181,1.0978,5.412,21.1039,"May 15, 15",0.3726343630434224
2015-05-18,21.3917,21.6389,20.9268,21.5103,130514,130514,0.128567,0.601,21.3836,"May 18, 15",0.38088359910638636
2015-05-19,21.5796,21.7378,20.9466,21.1345,183643,183643,-0.375812,-1.747,21.1381,"May 19, 15",0.3567585958965668
2015-05-20,21.2532,21.7378,20.8774,21.5202,146265,146265,0.385702,1.825,21.3737,"May 20, 15",0.3815191433633772
2015-05-21,21.5796,21.6963,21.1345,21.1741,101820,101820,-0.346142,-1.608,21.2464,"May 21, 15",0.3593007729245307
2015-05-22,21.0455,21.1988,20.6994,20.9367,93623,93623,-0.237358,-1.121,20.9262,"May 22, 15",0.344060550034666
2015-05-26,20.7884,20.7884,20.551,20.64,245177,245177,-0.296692,-1.417,20.6606,"May 26, 15",0.32501348124181506
2015-05-27,20.7291,20.9565,20.4917,20.9268,63846,63846,0.286802,1.39,20.8263,"May 27, 15",0.3434250057776751
2015-05-28,20.9763,21.451,20.8774,21.3917,91480,91480,0.464822,2.221,21.2455,"May 28, 15",0.3732699073004135
2015-05-29,21.3224,21.5994,21.1741,21.4906,215838,215838,0.098897,0.462,21.4234,"May 29, 15",0.3796189302313639
2015-06-01,21.5499,21.8268,21.2829,21.8268,96498,96498,0.336255,1.565,21.7058,"Jun 1, 15",0.40120175641321926
2015-06-02,21.6785,22.351,21.5202,22.3213,224213,224213,0.494492,2.266,21.9725,"Jun 2, 15",0.43294687106797125
2015-06-03,22.4103,22.4894,22.1334,22.4598,180980,180980,0.138455,0.62,22.3443,"Jun 3, 15",0.4418380710268856
2015-06-04,22.4993,22.5191,21.9356,22.0246,285989,285989,-0.435151,-1.937,22.1274,"Jun 4, 15",0.4138998022751201
2015-06-05,22.0543,22.4598,21.6884,22.4499,105846,105846,0.425262,1.931,22.2574,"Jun 5, 15",0.44120252676989447
2015-06-08,22.4894,22.7762,22.3015,22.3411,236848,236848,-0.108788,-0.485,22.4515,"Jun 8, 15",0.4342179595819532
2015-06-09,22.2817,22.5883,21.9752,22.2422,103457,103457,-0.098897,-0.443,22.1776,"Jun 9, 15",0.42786893665100284
2015-06-10,22.2916,23.3103,22.173,23.2114,467363,467363,0.969201,4.357,22.5936,"Jun 10, 15",0.49008807744652455
2015-06-11,23.2312,23.3301,22.6477,22.7861,101811,101811,-0.425263,-1.832,22.8615,"Jun 11, 15",0.4627853529517501
2015-06-12,22.7466,22.7466,22.0147,22.1927,125765,125765,-0.593388,-2.604,22.2669,"Jun 12, 15",0.42469121536604776
2015-06-15,21.9949,22.5389,21.718,22.4993,122750,122750,0.306585,1.381,22.3209,"Jun 15, 15",0.44437382841589
2015-06-16,22.4202,22.5587,21.8566,22.5191,102257,102257,0.019777,0.088,22.3542,"Jun 16, 15",0.445644916929872
2015-06-17,22.6378,22.6872,22.3312,22.44,63640,63640,-0.079116,-0.351,22.4934,"Jun 17, 15",0.4405669825129036
2015-06-18,22.4697,22.618,22.3757,22.4993,128871,128871,0.059339,0.264,22.5005,"Jun 18, 15",0.44437382841589
2015-06-19,22.3609,22.5686,22.2125,22.3114,538591,538591,-0.187908,-0.835,22.2768,"Jun 19, 15",0.4323113268109801
2015-06-22,22.4202,22.9839,22.351,22.6971,149867,149867,0.385703,1.729,22.7484,"Jun 22, 15",0.4570718742777906
2015-06-23,22.7466,22.7565,22.2916,22.44,54116,54116,-0.257134,-1.133,22.456,"Jun 23, 15",0.4405669825129036
2015-06-24,22.2521,22.5686,22.1136,22.1631,99418,99418,-0.276915,-1.234,22.2685,"Jun 24, 15",0.42279100223403443
2015-06-25,22.3213,22.351,21.9949,22.2224,73895,73895,0.059338,0.268,22.1769,"Jun 25, 15",0.42659784813702084
2015-06-26,22.2026,22.262,21.8466,22.1136,229929,229929,-0.108786,-0.49,22.0786,"Jun 26, 15",0.41961328094907957
2015-06-29,21.9257,22.1828,21.7873,21.807,194569,194569,-0.306587,-1.386,21.962,"Jun 29, 15",0.3999306678992373
2015-06-30,21.8788,21.9777,21.3543,21.4038,160504,160504,-0.403237,-1.849,21.4816,"Jun 30, 15",0.3740466836145136
2015-07-01,21.5127,21.9876,21.3048,21.3345,97634,97634,-0.069265,-0.324,21.4997,"Jul 1, 15",0.36959787381557657
2015-07-02,21.2851,21.4137,20.6616,20.8398,132743,132743,-0.494771,-2.319,20.85,"Jul 2, 15",0.33783991988290585
2015-07-06,20.632,21.2257,20.6023,21.1465,130754,130754,0.306757,1.472,20.9154,"Jul 6, 15",0.3575289525717074
2015-07-07,21.2455,21.2455,20.4835,20.8101,115571,115571,-0.336444,-1.591,20.7838,"Jul 7, 15",0.33593328711193277
2015-07-08,20.6913,20.8398,20.058,20.1669,154760,154760,-0.643202,-3.091,20.3257,"Jul 8, 15",0.29464216932439713
2015-07-09,20.434,20.632,19.9789,20.157,147124,147124,-0.009895,-0.049,20.1974,"Jul 9, 15",0.29400662506740627
2015-07-10,20.3054,20.4464,20.1124,20.4044,165866,165866,0.247383,1.227,20.3546,"Jul 10, 15",0.30988881185322137
2015-07-13,20.434,21.0278,20.434,20.9189,94771,94771,0.514561,2.522,20.8468,"Jul 13, 15",0.34291785429987426
2015-07-14,20.9189,21.0871,20.8398,21.008,80299,80299,0.089063,0.426,21.0055,"Jul 14, 15",0.34863775261279306
2015-07-15,21.0575,21.1168,20.8596,20.9783,70814,70814,-0.029689,-0.141,20.9849,"Jul 15, 15",0.3467311198418202
2015-07-16,21.1069,21.1762,20.9288,20.9585,111282,111282,-0.01979,-0.094,21.0301,"Jul 16, 15",0.3454600313278382
2015-07-17,21.008,21.1069,20.8694,21.0179,83913,83913,0.05937,0.283,21.0148,"Jul 17, 15",0.34927329686978414
2015-07-20,21.097,21.097,20.5726,20.9288,91373,91373,-0.089057,-0.424,20.9157,"Jul 20, 15",0.3435533985568651
2015-07-21,20.9585,21.0773,20.7903,20.9783,122843,122843,0.049477,0.236,20.9467,"Jul 21, 15",0.3467311198418202
2015-07-22,21.0871,21.097,20.8793,20.9981,76515,76515,0.01979,0.094,21.0066,"Jul 22, 15",0.34800220835580215
2015-07-23,20.157,20.157,18.5539,18.5935,455025,455025,-2.4046,-11.451,18.9297,"Jul 23, 15",0.1936355699355468
2015-07-24,18.544,18.544,17.3269,17.505,366148,366148,-1.0885,-5.854,17.694,"Jul 24, 15",0.12375779986133577
2015-07-27,17.3764,17.5149,16.6639,16.9805,238859,238859,-0.524456,-2.996,16.9689,"Jul 27, 15",0.0900867935187325
2015-07-28,17.0201,17.4258,16.852,17.2081,230431,230431,0.227593,1.34,17.2191,"Jul 28, 15",0.10469789179056585
2015-07-29,17.218,17.317,16.7431,16.7431,108507,108507,-0.465083,-2.703,16.8796,"Jul 29, 15",0.07484657062886776
2015-07-30,16.6936,17.0399,16.4363,17.0102,143783,143783,0.267174,1.596,16.866,"Jul 30, 15",0.09199342628970557
2015-07-31,16.9805,17.1686,16.7381,16.8717,145152,145152,-0.138535,-0.814,16.9059,"Jul 31, 15",0.08310222633079123
2015-08-03,16.9212,17.1141,16.7233,16.8618,154118,154118,-0.009896,-0.059,16.8553,"Aug 3, 15",0.08246668207380013
2015-08-04,16.8519,17.2675,16.8519,17.2477,113819,113819,0.385922,2.289,17.1787,"Aug 4, 15",0.10724006881852957
2015-08-05,17.2774,17.7623,17.0894,17.505,143452,143452,0.257281,1.492,17.4281,"Aug 5, 15",0.12375779986133577
2015-08-06,17.5545,17.6732,17.218,17.317,118911,118911,-0.188012,-1.074,17.352,"Aug 6, 15",0.1116888786174666
2015-08-07,17.1488,17.3368,16.555,16.8717,122072,122072,-0.445295,-2.571,16.8472,"Aug 7, 15",0.08310222633079123
2015-08-10,16.9311,17.2972,16.9311,17.0003,98778,98778,0.128641,0.762,17.0027,"Aug 10, 15",0.09135788203271447
2015-08-11,16.842,17.0548,16.6639,16.8024,95653,95653,-0.197909,-1.164,16.7933,"Aug 11, 15",0.0786534165318542
2015-08-12,16.6144,16.7134,16.2829,16.6144,70842,70842,-0.188013,-1.119,16.5032,"Aug 12, 15",0.06658449528798503
2015-08-13,16.6342,16.7727,16.3274,16.4066,64296,64296,-0.207804,-1.251,16.4956,"Aug 13, 15",0.05324448553013388
2015-08-14,16.3472,16.4561,16.09,16.2879,74616,74616,-0.118745,-0.724,16.247,"Aug 14, 15",0.045624374085201515
2015-08-17,16.3077,16.367,16.0801,16.2087,111766,111766,-0.079166,-0.486,16.2331,"Aug 17, 15",0.04054002002927361
2015-08-18,16.1592,16.3274,16.085,16.1196,82860,82860,-0.089056,-0.549,16.1763,"Aug 18, 15",0.0348201217163546
2015-08-19,16.0306,16.1394,15.8525,15.9019,73751,73751,-0.217699,-1.351,15.9204,"Aug 19, 15",0.020844567701512468
2015-08-20,15.7535,15.8921,15.5853,15.5853,84239,84239,-0.316654,-1.991,15.6892,"Aug 20, 15",0.0005199907557199408
2015-08-21,15.2785,15.9019,15.0707,15.8525,141013,141013,0.267178,1.714,15.6141,"Aug 21, 15",0.017673266055517015
2015-08-24,15.1004,16.0603,14.9025,15.6051,182596,182596,-0.247388,-1.561,15.653,"Aug 24, 15",0.0017910792697019172
2015-08-25,15.9613,16.4363,15.8277,16.1691,199217,199217,0.56404,3.614,16.168,"Aug 25, 15",0.03799784300130966
2015-08-26,16.4363,17.0696,16.09,16.9707,325657,325657,0.801529,4.957,16.6874,"Aug 26, 15",0.08945766890070111
2015-08-27,17.0597,17.3962,16.8915,17.3665,159918,159918,0.395817,2.332,17.1796,"Aug 27, 15",0.11486659990242143
2015-08-28,17.2873,17.5644,17.1686,17.4555,112270,112270,0.089058,0.513,17.4141,"Aug 28, 15",0.12058007857638095
2015-08-31,17.3665,17.7821,17.218,17.4061,168217,168217,-0.049476,-0.283,17.4509,"Aug 31, 15",0.11740877693038539
2015-09-01,17.1389,17.1389,15.6842,15.9316,151103,151103,-1.4744,-8.471,16.154,"Sep 1, 15",0.022751200472485432
2015-09-02,16.0999,16.1394,15.6447,15.8525,109029,109029,-0.079162,-0.497,15.8242,"Sep 2, 15",0.017673266055517015
2015-09-03,15.8525,15.9019,15.3379,15.3973,151262,151262,-0.45519,-2.871,15.5236,"Sep 3, 15",-0.011548930488149343
2015-09-04,15.2884,15.4863,15.0707,15.2093,64702,64702,-0.188013,-1.221,15.2349,"Sep 4, 15",-0.023617851732018514
2015-09-08,15.3973,15.5457,15.1895,15.3775,83623,83623,0.168221,1.106,15.4074,"Sep 8, 15",-0.01282001900213132
2015-09-09,15.5259,15.5259,15.0806,15.1004,66160,66160,-0.277071,-1.802,15.2554,"Sep 9, 15",-0.030608838558919382
2015-09-10,15.0509,15.1696,14.8629,14.9025,188647,188647,-0.197907,-1.311,14.9749,"Sep 10, 15",-0.04331330405977966
2015-09-11,14.8431,15.0509,14.6947,14.7937,121366,121366,-0.108852,-0.73,14.8687,"Sep 11, 15",-0.05029787124772103
2015-09-14,14.8036,15.2291,14.7462,14.8926,91282,91282,0.098953,0.669,14.9063,"Sep 14, 15",-0.04394884831677064
2015-09-15,14.8926,15.187,14.8926,15.0806,44036,44036,0.188014,1.262,15.0886,"Sep 15, 15",-0.03187992707290136
2015-09-16,15.1697,15.7436,15.1697,15.6842,79798,79798,0.603622,4.003,15.598,"Sep 16, 15",0.006869013686670332
2015-09-17,15.6645,16.6342,15.6645,16.5451,159501,159501,0.8609,5.489,16.3261,"Sep 17, 15",0.06213568548904823
2015-09-18,16.3373,17.0696,16.278,17.0003,313608,313608,0.455191,2.751,16.8587,"Sep 18, 15",0.09135788203271447
2015-09-21,17.1488,17.1686,16.3967,16.7134,128198,128198,-0.286968,-1.688,16.8185,"Sep 21, 15",0.0729399378578949
2015-09-22,16.6045,16.7332,15.6546,15.7733,124728,124728,-0.940066,-5.625,15.8958,"Sep 22, 15",0.012588911999589225
2015-09-23,15.8624,16.2582,15.7159,15.8327,71664,71664,0.059375,0.376,15.8657,"Sep 23, 15",0.016402177541535154
2015-09-24,15.7337,16.3373,15.5754,16.1988,111115,111115,0.36613,2.312,16.0381,"Sep 24, 15",0.039904475772282504
2015-09-25,16.3373,16.3769,15.2093,15.2983,178412,178412,-0.900484,-5.559,15.5464,"Sep 25, 15",-0.017904373058059225
2015-09-28,15.239,15.3379,14.4572,14.576,113062,113062,-0.722367,-4.722,14.6761,"Sep 28, 15",-0.06427342526256317
2015-09-29,14.6254,14.9223,14.2494,14.4176,92482,92482,-0.158325,-1.086,14.5025,"Sep 29, 15",-0.07444213337441898
2015-09-30,14.5786,14.8262,14.1032,14.331,108222,108222,-0.086659,-0.601,14.3941,"Sep 30, 15",-0.08000154071335028
2015-10-01,14.3805,14.4597,13.8655,14.4102,192093,192093,0.079231,0.553,14.1439,"Oct 1, 15",-0.07491718665742238
2015-10-02,14.3409,15.2619,14.2715,15.2619,103384,103384,0.851739,5.911,14.9609,"Oct 2, 15",-0.02024112163931893
2015-10-05,15.3709,16.0146,15.3709,15.9057,119978,119978,0.643754,4.218,15.7663,"Oct 5, 15",0.021088513981973655
2015-10-06,15.8859,15.975,15.6779,15.9453,178720,178720,0.039615,0.249,15.842,"Oct 6, 15",0.02363069100993761
2015-10-07,15.9651,16.1533,15.8265,16.1434,111963,111963,0.198078,1.242,16.0424,"Oct 7, 15",0.036347995788716864
2015-10-08,16.084,16.1533,15.7571,16.1335,105597,105597,-0.009905,-0.061,15.9878,"Oct 8, 15",0.03571245153172599
2015-10-09,16.2424,16.282,15.8958,16.0741,55269,55269,-0.059422,-0.368,16.1031,"Oct 9, 15",0.03189918598978006
2015-10-12,16.1632,16.4207,15.9255,16.1434,87609,87609,0.069327,0.431,16.1868,"Oct 12, 15",0.036347995788716864
2015-10-13,16.0939,16.2919,15.9057,15.9948,70705,70705,-0.148557,-0.92,16.0374,"Oct 13, 15",0.026808412294892548
2015-10-14,16.0543,17.0347,16.0543,16.7277,134904,134904,0.732887,4.582,16.6217,"Oct 14, 15",0.07385794622910402
2015-10-15,16.807,17.7478,16.7961,17.728,152550,152550,1.0003,5.98,17.4401,"Oct 15, 15",0.1380735947410319
2015-10-16,17.8172,17.8865,17.0942,17.2229,109266,109266,-0.505099,-2.849,17.4604,"Oct 16, 15",0.10564799835657242
2015-10-19,17.1239,17.5547,17.1239,17.2229,118513,118513,0,0,17.3665,"Oct 19, 15",0.10564799835657242
2015-10-20,17.1932,17.2427,16.8169,17.2031,75278,75278,-0.019807,-0.115,17.0875,"Oct 20, 15",0.10437690984259043
2015-10-21,17.2031,17.4507,16.7871,17.3319,118727,118727,0.128749,0.748,17.1764,"Oct 21, 15",0.11264540482243289
2015-10-22,17.4507,18.0301,17.3418,17.9954,198143,198143,0.663564,3.829,17.8309,"Oct 22, 15",0.15523970931874795
2015-10-23,18.3024,19.2532,18.035,18.7679,219805,219805,0.772507,4.293,18.7415,"Oct 23, 15",0.2048314202809235
2015-10-26,18.6293,18.758,17.936,18.1143,188458,188458,-0.653662,-3.483,18.1586,"Oct 26, 15",0.1628726600415993
2015-10-27,18.1143,18.7382,18.0232,18.3124,187108,187108,0.198081,1.094,18.257,"Oct 27, 15",0.17558996482037856
2015-10-28,18.4213,18.4213,18.0449,18.3916,181444,181444,0.079231,0.433,18.2884,"Oct 28, 15",0.18067431887630647
2015-10-29,18.3619,18.9264,18.1044,18.1737,213255,213255,-0.217886,-1.185,18.2195,"Oct 29, 15",0.16668592558354522
2015-10-30,18.035,18.5599,16.906,17.114,288417,288417,-1.0597,-5.831,17.5547,"Oct 30, 15",0.09865701152967166
2015-11-02,17.1536,17.7577,16.9456,17.5101,254661,254661,0.396157,2.315,17.4713,"Nov 2, 15",0.12408520144827068
2015-11-03,17.4606,18.1242,17.3913,18.0747,419384,419384,0.564526,3.224,17.793,"Nov 3, 15",0.16033048301363534
2015-11-04,18.2133,18.7976,18.035,18.7877,192625,192625,0.713081,3.945,18.5419,"Nov 4, 15",0.20610250879490546
2015-11-05,18.8769,18.9313,18.3718,18.6986,173158,173158,-0.089137,-0.474,18.6918,"Nov 5, 15",0.20038261048198647
2015-11-06,18.5798,19.0353,18.2133,18.9858,139556,139556,0.287215,1.536,18.6693,"Nov 6, 15",0.21881981357368474
2015-11-09,18.9066,19.3523,18.4114,18.4213,138482,138482,-0.564524,-2.973,18.7461,"Nov 9, 15",0.1825809516472793
2015-11-10,18.4312,18.9165,18.2628,18.6689,123060,123060,0.247597,1.344,18.6258,"Nov 10, 15",0.1984759777110136
2015-11-11,18.6689,18.7382,18.451,18.4807,73796,73796,-0.188174,-1.008,18.5563,"Nov 11, 15",0.18639421718922525
2015-11-12,18.3322,18.4213,18.0053,18.1143,144006,144006,-0.366446,-1.983,18.1707,"Nov 12, 15",0.1628726600415993
2015-11-13,17.9855,18.3322,17.9855,18.1044,74267,74267,-0.009902,-0.055,18.1212,"Nov 13, 15",0.1622371157846082
2015-11-16,18.1242,18.352,18.035,18.1737,85204,85204,0.069328,0.383,18.1727,"Nov 16, 15",0.16668592558354522
2015-11-17,18.1638,18.5996,17.9855,18.3223,73617,73617,0.148557,0.817,18.2858,"Nov 17, 15",0.17622550907736942
2015-11-18,18.352,18.7778,18.3223,18.659,91418,91418,0.336734,1.838,18.5638,"Nov 18, 15",0.19784043345402252
2015-11-19,18.6293,18.7845,18.0846,18.2232,97139,97139,-0.435771,-2.335,18.3559,"Nov 19, 15",0.16986364686850006
2015-11-20,18.352,18.867,18.3124,18.5996,66737,66737,0.376348,2.065,18.5805,"Nov 20, 15",0.19402716791207658
2015-11-23,18.4708,18.7184,18.2727,18.7085,80519,80519,0.108943,0.586,18.4995,"Nov 23, 15",0.20101815473897758
2015-11-24,18.5798,19.382,18.451,19.1938,143964,143964,0.485292,2.594,18.9462,"Nov 24, 15",0.23217266260945485
2015-11-25,19.2136,19.4315,18.8868,19.174,74168,74168,-0.019809,-0.103,19.1124,"Nov 25, 15",0.23090157409547288
2015-11-27,19.2136,19.481,18.9858,19.4216,29125,29125,0.247599,1.291,19.3233,"Nov 27, 15",0.24679660015920718
2015-11-30,19.5107,19.8376,19.3126,19.7286,178412,178412,0.307021,1.581,19.6961,"Nov 30, 15",0.2665048917648872
2015-12-01,19.8078,20.2139,19.4414,20.1149,117165,117165,0.386254,1.958,19.9349,"Dec 1, 15",0.2913039570654546
2015-12-02,20.0852,20.0891,19.3325,19.3622,173667,173667,-0.752699,-3.742,19.4534,"Dec 2, 15",0.24298333461726127
2015-12-03,19.5404,19.7187,18.9462,19.0948,113418,113418,-0.267404,-1.381,19.3291,"Dec 3, 15",0.22581722003954496
2015-12-04,19.0254,19.3919,18.9858,19.2235,74602,74602,0.12875,0.674,19.1575,"Dec 4, 15",0.23407929538042793
2015-12-07,19.0849,19.2631,18.7283,19.0056,130811,130811,-0.217885,-1.133,18.9621,"Dec 7, 15",0.2200909020876667
2015-12-08,18.867,19.1839,18.7283,18.7679,88640,88640,-0.237694,-1.251,18.9042,"Dec 8, 15",0.2048314202809235
2015-12-09,18.7283,18.8175,17.9756,18.0053,159343,159343,-0.762604,-4.063,18.4377,"Dec 9, 15",0.15587525357573884
2015-12-10,17.7775,19.0254,17.7775,18.7085,125077,125077,0.703179,3.905,18.5991,"Dec 10, 15",0.20101815473897758
2015-12-11,18.3421,18.8759,18.0152,18.0548,177368,177368,-0.653657,-3.494,18.4315,"Dec 11, 15",0.1590529748606939
2015-12-14,17.9756,18.1588,17.7726,18.1242,139693,139693,0.069327,0.384,17.9778,"Dec 14, 15",0.16350820429859017
2015-12-15,18.2331,18.2331,17.2526,17.8271,238407,238407,-0.297119,-1.639,17.6899,"Dec 15, 15",0.14443545694990126
2015-12-16,17.8964,18.0078,17.52,17.837,141555,141555,0.009904,0.056,17.7284,"Dec 16, 15",0.14507100120689215
2015-12-17,17.9261,17.9657,17.322,17.6785,129728,129728,-0.158464,-0.888,17.6646,"Dec 17, 15",0.13489587345607684
2015-12-18,17.5795,17.8766,17.3121,17.3121,325569,325569,-0.366445,-2.073,17.4732,"Dec 18, 15",0.1113743163084509
2015-12-21,17.4804,17.4804,17.1338,17.3121,119559,119559,0,0,17.2842,"Dec 21, 15",0.1113743163084509
2015-12-22,17.3121,17.7577,17.0942,17.7478,122282,122282,0.435773,2.517,17.4251,"Dec 22, 15",0.13934468325501387
2015-12-23,17.7478,17.7478,17.4507,17.6488,74080,74080,-0.09904,-0.558,17.5913,"Dec 23, 15",0.13298924068510398
2015-12-24,17.7082,17.8469,17.4408,17.6488,44350,44350,0,0,17.6347,"Dec 24, 15",0.13298924068510398
2015-12-28,17.6389,17.6735,17.2823,17.5696,76579,76579,-0.07923,-0.449,17.5435,"Dec 28, 15",0.1279048866291761
2015-12-29,17.7181,17.837,17.5101,17.7775,73719,73719,0.207981,1.184,17.7327,"Dec 29, 15",0.14125131602598673
2015-12-30,17.7899,18.1071,17.443,17.6016,90403,90403,-0.175922,-0.99,17.6101,"Dec 30, 15",0.12995917109621766
2015-12-31,17.5818,17.8593,17.2151,17.2349,92797,92797,-0.3667,-2.083,17.4684,"Dec 31, 15",0.10641835503171303
2016-01-04,16.888,17.0268,16.6105,16.6403,166177,166177,-0.59465,-3.45,16.7742,"Jan 4, 16",0.0682471817784968
2016-01-05,16.779,16.779,16.5213,16.5709,101995,101995,-0.069376,-0.417,16.6098,"Jan 5, 16",0.0637919523406005
2016-01-06,16.3429,16.7295,16.1497,16.5015,186021,186021,-0.069374,-0.419,16.5631,"Jan 6, 16",0.05933672290270399
2016-01-07,16.1745,16.333,16.0357,16.1546,141643,141643,-0.346879,-2.102,16.2099,"Jan 7, 16",0.03706699535218133
2016-01-08,16.1745,16.3231,15.9465,16.0555,97142,97142,-0.099111,-0.614,16.1274,"Jan 8, 16",0.030705133143311962
2016-01-11,16.1645,16.1645,15.7681,16.0456,101343,101343,-0.009908,-0.062,15.946,"Jan 11, 16",0.030069588886321087
2016-01-12,16.224,16.224,15.5749,15.8672,113417,113417,-0.178395,-1.112,15.7983,"Jan 12, 16",0.01861695298256432
2016-01-13,15.887,16.2032,14.8662,15.114,142388,142388,-0.753222,-4.747,15.2819,"Jan 13, 16",-0.029735767660426696
2016-01-14,15.2528,15.887,15.1636,15.6789,109802,109802,0.564916,3.738,15.5847,"Jan 14, 16",0.006528772821816567
2016-01-15,15.2032,15.6987,15.0545,15.669,145593,145593,-0.009911,-0.063,15.3662,"Jan 15, 16",0.005893228564825578
2016-01-19,15.7483,16.0555,15.1735,15.3419,119181,119181,-0.327056,-2.087,15.495,"Jan 19, 16",-0.01510541047171499
2016-01-20,15.0744,16.0357,14.8563,15.8276,161987,161987,0.48563,3.165,15.4737,"Jan 20, 16",0.016074775954600367
2016-01-21,15.8276,15.9961,15.2329,15.6195,198308,198308,-0.208128,-1.315,15.5717,"Jan 21, 16",0.0027155072798706373
2016-01-22,15.9564,16.1745,15.5303,16.0753,171766,171766,0.455896,2.919,15.8964,"Jan 22, 16",0.031976221657293934
2016-01-25,15.9663,16.2736,15.6789,15.7384,96491,96491,-0.336966,-2.096,15.8528,"Jan 25, 16",0.010348458002721985
2016-01-26,15.778,16.006,15.5203,15.9961,118779,118779,0.257681,1.637,15.8116,"Jan 26, 16",0.026891867601366148
2016-01-27,15.9168,16.0159,15.4807,15.5798,110934,110934,-0.416254,-2.602,15.6577,"Jan 27, 16",0.000166910612947195
2016-01-28,15.7879,15.7879,15.1041,15.4906,129473,129473,-0.089197,-0.573,15.4707,"Jan 28, 16",-0.005559407338931188
2016-01-29,15.5104,15.7086,14.8365,15.2726,228275,228275,-0.218039,-1.408,15.2304,"Jan 29, 16",-0.019554220270651908
2016-02-01,15.1239,15.2329,14.9752,15.005,84427,84427,-0.267592,-1.752,15.0682,"Feb 1, 16",-0.03673317412628706
2016-02-02,14.9158,15.0446,14.8266,14.9752,123428,123428,-0.029731,-0.198,14.9284,"Feb 2, 16",-0.03864622653621962
2016-02-03,15.1338,15.1338,14.5788,14.8167,136076,136076,-0.158574,-1.059,14.8002,"Feb 3, 16",-0.04882135428703481
2016-02-04,14.7869,15.0545,14.7473,14.8167,146792,146792,0,0,14.8978,"Feb 4, 16",-0.04882135428703481
2016-02-05,14.7374,14.9257,14.4995,14.4995,154068,154068,-0.317147,-2.14,14.6136,"Feb 5, 16",-0.06918444906658451
2016-02-08,14.4103,14.6482,14.2716,14.4302,155919,155919,-0.069377,-0.478,14.4172,"Feb 8, 16",-0.07363325886552143
2016-02-09,14.4302,14.6977,14.2765,14.4103,103290,103290,-0.019821,-0.137,14.44,"Feb 9, 16",-0.07491076701846289
2016-02-10,14.5293,14.6977,14.2637,14.2716,134135,134135,-0.138751,-0.963,14.4847,"Feb 10, 16",-0.0838148062552962
2016-02-11,14.668,16.3628,14.668,15.7186,603787,603787,1.447,10.139,15.6883,"Feb 11, 16",0.009077369488740009
2016-02-12,15.8573,16.4123,15.7483,16.2835,295677,295677,0.564918,3.594,16.162,"Feb 12, 16",0.04534190997098327
2016-02-16,16.4222,17.0962,16.3728,16.6898,330185,330185,0.406344,2.495,16.7167,"Feb 16, 16",0.07142490306345185
2016-02-17,16.1546,16.1546,12.6561,12.6958,2858650,2858650,-3.9941,-23.931,13.731,"Feb 17, 16",-0.18497547697917466
2016-02-18,12.4678,12.6958,11.7245,12.2597,3522585,3522585,-0.436078,-3.435,12.3048,"Feb 18, 16",-0.21297152248157558
2016-02-19,12.2002,12.4183,12.0317,12.3885,1150151,1150151,0.128842,1.051,12.2439,"Feb 19, 16",-0.20470302750173325
2016-02-22,12.557,12.5867,11.9723,12.111,534382,534382,-0.277503,-2.24,12.2537,"Feb 22, 16",-0.2225175256143594
2016-02-23,12.1011,12.2002,11.8137,11.8533,466366,466366,-0.257682,-2.128,11.9156,"Feb 23, 16",-0.23906093521300353
2016-02-24,11.7741,12.0218,11.5659,11.7344,502311,502311,-0.118931,-1.003,11.7523,"Feb 24, 16",-0.2466938859358549
2016-02-25,11.7443,12.0317,11.7047,11.9822,376711,376711,0.247773,2.112,11.893,"Feb 25, 16",-0.23078602059420172
2016-02-26,12.0714,12.22,11.7542,11.9227,291600,291600,-0.059464,-0.496,11.9369,"Feb 26, 16",-0.23460570577510714
2016-02-29,11.9029,12.2795,11.8335,12.002,617000,617000,0.079285,0.665,12.0703,"Feb 29, 16",-0.22951493208021975
2016-03-01,12.0317,12.5174,12.0218,12.4876,972094,972094,0.485631,4.046,12.3486,"Mar 1, 16",-0.19834116529286389
2016-03-02,12.6264,12.7651,12.5273,12.5967,707689,707689,0.109018,0.873,12.6349,"Mar 2, 16",-0.19133733918804402
2016-03-03,12.6858,12.8097,12.5476,12.7949,495232,495232,0.198217,1.574,12.6916,"Mar 3, 16",-0.17861361477030527
2016-03-04,12.785,13.4985,12.7255,13.3301,1005806,1005806,0.535184,4.183,13.1715,"Mar 4, 16",-0.14425570705903498
2016-03-07,13.3003,13.8255,13.2805,13.6274,597101,597101,0.297325,2.23,13.602,"Mar 7, 16",-0.12517012043242687
2016-03-08,13.3796,13.5729,13.0228,13.0724,539771,539771,-0.555007,-4.073,13.2686,"Mar 8, 16",-0.16079911665767915
2016-03-09,13.0724,13.4787,12.9138,13.449,506675,506675,0.376612,2.881,13.3156,"Mar 9, 16",-0.13662275633618365
2016-03-10,13.4292,13.4936,12.9138,12.9534,313440,313440,-0.495541,-3.685,13.0767,"Mar 10, 16",-0.16843848701949
2016-03-11,13.0426,13.2706,12.9237,13.0922,582103,582103,0.138751,1.071,13.1164,"Mar 11, 16",-0.15952802814369715
2016-03-14,13.0823,13.2309,12.5967,12.7552,377236,377236,-0.336967,-2.574,12.7583,"Mar 14, 16",-0.18116221143722872
2016-03-15,12.7453,12.7453,12.2894,12.6858,408176,408176,-0.069377,-0.544,12.5569,"Mar 15, 16",-0.18561744087512513
2016-03-16,12.5768,12.7007,12.3885,12.4678,300034,300034,-0.218038,-1.719,12.4725,"Mar 16, 16",-0.19961225380684586
2016-03-17,12.4381,12.5867,11.9723,12.2399,278605,278605,-0.227949,-1.828,12.1841,"Mar 17, 16",-0.21424261099555755
2016-03-18,12.3191,12.5768,12.2795,12.5669,550183,550183,0.327057,2.672,12.4724,"Mar 18, 16",-0.19325039159797647
2016-03-21,12.4975,12.8147,12.3588,12.7552,417849,417849,0.188307,1.498,12.6159,"Mar 21, 16",-0.18116221143722872
2016-03-22,12.6561,12.785,12.2845,12.3885,472828,472828,-0.366701,-2.875,12.4198,"Mar 22, 16",-0.20470302750173325
2016-03-23,12.3885,12.5669,12.0912,12.1209,399190,399190,-0.267591,-2.16,12.3715,"Mar 23, 16",-0.2218819813573684
2016-03-24,12.1308,12.2696,11.5957,12.0416,588302,588302,-0.079287,-0.654,11.8793,"Mar 24, 16",-0.22697275505225578
2016-03-28,12.0516,12.666,11.9772,12.4975,419238,419238,0.455898,3.786,12.4191,"Mar 28, 16",-0.19770562103587289
2016-03-29,12.5471,13.3598,12.5201,13.2904,522086,522086,0.792864,6.344,12.9959,"Mar 29, 16",-0.14680430372595843
2016-03-30,13.3102,13.4391,12.9138,12.9733,371667,371667,-0.317146,-2.386,13.0509,"Mar 30, 16",-0.16716097886654852
2016-03-31,12.9435,13.221,12.8841,13.0526,302939,302939,0.079297,0.611,13.043,"Mar 31, 16",-0.16207020517166112
2016-04-01,12.9459,13.0947,12.8908,13.0947,428671,428671,0.042162,0.323,13.0013,"Apr 1, 16",-0.15936753716970958
2016-04-04,13.0749,13.2634,12.9707,13.1741,281449,281449,0.079362,0.606,13.1675,"Apr 4, 16",-0.1542703438358627
2016-04-05,13.0451,13.0451,12.559,12.5689,428006,428006,-0.605134,-4.593,12.7133,"Apr 5, 16",-0.19312199881878644
2016-04-06,12.6781,13.5312,12.6086,13.4518,751166,751166,0.882899,7.024,13.1483,"Apr 6, 16",-0.13644300644531746
2016-04-07,13.3328,13.5411,13.1542,13.184,329831,329831,-0.267844,-1.991,13.2831,"Apr 7, 16",-0.15363479957887172
2016-04-08,13.3229,13.5262,12.8864,13.055,282724,282724,-0.128964,-0.978,13.0633,"Apr 8, 16",-0.16191613383663303
2016-04-11,13.1046,13.3229,12.9955,13.184,367295,367295,0.128964,0.988,13.1381,"Apr 11, 16",-0.15363479957887172
2016-04-12,13.1443,13.6205,13.1344,13.6205,368271,368271,0.43649,3.311,13.5303,"Apr 12, 16",-0.1256130755206327
2016-04-13,13.68,13.9479,13.5411,13.8586,480910,480910,0.238085,1.748,13.7359,"Apr 13, 16",-0.11032791515805154
2016-04-14,13.928,13.928,13.3923,13.5709,491755,491755,-0.287686,-2.076,13.5964,"Apr 14, 16",-0.12879721644454714
2016-04-15,13.5907,13.7495,13.4469,13.6999,310782,310782,0.128964,0.95,13.6157,"Apr 15, 16",-0.12051588218678581
2016-04-18,13.68,13.7445,13.3963,13.5312,569165,569165,-0.168645,-1.231,13.5633,"Apr 18, 16",-0.1313458131114706
2016-04-19,13.5709,13.8387,13.4221,13.6007,292622,292622,0.069442,0.513,13.6505,"Apr 19, 16",-0.12688416403461467
2016-04-20,13.5907,13.6602,13.1642,13.303,186981,186981,-0.297608,-2.188,13.3602,"Apr 20, 16",-0.14599542921706074
2016-04-21,13.303,13.7197,13.2286,13.6899,317048,317048,0.38689,2.908,13.5542,"Apr 21, 16",-0.12115784608273629
2016-04-22,13.6503,13.716,13.4915,13.6304,174473,174473,-0.059523,-0.435,13.6127,"Apr 22, 16",-0.12497753126364171
2016-04-25,13.6503,13.7296,13.4618,13.5511,187034,187034,-0.07936,-0.582,13.5761,"Apr 25, 16",-0.1300683049585291
2016-04-26,13.5709,13.8189,13.4915,13.7891,145964,145964,0.238084,1.757,13.6983,"Apr 26, 16",-0.11478956423490744
2016-04-27,13.7792,13.8288,13.0848,13.4816,239877,239877,-0.307526,-2.23,13.4199,"Apr 27, 16",-0.134529954035385
2016-04-28,12.8864,12.8864,10.7238,10.9222,2257308,2257308,-2.5594,-18.985,11.4634,"Apr 28, 16",-0.2988341935649539
2016-04-29,10.9222,11.2198,10.9222,11.1504,849174,849174,0.228165,2.089,11.1137,"Apr 29, 16",-0.2841845774593637
2016-05-02,11.1404,11.3587,10.7039,11.3091,829028,829028,0.158723,1.423,11.1515,"May 2, 16",-0.2739966104306293
2016-05-03,11.2992,11.4579,10.8527,10.8726,511983,511983,-0.436488,-3.86,11.1029,"May 3, 16",-0.3020183344888683
2016-05-04,11.0115,11.19,10.8527,10.9916,412986,412986,0.119042,1.095,11.0427,"May 4, 16",-0.2943789641270575
2016-05-05,11.0611,11.1008,10.6147,10.6643,337991,337991,-0.32737,-2.978,10.7308,"May 5, 16",-0.31539044244151704
2016-05-06,10.5849,11.1107,10.5651,10.9916,536133,536133,0.32737,3.07,10.9412,"May 6, 16",-0.2943789641270575
2016-05-09,10.9222,11.0363,10.8131,10.823,291939,291939,-0.168646,-1.534,10.9336,"May 9, 16",-0.3052024754127827
2016-05-10,10.8527,10.9619,10.7436,10.9123,494794,494794,0.089282,0.825,10.8731,"May 10, 16",-0.29946973782194486
2016-05-11,10.8527,10.8627,10.4361,10.7337,253252,253252,-0.178565,-1.636,10.6923,"May 11, 16",-0.3109352130036206
2016-05-12,10.8031,10.823,10.4668,10.575,241271,241271,-0.158724,-1.479,10.6283,"May 12, 16",-0.321123180032355
2016-05-13,10.575,10.694,10.2873,10.2972,454829,454829,-0.277767,-2.627,10.3624,"May 13, 16",-0.3389569370618596
2016-05-16,10.3667,10.4163,10.2575,10.2873,387462,387462,-0.009919,-0.096,10.3002,"May 16, 16",-0.3395924813188506
2016-05-17,10.2476,10.7139,10.1087,10.1484,294548,294548,-0.138883,-1.35,10.2847,"May 17, 16",-0.3485093598336029
2016-05-18,10.2179,10.6246,10.0294,10.3865,384025,384025,0.238087,2.346,10.3436,"May 18, 16",-0.3332241994710217
2016-05-19,10.2873,10.4063,10.1186,10.1682,286342,286342,-0.218247,-2.101,10.2785,"May 19, 16",-0.34723827131962093
2016-05-20,10.1682,10.322,9.8111,10.2972,468050,468050,0.128962,1.268,10.0832,"May 20, 16",-0.3389569370618596
2016-05-23,10.327,10.4758,10.1434,10.1682,230631,230631,-0.128962,-1.252,10.2272,"May 23, 16",-0.34723827131962093
2016-05-24,10.2179,10.4758,10.079,10.2575,265241,265241,0.089282,0.878,10.2555,"May 24, 16",-0.34150553372878306
2016-05-25,10.3071,10.4361,10.1931,10.2476,226867,226867,-0.00992,-0.097,10.2878,"May 25, 16",-0.34214107798577403
2016-05-26,10.2079,10.2278,9.9698,10.1484,185784,185784,-0.099202,-0.968,10.1264,"May 26, 16",-0.3485093598336029
2016-05-27,10.079,10.446,10.0442,10.4063,390767,390767,0.257927,2.542,10.3409,"May 27, 16",-0.3319531109570398
2016-05-31,10.4559,10.7238,10.3766,10.6147,495930,495930,0.208323,2.002,10.5191,"May 31, 16",-0.31857458336543154
2016-06-01,10.5452,10.9619,10.4163,10.8131,571084,571084,0.198405,1.869,10.7566,"Jun 1, 16",-0.3058380196697737
2016-06-02,10.7734,10.9371,10.6448,10.9023,385652,385652,0.089283,0.826,10.8476,"Jun 2, 16",-0.30011170171789536
2016-06-03,10.8924,11.1603,10.8031,11.1504,277659,277659,0.248007,2.275,11.0569,"Jun 3, 16",-0.2841845774593637
2016-06-06,11.1504,11.2892,11.0214,11.2396,280953,280953,0.089282,0.801,11.1789,"Jun 6, 16",-0.2784582595074853
2016-06-07,11.2694,11.448,11.1305,11.2496,273742,273742,0.009919,0.088,11.2508,"Jun 7, 16",-0.2778162956115348
2016-06-08,11.2496,11.3686,11.071,11.2892,470341,470341,0.03968,0.353,11.23,"Jun 8, 16",-0.27527411858357087
2016-06-09,11.2892,11.5174,11.1603,11.438,209960,209960,0.148805,1.318,11.4342,"Jun 9, 16",-0.2657216958118275
2016-06-10,11.3686,11.4976,10.9817,11.1504,549340,549340,-0.287686,-2.515,11.1639,"Jun 10, 16",-0.2841845774593637
2016-06-13,11.0511,11.3785,11.0511,11.1107,522292,522292,-0.039681,-0.356,11.1753,"Jun 13, 16",-0.2867331741262871
2016-06-14,11.1107,11.4281,11.0611,11.3488,455464,455464,0.238087,2.143,11.259,"Jun 14, 16",-0.27144801376370586
2016-06-15,11.3091,11.4182,11.0313,11.1603,484838,484838,-0.188486,-1.661,11.1914,"Jun 15, 16",-0.28354903320237274
2016-06-16,11.071,11.3984,10.9321,11.319,506625,506625,0.158723,1.422,11.1566,"Jun 16, 16",-0.2733610661736383
2016-06-17,11.3488,11.4281,11.1504,11.3884,683169,683169,0.069442,0.613,11.34,"Jun 17, 16",-0.2689058367357419
2016-06-20,11.4876,11.6563,11.3785,11.6067,595930,595930,0.218245,1.916,11.556,"Jun 20, 16",-0.2548917648871427
2016-06-21,11.6166,11.8547,11.3289,11.5075,654901,654901,-0.099202,-0.855,11.5653,"Jun 21, 16",-0.2612600467349716
2016-06-22,11.4678,11.6662,11.2892,11.567,578543,578543,0.05952,0.517,11.4927,"Jun 22, 16",-0.2574403615540662
2016-06-23,11.7059,12.1424,11.686,12.063,375691,375691,0.496013,4.288,12.0564,"Jun 23, 16",-0.22559895231492175
2016-06-24,11.5075,11.6761,11.319,11.438,714039,714039,-0.624975,-5.181,11.4395,"Jun 24, 16",-0.2657216958118275
2016-06-27,11.3388,11.3686,10.8825,11.1603,670596,670596,-0.277766,-2.428,11.0748,"Jun 27, 16",-0.28354903320237274
2016-06-28,11.2297,11.4638,10.9519,11.1206,409530,409530,-0.039681,-0.356,11.1259,"Jun 28, 16",-0.28609762986929616
2016-06-29,11.2496,11.939,11.2099,11.9142,529619,529619,0.793622,7.137,11.6783,"Jun 29, 16",-0.23515137508666514
2016-06-30,11.9663,12.0458,11.7181,12.0458,345874,345874,0.13158,1.104,11.937,"Jun 30, 16",-0.22670313021595664
2016-07-01,11.9961,12.3536,11.867,12.1848,379620,379620,0.139028,1.154,12.1681,"Jul 1, 16",-0.21777983206224485
2016-07-05,12.0954,12.165,11.8373,11.877,312392,312392,-0.307848,-2.526,11.9092,"Jul 5, 16",-0.23753948077960088
2016-07-06,11.8571,12.592,11.7777,12.3636,431863,431863,0.486599,4.097,12.2474,"Jul 6, 16",-0.20630151760265
2016-07-07,12.3536,12.5026,12.0657,12.4827,325009,325009,0.119165,0.964,12.2875,"Jul 7, 16",-0.1986557276018797
2016-07-08,12.5721,12.7807,12.4728,12.7608,437192,437192,0.278057,2.228,12.7005,"Jul 8, 16",-0.1808027116554965
2016-07-11,12.7807,12.9346,12.6415,12.9098,370627,370627,0.14896,1.167,12.8354,"Jul 11, 16",-0.1712374496058341
2016-07-12,12.9693,13.019,12.8402,12.9495,435426,435426,0.039722,0.308,12.9253,"Jul 12, 16",-0.16868885293891067
2016-07-13,13.019,13.0488,12.5274,12.6416,539299,539299,-0.307849,-2.377,12.7559,"Jul 13, 16",-0.1884549212952263
2016-07-14,12.7211,12.8899,12.6516,12.7906,278259,278259,0.14896,1.178,12.8108,"Jul 14, 16",-0.17888965924556402
2016-07-15,12.8502,13.0786,12.7012,12.9793,300828,300828,0.18868,1.475,12.9267,"Jul 15, 16",-0.1667758005289782
2016-07-18,12.9197,13.0587,12.8602,12.9296,272908,272908,-0.049653,-0.383,12.9391,"Jul 18, 16",-0.16996636109185212
2016-07-19,12.9395,12.9991,12.8601,12.8998,313924,313924,-0.029793,-0.23,12.9144,"Jul 19, 16",-0.17187941350178457
2016-07-20,12.9693,13.0389,12.8104,12.9197,297655,297655,0.019863,0.154,12.9302,"Jul 20, 16",-0.17060190534884312
2016-07-21,12.8899,13.1779,12.8899,13.0686,213781,213781,0.148958,1.153,13.0429,"Jul 21, 16",-0.16104306293814033
2016-07-22,12.9892,13.158,12.8005,12.9395,233845,233845,-0.129097,-0.988,12.9314,"Jul 22, 16",-0.16933081683486115
2016-07-25,12.9594,13.2871,12.9296,13.2673,277960,277960,0.327709,2.533,13.152,"Jul 25, 16",-0.14828724032560403
2016-07-26,13.2573,13.5652,13.2573,13.3467,597645,597645,0.079445,0.599,13.4331,"Jul 26, 16",-0.14319004699175714
2016-07-27,13.3368,13.5155,13.0885,13.3864,419559,419559,0.039721,0.298,13.218,"Jul 27, 16",-0.1406414503248337
2016-07-28,13.0389,13.4261,10.9236,11.5195,1178532,1178532,-1.8669,-13.947,11.7738,"Jul 28, 16",-0.26048969005983097
2016-07-29,11.3606,11.6535,10.9832,11.44,532416,532416,-0.079445,-0.69,11.3711,"Jul 29, 16",-0.26559330303263745
2016-08-01,11.44,11.7479,11.3904,11.7379,453801,453801,0.297919,2.604,11.6091,"Aug 1, 16",-0.24646919857227229
2016-08-02,11.7479,11.9366,11.6486,11.7181,445224,445224,-0.019862,-0.169,11.7411,"Aug 2, 16",-0.24774028708625426
2016-08-03,11.6784,11.7777,11.3705,11.4897,440177,440177,-0.228404,-1.949,11.4852,"Aug 3, 16",-0.26240274246976353
2016-08-04,11.4599,11.5989,11.2414,11.2712,227771,227771,-0.218472,-1.901,11.4114,"Aug 4, 16",-0.2764296535962817
2016-08-05,11.3209,11.6883,11.301,11.5393,259627,259627,0.268126,2.379,11.5308,"Aug 5, 16",-0.25921860154584897
2016-08-08,11.4797,11.7578,11.2811,11.7479,506650,506650,0.20854,1.807,11.6073,"Aug 8, 16",-0.2458272346763218
2016-08-09,11.7876,11.9266,11.7777,11.867,245420,245420,0.119167,1.014,11.8656,"Aug 9, 16",-0.23818144467555136
2016-08-10,11.9366,12.1848,11.7677,12.1749,466662,466662,0.307849,2.594,12.0232,"Aug 10, 16",-0.21841537631923583
2016-08-11,12.2643,12.8402,12.2245,12.5423,485887,485887,0.367431,3.018,12.5818,"Aug 11, 16",-0.19482962278201477
2016-08-12,12.5324,12.6416,12.3536,12.3636,192639,192639,-0.178749,-1.425,12.4689,"Aug 12, 16",-0.20630151760265
2016-08-15,12.304,12.4232,11.9961,12.0458,329129,329129,-0.317779,-2.57,12.1172,"Aug 15, 16",-0.22670313021595664
2016-08-16,11.9763,12.0557,11.8374,11.8968,231053,231053,-0.148958,-1.237,11.9164,"Aug 16, 16",-0.2362683922656189
2016-08-17,11.9068,11.9564,11.5095,11.6287,296622,296622,-0.268128,-2.254,11.6887,"Aug 17, 16",-0.2534794443160516
2016-08-18,11.5989,11.6982,11.4996,11.5592,385644,385644,-0.069512,-0.598,11.5745,"Aug 18, 16",-0.2579410933929075
2016-08-19,11.5691,11.7181,11.5095,11.589,150786,150786,0.029791,0.258,11.5878,"Aug 19, 16",-0.25602804098297505
2016-08-22,11.5989,11.8869,11.4698,11.6684,106671,106671,0.079446,0.686,11.707,"Aug 22, 16",-0.2509308476491282
2016-08-23,11.6883,11.9068,11.6486,11.7379,182081,182081,0.069514,0.596,11.7721,"Aug 23, 16",-0.24646919857227229
2016-08-24,11.7082,11.9068,11.4649,11.5195,217133,217133,-0.218474,-1.861,11.6845,"Aug 24, 16",-0.26048969005983097
2016-08-25,11.5095,11.6982,11.4698,11.589,168925,168925,0.069514,0.603,11.5956,"Aug 25, 16",-0.25602804098297505
2016-08-26,11.5691,11.9068,11.5691,11.728,226673,226673,0.139027,1.2,11.7289,"Aug 26, 16",-0.24710474282926329
2016-08-29,11.7181,11.8422,11.7082,11.8174,241638,241638,0.089377,0.762,11.78,"Aug 29, 16",-0.24136558559946591
2016-08-30,11.8075,12.0855,11.7479,11.8571,234755,234755,0.039723,0.336,11.8702,"Aug 30, 16",-0.23881698893254236
2016-08-31,11.867,11.8869,11.7082,11.7876,161771,161771,-0.069517,-0.586,11.7908,"Aug 31, 16",-0.24327863800939836
2016-09-01,11.7578,11.8075,11.4847,11.7082,380429,380429,-0.079444,-0.674,11.6152,"Sep 1, 16",-0.24837583134324526
2016-09-02,11.728,12.1799,11.6684,12.165,185620,185620,0.456808,3.902,12.0488,"Sep 2, 16",-0.21905092057622683
2016-09-06,12.2444,12.4927,12.1451,12.3735,223803,223803,0.208542,1.714,12.2846,"Sep 6, 16",-0.20566597334565903
2016-09-07,12.3338,12.4927,12.3338,12.4033,137058,137058,0.029791,0.241,12.3968,"Sep 7, 16",-0.20375292093572656
2016-09-08,12.3437,12.582,12.3437,12.3934,98658,98658,-0.009929,-0.08,12.442,"Sep 8, 16",-0.20438846519271756
2016-09-09,12.3338,12.3352,11.8571,11.867,193558,193558,-0.526323,-4.247,12.0095,"Sep 9, 16",-0.23818144467555136
2016-09-12,11.8373,12.016,11.6298,11.9068,402441,402441,0.039722,0.335,11.8255,"Sep 12, 16",-0.23562642836966843
2016-09-13,11.7876,11.7876,10.7647,11.6784,906492,906492,-0.228402,-1.918,11.415,"Sep 13, 16",-0.2502888837531777
2016-09-14,11.6585,11.7082,11.2315,11.5493,346470,346470,-0.129098,-1.105,11.4688,"Sep 14, 16",-0.2585766376498985
2016-09-15,11.5592,11.6386,11.45,11.6287,227917,227917,0.079444,0.688,11.5779,"Sep 15, 16",-0.2534794443160516
2016-09-16,11.6188,11.6188,11.1421,11.2017,627187,627187,-0.427015,-3.672,11.3437,"Sep 16, 16",-0.2808913026731376
2016-09-19,11.2017,11.2811,10.8144,10.8839,334669,334669,-0.317777,-2.837,10.9433,"Sep 19, 16",-0.30129291528644425
2016-09-20,10.874,11.013,10.7449,10.9236,413862,413862,0.039722,0.365,10.8909,"Sep 20, 16",-0.2987443186195208
2016-09-21,10.9634,10.9733,10.6754,10.9137,264648,264648,-0.009931,-0.091,10.8661,"Sep 21, 16",-0.29937986287651175
2016-09-22,10.9336,11.1014,10.9137,10.9832,347424,347424,0.069515,0.637,11.001,"Sep 22, 16",-0.2949182137996559
2016-09-23,10.9038,10.9534,10.7647,10.9137,341763,341763,-0.069515,-0.633,10.9006,"Sep 23, 16",-0.29937986287651175
2016-09-26,10.8839,11.0031,10.7846,10.9236,231814,231814,0.009931,0.091,10.9188,"Sep 26, 16",-0.2987443186195208
2016-09-27,10.9534,11.0229,10.8392,10.9038,137419,137419,-0.019861,-0.182,10.9033,"Sep 27, 16",-0.3000154071335028
2016-09-28,10.9038,10.9634,10.7647,10.874,172293,172293,-0.029792,-0.273,10.8621,"Sep 28, 16",-0.3019284595434352
2016-09-29,10.8839,10.9733,10.8045,10.8839,196427,196427,0.009931,0.091,10.8919,"Sep 29, 16",-0.30129291528644425
2016-09-30,10.9038,11.1223,10.8343,11.0925,242636,242636,0.208542,1.916,11.0054,"Sep 30, 16",-0.28790154841691706
2016-10-03,11.0726,11.162,10.7846,11.0329,208264,208264,-0.059583,-0.537,10.9724,"Oct 3, 16",-0.29172765323678196
2016-10-04,11.0428,11.3407,11.0428,11.2712,170852,170852,0.238334,2.16,11.2114,"Oct 4, 16",-0.2764296535962817
2016-10-05,11.2811,11.7082,11.2712,11.6287,416397,416397,0.357499,3.172,11.6044,"Oct 5, 16",-0.2534794443160516
2016-10-06,11.4698,11.5195,11.1421,11.4996,284669,284669,-0.129096,-1.11,11.3807,"Oct 6, 16",-0.26176719821277256
2016-10-07,11.5294,11.7777,11.3209,11.6287,814228,814228,0.129096,1.123,11.5768,"Oct 7, 16",-0.2534794443160516
2016-10-10,11.6188,11.9167,11.6188,11.9167,255617,255617,0.287988,2.477,11.829,"Oct 10, 16",-0.23499088411267743
2016-10-11,11.8894,11.8894,11.3327,11.3526,287097,287097,-0.564143,-4.734,11.5219,"Oct 11, 16",-0.27120406748324466
2016-10-12,11.3327,11.4221,11.2333,11.3128,303876,303876,-0.039765,-0.35,11.3106,"Oct 12, 16",-0.2737590837891277
2016-10-13,11.2333,11.2631,10.6766,10.6766,303319,303319,-0.63622,-5.624,10.8382,"Oct 13, 16",-0.3146008268494979
2016-10-14,10.6666,10.8356,10.2889,10.3684,379048,379048,-0.30817,-2.886,10.4128,"Oct 14, 16",-0.3343861541226922
2016-10-17,10.2392,10.4877,10.1398,10.1895,266039,266039,-0.178936,-1.726,10.3049,"Oct 17, 16",-0.3458708882212464
2016-10-18,10.2889,10.438,10.2392,10.2889,189520,189520,0.099409,0.976,10.3316,"Oct 18, 16",-0.33948976709549855
2016-10-19,10.2889,10.4381,10.1895,10.3386,270329,270329,0.049705,0.483,10.3376,"Oct 19, 16",-0.33629920653262463
2016-10-20,10.2889,10.5374,10.2889,10.5374,73063,73063,0.198818,1.923,10.4699,"Oct 20, 16",-0.3235369642811288
2016-10-21,10.3883,10.5374,10.2889,10.3386,213930,213930,-0.198818,-1.887,10.4087,"Oct 21, 16",-0.33629920653262463
2016-10-24,10.3883,10.5374,10.0901,10.2392,184648,184648,-0.099408,-0.962,10.2117,"Oct 24, 16",-0.3426803276583725
2016-10-25,10.1895,10.2392,10.0403,10.0901,197889,197889,-0.149115,-1.456,10.1058,"Oct 25, 16",-0.35225200934699435
2016-10-26,10.0901,10.0901,9.8912,10.0403,556007,556007,-0.049706,-0.493,10.0216,"Oct 26, 16",-0.35544898954882775
2016-10-27,9.9906,10.0901,9.4439,9.5433,558678,558678,-0.497046,-4.95,9.6981,"Oct 27, 16",-0.38735459517756715
2016-10-28,9.5433,9.7421,9.4936,9.7421,409573,409573,0.198819,2.083,9.6197,"Oct 28, 16",-0.37459235292607135
2016-10-31,7.9528,9.2948,7.9528,9.096,771775,771775,-0.646163,-6.633,8.9372,"Oct 31, 16",-0.4160696402434327
2016-11-01,9.096,9.1457,8.9717,9.0463,282414,282414,-0.049703,-0.546,9.0349,"Nov 1, 16",-0.4192602008063066
2016-11-02,9.0463,9.096,8.8474,8.9965,318993,318993,-0.049706,-0.549,8.9612,"Nov 2, 16",-0.4224571810081401
2016-11-03,9.0463,9.593,8.9965,9.3445,399781,399781,0.347934,3.867,9.3343,"Nov 3, 16",-0.40011683742906295
2016-11-04,9.4439,9.6427,9.3445,9.4439,239460,239460,0.099409,1.064,9.5071,"Nov 4, 16",-0.3937357163033151
2016-11-07,9.7918,10.2889,9.6924,9.9409,361400,361400,0.497047,5.263,9.9883,"Nov 7, 16",-0.3618301106745757
2016-11-08,10.0901,10.1895,9.7918,10.1398,228097,228097,0.19882,2,10.0452,"Nov 8, 16",-0.34906144878412043
2016-11-09,10.2889,10.7859,9.9906,10.6865,351862,351862,0.546751,5.392,10.5184,"Nov 9, 16",-0.31396528259250694
2016-11-10,10.7859,11.4321,10.7859,11.3824,366360,366360,0.695865,6.512,11.2069,"Nov 10, 16",-0.2692910150733122
2016-11-11,11.4321,11.9291,11.283,11.7303,347796,347796,0.347934,3.057,11.6959,"Nov 11, 16",-0.24695709113319467
2016-11-14,11.78,12.0534,11.6806,11.8297,495586,495586,0.09941,0.847,11.8026,"Nov 14, 16",-0.2405759700074467
2016-11-15,11.8297,11.8794,11.283,11.8297,245114,245114,0,0,11.7179,"Nov 15, 16",-0.2405759700074467
2016-11-16,11.8297,11.9788,11.6806,11.78,155788,155788,-0.049705,-0.42,11.8101,"Nov 16, 16",-0.24376653057032074
2016-11-17,11.8794,12.1279,11.6806,11.7303,225693,225693,-0.049705,-0.422,11.8629,"Nov 17, 16",-0.24695709113319467
2016-11-18,11.8297,12.0285,11.7303,11.8297,205622,205622,0.09941,0.847,11.8604,"Nov 18, 16",-0.2405759700074467
2016-11-21,11.78,12.3268,11.78,12.3268,1612549,1612549,0.497046,4.202,12.1132,"Nov 21, 16",-0.20866394473974778
2016-11-22,12.3765,12.3765,11.283,11.5812,494557,494557,-0.745572,-6.048,11.6135,"Nov 22, 16",-0.2565287728218164
2016-11-23,11.4818,11.7303,11.4321,11.4818,347991,347991,-0.099407,-0.858,11.513,"Nov 23, 16",-0.26290989394756437
2016-11-25,11.4321,11.7055,11.4321,11.6806,62426,62426,0.198819,1.732,11.5935,"Nov 25, 16",-0.25014765169606856
2016-11-28,11.7303,11.78,11.4818,11.6806,168058,168058,0,0,11.6653,"Nov 28, 16",-0.25014765169606856
2016-11-29,11.6806,11.7303,11.3327,11.3824,177480,177480,-0.29823,-2.553,11.4737,"Nov 29, 16",-0.2692910150733122
2016-11-30,11.3824,11.7303,11.3824,11.4321,278250,278250,0.049705,0.437,11.476,"Nov 30, 16",-0.2661004545104383
2016-12-01,11.3824,11.4818,11.0344,11.283,291166,291166,-0.149114,-1.304,11.285,"Dec 1, 16",-0.27567213619906017
2016-12-02,11.283,11.5315,11.2333,11.5315,270664,270664,0.248523,2.203,11.4707,"Dec 2, 16",-0.25971933338469044
2016-12-05,11.5315,11.9788,11.4818,11.9788,299654,299654,0.447343,3.879,11.7953,"Dec 5, 16",-0.23100428831882494
2016-12-06,11.9788,12.3765,11.9788,12.2274,289913,289913,0.248524,2.075,12.1571,"Dec 6, 16",-0.21504506586549574
2016-12-07,12.1776,12.4759,12.0782,12.1776,200162,200162,-0.049706,-0.407,12.2451,"Dec 7, 16",-0.21824204606732914
2016-12-08,12.1279,12.5256,12.1279,12.4262,221413,221413,0.248526,2.041,12.3655,"Dec 8, 16",-0.20228282361399993
2016-12-09,12.5256,12.7244,12.5256,12.7244,268649,268649,0.298226,2.4,12.6353,"Dec 9, 16",-0.1831394602367563
2016-12-12,12.6747,13.1717,12.6747,13.0226,405605,405605,0.298228,2.344,13.0072,"Dec 12, 16",-0.16399609685951255
2016-12-13,13.0723,13.3209,13.0723,13.1717,194717,194717,0.149114,1.145,13.2148,"Dec 13, 16",-0.15442441517089078
2016-12-14,13.1717,13.2215,12.8238,13.122,174093,174093,-0.049704,-0.377,13.0314,"Dec 14, 16",-0.1576149757337647
2016-12-15,13.0723,13.3706,12.9729,13.0723,249567,249567,-0.049705,-0.379,13.1115,"Dec 15, 16",-0.16080553629663863
2016-12-16,13.0723,13.1717,12.8487,13.0226,915731,915731,-0.049705,-0.38,13.018,"Dec 16, 16",-0.16399609685951255
2016-12-19,13.0723,13.2712,13.0226,13.1717,177105,177105,0.149114,1.145,13.1394,"Dec 19, 16",-0.15442441517089078
2016-12-20,13.2215,13.3706,12.8487,12.9729,182449,182449,-0.19882,-1.509,13.0483,"Dec 20, 16",-0.1671866574223866
2016-12-21,12.9729,13.0723,12.7741,12.9232,143979,143979,-0.049702,-0.383,12.9219,"Dec 21, 16",-0.1703772179852605
2016-12-22,12.8735,13.1717,12.8238,12.9729,123712,123712,0.049702,0.385,13.0066,"Dec 22, 16",-0.1671866574223866
2016-12-23,12.9232,13.1469,12.8735,12.9232,73035,73035,-0.049702,-0.383,12.9757,"Dec 23, 16",-0.1703772179852605
2016-12-27,12.9729,13.2712,12.8735,12.9232,100003,100003,0,0,12.9927,"Dec 27, 16",-0.1703772179852605
2016-12-28,12.9232,12.9232,12.3268,12.6747,215329,215329,-0.248524,-1.923,12.6064,"Dec 28, 16",-0.18633002079963024
2016-12-29,12.6747,13.0723,12.5256,13.0723,272995,272995,0.397637,3.137,12.8824,"Dec 29, 16",-0.16080553629663863
2016-12-30,13.035,13.1843,12.9355,12.9853,227390,227390,-0.087061,-0.666,13.0383,"Dec 30, 16",-0.1663906221914079
2017-01-03,13.1345,13.1345,12.7863,12.9853,170716,170716,0,0,12.9702,"Jan 3, 17",-0.1663906221914079
2017-01-04,12.9355,13.7067,12.9355,13.6321,348921,348921,0.646778,4.981,13.4329,"Jan 4, 17",-0.12486839740133016
2017-01-05,13.5325,13.6321,13.1843,13.234,195337,195337,-0.398016,-2.92,13.3209,"Jan 5, 17",-0.1504249800991192
2017-01-06,13.2838,13.2838,12.8858,12.9853,396122,396122,-0.248762,-1.88,13.0555,"Jan 6, 17",-0.1663906221914079
2017-01-09,13.035,13.1345,12.6868,12.7365,163813,163813,-0.248759,-1.916,12.8535,"Jan 9, 17",-0.1823626839226562
2017-01-10,12.7863,12.9604,12.637,12.8858,278131,278131,0.149256,1.172,12.8038,"Jan 10, 17",-0.17277816295611534
2017-01-11,12.8858,12.8858,12.3882,12.5873,121258,121258,-0.298511,-2.317,12.6384,"Jan 11, 17",-0.19194078525023744
2017-01-12,12.5375,12.5375,12.1892,12.1892,185115,185115,-0.398018,-3.162,12.2712,"Jan 12, 17",-0.2174973679480266
2017-01-13,12.2887,12.637,12.1644,12.1892,159533,159533,0,0,12.3402,"Jan 13, 17",-0.2174973679480266
2017-01-17,12.0897,12.2887,11.9902,12.1395,188380,188380,-0.049752,-0.408,12.1289,"Jan 17, 17",-0.22068792851090052
2017-01-18,12.1892,12.239,11.642,11.8907,139073,139073,-0.24876,-2.049,11.9006,"Jan 18, 17",-0.2366599902421487
2017-01-19,11.9902,12.2639,11.8907,12.1892,158662,158662,0.298512,2.51,12.0701,"Jan 19, 17",-0.2174973679480266
2017-01-20,12.1892,12.1892,11.9405,12.1395,149822,149822,-0.049752,-0.408,12.0837,"Jan 20, 17",-0.22068792851090052
2017-01-23,12.0897,12.239,11.9405,12.0897,149923,149923,-0.049751,-0.41,12.0685,"Jan 23, 17",-0.22388490871273392
2017-01-24,12.0897,12.239,11.9405,11.9902,266991,266991,-0.099504,-0.823,12.0598,"Jan 24, 17",-0.23027244947744138
2017-01-25,12.1395,12.239,11.841,11.9902,548443,548443,0,0,11.9846,"Jan 25, 17",-0.23027244947744138
2017-01-26,11.9405,11.9902,11.4927,11.5425,183856,183856,-0.447769,-3.734,11.6219,"Jan 26, 17",-0.25901317309914484
2017-01-27,11.5425,11.5425,11.244,11.3435,230574,230574,-0.199007,-1.724,11.3588,"Jan 27, 17",-0.27178825462855966
2017-01-30,11.2937,11.3435,11.0449,11.2937,175544,175544,-0.049752,-0.439,11.2536,"Jan 30, 17",-0.27498523483039317
2017-01-31,11.2937,11.4927,11.2191,11.443,299078,299078,0.149256,1.322,11.3942,"Jan 31, 17",-0.2654007138638523
2017-02-01,11.443,11.6917,11.0947,11.1445,333187,333187,-0.298513,-2.609,11.2673,"Feb 1, 17",-0.2845633361579744
2017-02-02,11.1445,11.3435,10.9803,11.0947,200425,200425,-0.049751,-0.446,11.1453,"Feb 2, 17",-0.2877603163598079
2017-02-03,11.1942,11.4927,11.0449,11.443,263235,263235,0.348264,3.139,11.2665,"Feb 3, 17",-0.2654007138638523
2017-02-06,11.443,11.642,11.2937,11.3932,169105,169105,-0.049754,-0.435,11.396,"Feb 6, 17",-0.26859769406568573
2017-02-07,11.443,11.7912,11.1942,11.1942,171069,171069,-0.199007,-1.747,11.3479,"Feb 7, 17",-0.2813727755951005
2017-02-08,11.1942,11.5922,11.0947,11.443,262080,262080,0.248761,2.222,11.3955,"Feb 8, 17",-0.2654007138638523
2017-02-09,10.3982,11.6917,9.8509,11.244,655711,655711,-0.199009,-1.739,10.9786,"Feb 9, 17",-0.2781757953932671
2017-02-10,11.2937,11.5922,11.0947,11.5922,591476,591476,0.348265,3.097,11.4167,"Feb 10, 17",-0.2558226125362709
2017-02-13,11.5922,12.0897,11.5176,11.7912,373830,373830,0.199008,1.717,11.7935,"Feb 13, 17",-0.24304753100685617
2017-02-14,11.7415,12.637,11.7415,12.2887,345828,345828,0.497519,4.219,12.3015,"Feb 14, 17",-0.21110982718331917
2017-02-15,12.1892,12.3882,12.0897,12.239,124682,124682,-0.049751,-0.405,12.2518,"Feb 15, 17",-0.2143003877461931
2017-02-16,12.239,12.239,11.8907,12.0897,192316,192316,-0.149256,-1.22,12.0448,"Feb 16, 17",-0.22388490871273392
2017-02-17,12.0897,12.1146,11.841,11.9902,161308,161308,-0.099504,-0.823,11.9753,"Feb 17, 17",-0.23027244947744138
2017-02-21,12.1395,12.2887,12.0897,12.239,99949,99949,0.24876,2.075,12.2204,"Feb 21, 17",-0.2143003877461931
2017-02-22,12.1395,12.3634,11.9902,12.239,179619,179619,0,0,12.1992,"Feb 22, 17",-0.2143003877461931
2017-02-23,12.2887,12.2887,11.8907,12.0897,141496,141496,-0.149256,-1.22,12.1065,"Feb 23, 17",-0.22388490871273392
2017-02-24,11.9902,12.1395,11.9405,12.1395,101476,101476,0.049751,0.412,12.0603,"Feb 24, 17",-0.22068792851090052
2017-02-27,12.04,12.2887,11.9156,12.0897,182233,182233,-0.049751,-0.41,12.0932,"Feb 27, 17",-0.22388490871273392
2017-02-28,12.04,12.3385,11.7912,12.04,181054,181054,-0.049752,-0.412,12.0859,"Feb 28, 17",-0.22707546927560798
2017-03-01,12.239,12.3385,12.0897,12.1892,246342,246342,0.149255,1.24,12.1794,"Mar 1, 17",-0.2174973679480266
2017-03-02,12.1395,12.1892,11.8907,11.9902,109138,109138,-0.199007,-1.633,12.0206,"Mar 2, 17",-0.23027244947744138
2017-03-03,11.9902,12.1892,11.7415,11.8907,151368,151368,-0.099505,-0.83,11.8933,"Mar 3, 17",-0.2366599902421487
2017-03-06,11.7912,11.9405,11.642,11.841,125000,125000,-0.049751,-0.418,11.8217,"Mar 6, 17",-0.23985055080502274
2017-03-07,11.7912,11.7912,11.4927,11.642,184461,184461,-0.199008,-1.681,11.6375,"Mar 7, 17",-0.2526256323344375
2017-03-08,11.6917,11.7912,11.3435,11.443,202824,202824,-0.199008,-1.709,11.477,"Mar 8, 17",-0.2654007138638523
2017-03-09,11.443,11.7415,11.443,11.5425,117773,117773,0.099503,0.87,11.5722,"Mar 9, 17",-0.25901317309914484
2017-03-10,11.5425,11.7415,11.443,11.642,126719,126719,0.099505,0.862,11.6126,"Mar 10, 17",-0.2526256323344375
2017-03-13,11.5922,11.841,11.5425,11.7912,124981,124981,0.149256,1.282,11.7354,"Mar 13, 17",-0.24304753100685617
2017-03-14,11.6917,11.7415,11.1942,11.4927,284510,284510,-0.298511,-2.532,11.4645,"Mar 14, 17",-0.26221015330097835
2017-03-15,11.5425,11.8907,11.5425,11.7912,171844,171844,0.298511,2.597,11.7882,"Mar 15, 17",-0.24304753100685617
2017-03-16,11.7912,12.1395,11.7912,12.0897,177852,177852,0.298512,2.532,11.9969,"Mar 16, 17",-0.22388490871273392
2017-03-17,12.04,12.637,11.9903,12.438,665951,665951,0.348264,2.881,12.3592,"Mar 17, 17",-0.2015253062167783
2017-03-20,12.438,12.438,11.9405,12.04,181956,181956,-0.398016,-3.2,12.0867,"Mar 20, 17",-0.22707546927560798
2017-03-21,12.1395,12.4868,11.6917,11.8907,202630,202630,-0.149257,-1.24,11.9176,"Mar 21, 17",-0.2366599902421487
2017-03-22,11.841,11.8907,11.4927,11.4927,209807,209807,-0.398014,-3.347,11.6589,"Mar 22, 17",-0.26221015330097835
2017-03-23,11.5425,11.642,11.2937,11.3932,244375,244375,-0.099507,-0.866,11.4742,"Mar 23, 17",-0.26859769406568573
2017-03-24,11.443,11.6917,11.1208,11.1445,265999,265999,-0.248759,-2.183,11.2585,"Mar 24, 17",-0.2845633361579744
2017-03-27,10.8957,11.7912,10.8957,11.7415,279599,279599,0.597024,5.357,11.4928,"Mar 27, 17",-0.2462380915697301
2017-03-28,11.6917,11.7912,11.3932,11.4927,395370,395370,-0.248758,-2.119,11.5881,"Mar 28, 17",-0.26221015330097835
2017-03-29,11.443,11.9405,11.443,11.7415,184584,184584,0.248758,2.164,11.7198,"Mar 29, 17",-0.2462380915697301
2017-03-30,11.7539,11.9531,11.5547,11.8037,200260,200260,0.062254,0.53,11.8148,"Mar 30, 17",-0.2422450761369181
2017-03-31,11.8037,12.0029,11.6543,11.8535,247090,247090,0.049804,0.422,11.8673,"Mar 31, 17",-0.23904809593508455
2017-04-03,11.8535,12.0528,11.1563,11.3057,381364,381364,-0.547854,-4.622,11.4624,"Apr 3, 17",-0.27421487815525253
2017-04-04,11.2559,11.4053,10.7578,10.7578,432003,432003,-0.547851,-4.846,10.9414,"Apr 4, 17",-0.30938808001438
2017-04-05,10.9072,11.0069,10.459,10.5586,590404,590404,-0.199219,-1.852,10.6694,"Apr 5, 17",-0.32217600082171377
2017-04-06,10.5586,10.8076,10.459,10.5088,289493,289493,-0.049805,-0.472,10.5632,"Apr 6, 17",-0.32537298102354717
2017-04-07,10.459,10.5586,10.2598,10.3594,368706,368706,-0.149413,-1.422,10.3769,"Apr 7, 17",-0.33496392162904753
2017-04-10,10.4092,10.6084,10.1602,10.3594,336415,336415,0,0,10.3472,"Apr 10, 17",-0.33496392162904753
2017-04-11,10.3594,10.708,10.2598,10.5586,201988,201988,0.199218,1.923,10.5695,"Apr 11, 17",-0.32217600082171377
2017-04-12,10.6084,10.8574,10.459,10.6582,166283,166283,0.09961,0.943,10.6511,"Apr 12, 17",-0.3157820404180468
2017-04-13,10.6084,10.708,10.459,10.459,152743,152743,-0.199219,-1.869,10.5516,"Apr 13, 17",-0.3285699612253807
2017-04-17,10.6084,11.6543,10.6084,11.6543,445119,445119,1.1953,11.429,11.3645,"Apr 17, 17",-0.25183601674241846
2017-04-18,11.5547,12.0528,11.4551,12.0528,305869,305869,0.398438,3.419,11.9224,"Apr 18, 17",-0.2262537554887913
2017-04-19,12.0528,12.4014,12.0029,12.1026,259519,259519,0.049803,0.413,12.1673,"Apr 19, 17",-0.2230567752869578
2017-04-20,12.252,12.6006,12.1773,12.252,282390,282390,0.149415,1.235,12.3654,"Apr 20, 17",-0.21346583468145744
2017-04-21,12.252,12.3516,11.9531,12.1524,239669,239669,-0.09961,-0.813,12.1809,"Apr 21, 17",-0.21985979508512438
2017-04-24,12.3516,12.501,12.252,12.4512,191489,191489,0.29883,2.459,12.399,"Apr 24, 17",-0.2006779138741237
2017-04-25,12.6006,13.0987,12.5508,12.5508,254878,254878,0.099608,0.8,12.7657,"Apr 25, 17",-0.19428395347045677
2017-04-26,12.5508,13.0488,12.5508,12.999,287846,287846,0.448243,3.571,12.8427,"Apr 26, 17",-0.16551113165395573
2017-04-27,13.0488,13.2979,12.8994,13.1983,304116,304116,0.199219,1.533,13.1433,"Apr 27, 17",-0.15271679120766246
2017-04-28,15.061,16.585,14.294,14.6426,1076473,1076473,1.4443,10.943,14.8826,"Apr 28, 17",-0.059997945715532935
2017-05-01,14.7422,15.3399,14.7422,15.1905,462312,462312,0.547851,3.741,15.1393,"May 1, 17",-0.024824743856405478
2017-05-02,15.4395,15.5889,14.9414,14.9912,541290,541290,-0.199218,-1.311,15.1455,"May 2, 17",-0.037619084302698835
2017-05-03,14.8418,14.9414,14.294,14.4434,443949,443949,-0.547852,-3.654,14.5257,"May 3, 17",-0.0727858665228667
2017-05-04,14.5928,14.6924,14.2442,14.4434,289678,289678,0,0,14.4031,"May 4, 17",-0.0727858665228667
2017-05-05,14.4434,14.6426,14.294,14.3438,239873,239873,-0.09961,-0.69,14.4384,"May 5, 17",-0.07917982692653362
2017-05-08,14.3438,14.6924,14.294,14.6426,322475,322475,0.298829,2.083,14.5081,"May 8, 17",-0.059997945715532935
2017-05-09,14.0449,15.8877,13.9453,15.1905,680214,680214,0.547851,3.741,15.1921,"May 9, 17",-0.024824743856405478
2017-05-10,15.1406,15.5391,14.3936,15.041,699855,699855,-0.149414,-0.984,14.9849,"May 10, 17",-0.03442210410086531
2017-05-11,15.041,15.2901,14.8418,15.041,288822,288822,0,0,15.0106,"May 11, 17",-0.03442210410086531
2017-05-12,14.9414,15.2403,14.6924,14.8418,220937,220937,-0.199218,-1.324,14.8931,"May 12, 17",-0.04721002490819918
2017-05-15,14.8418,15.1905,14.792,14.8916,258295,258295,0.049803,0.336,14.9399,"May 15, 17",-0.044013044706365655
2017-05-16,14.8916,15.041,14.6924,14.9414,286414,286414,0.049806,0.334,14.8685,"May 16, 17",-0.04081606450453225
2017-05-17,14.792,14.9912,14.6426,14.6426,237422,237422,-0.298828,-2,14.7613,"May 17, 17",-0.059997945715532935
2017-05-18,14.543,14.8418,14.2442,14.5928,462455,462455,-0.049806,-0.34,14.6082,"May 18, 17",-0.06319492591736635
2017-05-19,14.543,14.7422,14.4932,14.5928,154236,154236,0,0,14.5962,"May 19, 17",-0.06319492591736635
2017-05-22,14.6426,14.8916,14.6426,14.7422,238257,238257,0.149415,1.024,14.7692,"May 22, 17",-0.053603985311866005
2017-05-23,14.7422,14.9414,14.6485,14.7422,119463,119463,0,0,14.8055,"May 23, 17",-0.053603985311866005
2017-05-24,14.7422,14.8916,14.4434,14.5928,98478,98478,-0.149415,-1.014,14.6337,"May 24, 17",-0.06319492591736635
2017-05-25,14.6426,14.8418,14.4185,14.5928,95826,95826,0,0,14.5868,"May 25, 17",-0.06319492591736635
2017-05-26,14.4932,14.5928,14.2442,14.294,189821,189821,-0.298829,-2.048,14.3514,"May 26, 17",-0.08237680712836704
2017-05-30,14.1944,14.2442,13.8955,14.1446,618764,618764,-0.149414,-1.045,14.0812,"May 30, 17",-0.09196774773386739
2017-05-31,14.1944,14.3438,14.0947,14.0947,149563,149563,-0.049805,-0.352,14.1518,"May 31, 17",-0.0951711475746604
2017-06-01,14.0947,14.3936,13.9951,14.294,357704,357704,0.199219,1.413,14.1949,"Jun 1, 17",-0.08237680712836704
2017-06-02,14.2442,14.5679,14.2442,14.4434,203821,203821,0.149416,1.045,14.4428,"Jun 2, 17",-0.0727858665228667
2017-06-05,14.4434,14.5181,13.9702,14.4932,419309,419309,0.049803,0.345,14.2926,"Jun 5, 17",-0.06958888632103329
2017-06-06,14.3936,14.4932,13.9702,14.0947,215925,215925,-0.398438,-2.749,14.1342,"Jun 6, 17",-0.0951711475746604
2017-06-07,14.0947,14.2193,13.3975,13.4971,416534,416534,-0.597657,-4.24,13.6393,"Jun 7, 17",-0.1335349099966618
2017-06-08,12.6504,12.6504,11.2061,12.2022,4187381,4187381,-1.2949,-9.594,11.9345,"Jun 8, 17",-0.21666281488329098
2017-06-09,12.1524,12.1524,11.7041,11.7539,2587016,2587016,-0.448243,-3.673,11.8496,"Jun 9, 17",-0.2454420563387515
2017-06-12,11.7539,11.7539,11.2061,11.5647,1801499,1801499,-0.189259,-1.61,11.4969,"Jun 12, 17",-0.25758801325013475
2017-06-13,11.7041,11.978,11.4551,11.9531,1177560,1177560,0.388477,3.359,11.773,"Jun 13, 17",-0.23265413553141776
2017-06-14,12.0029,12.0029,11.6045,11.7041,987875,987875,-0.249023,-2.083,11.7658,"Jun 14, 17",-0.24863903654058492
2017-06-15,11.6045,11.9033,11.3555,11.8535,1125361,1125361,0.149415,1.277,11.7657,"Jun 15, 17",-0.23904809593508455
2017-06-16,11.7539,12.252,11.6543,12.1524,1673694,1673694,0.298828,2.521,12.0181,"Jun 16, 17",-0.21985979508512438
2017-06-19,12.2022,12.2271,11.9531,12.1524,479084,479084,0,0,12.1518,"Jun 19, 17",-0.21985979508512438
2017-06-20,12.1524,12.4512,11.9033,12.3516,832208,832208,0.199219,1.639,12.3055,"Jun 20, 17",-0.2070718742777906
2017-06-21,12.3516,12.4263,12.0528,12.3018,712266,712266,-0.049804,-0.403,12.2808,"Jun 21, 17",-0.21026885447962404
2017-06-22,12.3516,12.501,12.2022,12.4014,568516,568516,0.099609,0.81,12.4108,"Jun 22, 17",-0.2038748940759571
2017-06-23,12.4014,12.5508,12.2769,12.501,545613,545613,0.099609,0.803,12.4385,"Jun 23, 17",-0.19748093367229028
2017-06-26,12.501,12.9492,12.4014,12.75,828013,828013,0.249024,1.992,12.7096,"Jun 26, 17",-0.181496032663123
2017-06-27,12.6504,12.75,12.501,12.5508,396243,396243,-0.199219,-1.562,12.6133,"Jun 27, 17",-0.19428395347045677
2017-06-28,12.6006,12.8995,12.5508,12.8994,573016,573016,0.348634,2.778,12.8076,"Jun 28, 17",-0.17190509205762267
2017-06-29,12.862,13.1113,12.8122,13.0615,508934,508934,0.162018,1.256,12.991,"Jun 29, 17",-0.16149885730426514
2017-06-30,13.1113,13.2609,12.9618,13.1612,485886,485886,0.099706,0.763,13.184,"Jun 30, 17",-0.15509847726163883
2017-07-03,13.211,13.2609,12.8122,12.9617,263906,263906,-0.199411,-1.515,12.9412,"Jul 3, 17",-0.16790565698585105
2017-07-05,13.0116,13.211,12.7125,13.0615,350351,350351,0.099705,0.769,13.0642,"Jul 5, 17",-0.16149885730426514
2017-07-06,13.0615,13.1612,12.8122,12.9617,553004,553004,-0.099705,-0.763,13.0186,"Jul 6, 17",-0.16790565698585105
2017-07-07,13.0116,13.0615,12.862,13.0615,621991,621991,0.099705,0.769,12.9801,"Jul 7, 17",-0.16149885730426514
2017-07-10,13.0116,13.1113,12.7125,12.8122,1446341,1446341,-0.249265,-1.908,12.9012,"Jul 10, 17",-0.1775030172303109
2017-07-11,12.8122,13.56,12.7125,13.56,460275,460275,0.747793,5.837,13.3015,"Jul 11, 17",-0.12949695709113312
2017-07-12,13.6597,14.0585,13.56,13.8092,998898,998898,0.249264,1.838,13.8159,"Jul 12, 17",-0.11349921680404687
2017-07-13,13.8591,13.8591,13.1113,13.6098,558818,558818,-0.19941,-1.444,13.4863,"Jul 13, 17",-0.12629997688929973
2017-07-14,13.6597,13.7095,13.3606,13.6597,412822,412822,0.049853,0.366,13.6038,"Jul 14, 17",-0.12309657704850671
2017-07-17,13.6098,13.8092,13.4104,13.4104,524740,524740,-0.249265,-1.825,13.6092,"Jul 17, 17",-0.13910073697455258
2017-07-18,13.4603,13.5101,13.0116,13.1113,476605,476605,-0.299117,-2.23,13.154,"Jul 18, 17",-0.15830187710243174
2017-07-19,13.211,13.2609,13.0116,13.211,1083724,1083724,0.099705,0.76,13.1675,"Jul 19, 17",-0.1519014970598053
2017-07-20,13.211,13.211,13.0116,13.1113,748546,748546,-0.099705,-0.755,13.1107,"Jul 20, 17",-0.15830187710243174
2017-07-21,13.211,13.211,12.5629,12.7623,790571,790571,-0.348971,-2.662,12.7417,"Jul 21, 17",-0.1807064170711039
2017-07-24,12.7623,12.7623,12.2638,12.6128,1245358,1245358,-0.149557,-1.172,12.5477,"Jul 24, 17",-0.19030377731556375
2017-07-25,13.7594,15.9529,13.4104,15.9031,3333020,3333020,3.2903,26.087,15.3016,"Jul 25, 17",0.020921603369026574
2017-07-26,15.7037,16.0526,15.6039,15.9529,2127049,2127049,0.049851,0.313,15.863,"Jul 26, 17",0.024118583570859983
2017-07-27,15.9529,15.9529,15.1054,15.255,757380,757380,-0.697939,-4.375,15.5224,"Jul 27, 17",-0.020684076727524762
2017-07-28,15.6538,15.6538,14.8063,14.9559,1144444,1144444,-0.299117,-1.961,15.0174,"Jul 28, 17",-0.03988521685540403
2017-07-31,15.0556,15.8034,15.0306,15.6039,1233698,1233698,0.648087,4.333,15.5344,"Jul 31, 17",0.0017140436021878095
2017-08-01,15.7037,15.7037,15.3298,15.6039,366761,366761,0,0,15.5402,"Aug 1, 17",0.0017140436021878095
2017-08-02,15.5541,15.6787,15.4045,15.4045,441217,441217,-0.199411,-1.278,15.5195,"Aug 2, 17",-0.011086716483064927
2017-08-03,15.3547,15.6039,15.255,15.4544,420569,420569,0.049852,0.324,15.4216,"Aug 3, 17",-0.007883316642272025
2017-08-04,15.4045,15.5541,15.1303,15.2051,650855,650855,-0.249264,-1.613,15.2468,"Aug 4, 17",-0.023887476568317776
2017-08-07,15.255,15.255,14.6567,14.6567,630655,630655,-0.548382,-3.607,14.865,"Aug 7, 17",-0.05909277662224269
2017-08-08,14.1084,14.906,13.8092,13.9588,1562424,1562424,-0.69794,-4.762,14.1843,"Aug 8, 17",-0.10389543692062755
2017-08-09,13.8591,13.8591,13.4603,13.6597,1116387,1116387,-0.299116,-2.143,13.6873,"Aug 9, 17",-0.12309657704850671
2017-08-10,13.6098,13.8591,13.4104,13.5101,794287,794287,-0.149559,-1.095,13.6391,"Aug 10, 17",-0.13270035693192614
2017-08-11,13.4104,13.8092,13.211,13.6597,757720,757720,0.149559,1.107,13.5251,"Aug 11, 17",-0.12309657704850671
2017-08-14,13.7594,13.7594,13.4104,13.56,431482,431482,-0.099707,-0.73,13.5253,"Aug 14, 17",-0.12949695709113312
2017-08-15,13.56,13.8591,13.5101,13.6597,380168,380168,0.099707,0.735,13.6493,"Aug 15, 17",-0.12309657704850671
2017-08-16,13.7095,13.7843,13.4104,13.4603,277401,277401,-0.199412,-1.46,13.55,"Aug 16, 17",-0.13589733713375957
2017-08-17,13.4104,13.56,13.211,13.3207,212869,212869,-0.139589,-1.037,13.3851,"Aug 17, 17",-0.1448591531212284
2017-08-18,13.2609,13.4104,13.0864,13.4104,197344,197344,0.089736,0.674,13.3263,"Aug 18, 17",-0.13910073697455258
2017-08-21,13.3606,13.4603,13.211,13.2609,524155,524155,-0.149559,-1.115,13.3033,"Aug 21, 17",-0.14869809721901242
2017-08-22,13.3606,13.4852,13.1113,13.4104,256775,256775,0.149559,1.128,13.4092,"Aug 22, 17",-0.13910073697455258
2017-08-23,13.4104,13.5101,13.0864,13.1113,441856,441856,-0.299117,-2.23,13.2609,"Aug 23, 17",-0.15830187710243174
2017-08-24,13.1113,13.4603,13.1113,13.3107,206257,206257,0.199411,1.521,13.3146,"Aug 24, 17",-0.14550111701717888
2017-08-25,13.4603,13.5101,13.1113,13.1612,263747,263747,-0.149558,-1.124,13.2445,"Aug 25, 17",-0.15509847726163883
2017-08-28,13.2609,13.56,13.1612,13.4603,427946,427946,0.299117,2.273,13.4104,"Aug 28, 17",-0.13589733713375957
2017-08-29,13.3107,13.4104,13.211,13.3107,196917,196917,-0.149559,-1.111,13.3083,"Aug 29, 17",-0.14550111701717888
2017-08-30,13.2609,13.3855,13.1612,13.3107,479551,479551,0,0,13.3006,"Aug 30, 17",-0.14550111701717888
2017-08-31,13.4104,13.6098,13.2858,13.4603,288590,288590,0.149559,1.124,13.4459,"Aug 31, 17",-0.13589733713375957
2017-09-01,13.4603,13.7594,13.4603,13.7095,377271,377271,0.249264,1.852,13.6094,"Sep 1, 17",-0.1198995968466733
2017-09-05,13.7095,13.8342,13.5351,13.6597,293773,293773,-0.049852,-0.364,13.6402,"Sep 5, 17",-0.12309657704850671
2017-09-06,13.6597,14.1084,13.56,13.9089,297493,297493,0.249264,1.825,13.8661,"Sep 6, 17",-0.10709883676142057
2017-09-07,13.9588,14.7066,13.7843,14.6567,376789,376789,0.747792,5.376,14.3815,"Sep 7, 17",-0.05909277662224269
2017-09-08,14.557,14.8063,14.4075,14.8063,266565,266565,0.149558,1.02,14.656,"Sep 8, 17",-0.049488996738823364
2017-09-11,14.9559,14.9559,14.6069,14.7564,378467,378467,-0.049852,-0.337,14.7566,"Sep 11, 17",-0.05269239657961638
2017-09-12,14.8562,15.1054,14.8063,15.0057,352954,352954,0.249264,1.689,14.9715,"Sep 12, 17",-0.03668823665357063
2017-09-13,14.9559,15.255,14.906,15.0556,420741,420741,0.049853,0.332,15.1171,"Sep 13, 17",-0.03348483681277761
2017-09-14,15.1054,15.1303,14.557,14.9559,513834,513834,-0.099705,-0.662,14.9173,"Sep 14, 17",-0.03988521685540403
2017-09-15,15.0057,15.6538,14.8063,15.5541,814827,814827,0.598234,4,15.3894,"Sep 15, 17",-0.001482936599645601
2017-09-18,15.5541,15.8034,15.3547,15.6538,769380,769380,0.099707,0.641,15.6283,"Sep 18, 17",0.004917443442980824
2017-09-19,15.6039,15.6538,15.0556,15.5042,518219,518219,-0.14956,-0.955,15.3882,"Sep 19, 17",-0.004686336440438502
2017-09-20,15.5042,15.9031,15.5042,15.7037,859488,859488,0.199411,1.286,15.6793,"Sep 20, 17",0.008120843283773724
2017-09-21,15.7037,15.8532,15.4544,15.6937,636194,636194,-0.009969,-0.063,15.671,"Sep 21, 17",0.0074788793878232465
2017-09-22,15.7037,16.3268,15.5541,16.0028,755934,755934,0.309087,1.969,16.0325,"Sep 22, 17",0.027321983411653
2017-09-25,15.9031,16.2022,15.6787,16.1523,506714,506714,0.149559,0.935,16.0024,"Sep 25, 17",0.03691934365611284
2017-09-26,16.1025,16.1025,15.2051,15.255,808840,808840,-0.897352,-5.556,15.383,"Sep 26, 17",-0.020684076727524762
2017-09-27,15.3048,15.7535,15.255,15.7535,499919,499919,0.498529,3.268,15.524,"Sep 27, 17",0.011317823485607248
2017-09-28,15.7535,15.7535,15.3048,15.5042,1054071,1054071,-0.249265,-1.582,15.5306,"Sep 28, 17",-0.004686336440438502
2017-09-29,15.5042,15.8034,15.4544,15.7037,654262,654262,0.199411,1.286,15.6827,"Sep 29, 17",0.008120843283773724
2017-10-02,15.7037,15.9529,15.5541,15.8034,579055,579055,0.099706,0.635,15.7269,"Oct 2, 17",0.01452122332640015
2017-10-03,15.8532,15.9031,15.3547,15.6538,503118,503118,-0.149557,-0.946,15.562,"Oct 3, 17",0.004917443442980824
2017-10-04,15.5665,15.6164,15.0177,15.1175,845991,845991,-0.536349,-3.426,15.1717,"Oct 4, 17",-0.029511080296844093
2017-10-05,15.1175,15.317,14.9678,15.0676,469979,469979,-0.049893,-0.33,15.1256,"Oct 5, 17",-0.03271448013763699
2017-10-06,14.9678,15.1673,14.5187,14.7183,459450,459450,-0.349248,-2.318,14.7476,"Oct 6, 17",-0.05513827902318775
2017-10-09,14.6684,14.8181,14.0198,14.1695,635675,635675,-0.548818,-3.729,14.2148,"Oct 9, 17",-0.09036925763295074
2017-10-10,14.1695,14.4688,13.9699,14.2194,834660,834660,0.049893,0.352,14.2079,"Oct 10, 17",-0.08716585779215773
2017-10-11,14.1695,14.4688,14.0198,14.0198,364181,364181,-0.199571,-1.404,14.1151,"Oct 11, 17",-0.09997945715532955
2017-10-12,14.0697,14.7183,13.92,14.5686,527317,527317,0.548819,3.915,14.4566,"Oct 12, 17",-0.06474847854556656
2017-10-13,14.5686,14.7183,14.3691,14.419,542737,542737,-0.149678,-1.027,14.5125,"Oct 13, 17",-0.07435225842898589
2017-10-16,14.419,14.6185,14.3691,14.4688,768570,768570,0.049892,0.346,14.4811,"Oct 16, 17",-0.07115527822715248
2017-10-17,14.4688,14.8181,14.3691,14.6684,354565,354565,0.199571,1.379,14.6131,"Oct 17, 17",-0.05834167886398065
2017-10-18,14.6185,14.9179,14.419,14.5686,800302,800302,-0.099785,-0.68,14.6793,"Oct 18, 17",-0.06474847854556656
2017-10-19,14.4688,14.6185,14.419,14.5187,611980,611980,-0.049893,-0.342,14.4975,"Oct 19, 17",-0.06795187838635947
2017-10-20,14.6684,14.7682,14.4688,14.5686,393745,393745,0.049893,0.344,14.586,"Oct 20, 17",-0.06474847854556656
2017-10-23,14.6185,15.2422,14.6185,14.9179,826780,826780,0.349247,2.397,14.9578,"Oct 23, 17",-0.04232467966001592
2017-10-24,15.0676,15.0676,14.7433,14.868,238719,238719,-0.049892,-0.334,14.9159,"Oct 24, 17",-0.045528079500808824
2017-10-25,14.868,15.2671,14.868,15.2671,285459,285459,0.399141,2.685,15.161,"Oct 25, 17",-0.019907300413424766
2017-10-26,15.3669,15.4667,14.9179,14.9179,327635,327635,-0.349249,-2.288,15.1521,"Oct 26, 17",-0.04232467966001592
2017-10-27,14.9179,15.317,14.7183,15.2172,224369,224369,0.299356,2.007,15.0685,"Oct 27, 17",-0.023110700254217666
2017-10-30,15.2172,15.6663,15.0676,15.6164,495571,495571,0.399141,2.623,15.4084,"Oct 30, 17",0.0025164984721259926
2017-10-31,15.5665,15.8658,15.3919,15.4667,334084,334084,-0.149678,-0.958,15.5199,"Oct 31, 17",-0.007093701050252936
2017-11-01,15.6663,15.8658,15.2172,15.4667,225955,225955,0,0,15.4846,"Nov 1, 17",-0.007093701050252936
2017-11-02,15.4168,15.7162,15.2172,15.2671,326153,326153,-0.19957,-1.29,15.3623,"Nov 2, 17",-0.019907300413424766
2017-11-03,15.0676,15.317,14.5686,15.0177,695114,695114,-0.249463,-1.634,14.9905,"Nov 3, 17",-0.03591787997843001
2017-11-06,15.1673,15.317,14.2693,14.419,600074,600074,-0.598711,-3.987,14.6372,"Nov 6, 17",-0.07435225842898589
2017-11-07,14.3192,14.5686,13.92,13.92,455661,455661,-0.498927,-3.46,14.0922,"Nov 7, 17",-0.10638625683691547
2017-11-08,14.7682,16.9136,14.5686,16.8637,2214403,2214403,2.9437,21.147,16.2268,"Nov 8, 17",0.08258865521403089
2017-11-09,16.9136,17.9114,16.4646,17.662,1327156,1327156,0.798281,4.734,17.3288,"Nov 9, 17",0.1338366330277585
2017-11-10,17.2628,17.7119,16.9136,17.4125,1071873,1071873,-0.249463,-1.412,17.4096,"Nov 10, 17",0.11781963382379387
2017-11-13,17.3127,17.4624,16.6641,17.2129,688863,688863,-0.19957,-1.146,17.1188,"Nov 13, 17",0.10500603446062205
2017-11-14,17.2129,17.5123,17.0134,17.4624,400945,400945,0.249463,1.449,17.3614,"Nov 14, 17",0.12102303366458667
2017-11-15,17.3626,17.5123,17.163,17.3626,445601,445601,-0.099786,-0.571,17.3124,"Nov 15, 17",0.11461623398300086
2017-11-16,17.4624,17.6121,17.3626,17.5123,609353,609353,0.149679,0.862,17.5088,"Nov 16, 17",0.12422643350537968
2017-11-17,17.5123,17.7119,17.3127,17.5622,518118,518118,0.049892,0.285,17.5255,"Nov 17, 17",0.1274298333461727
2017-11-20,17.5123,17.662,17.4125,17.5123,371795,371795,-0.049892,-0.284,17.5483,"Nov 20, 17",0.12422643350537968
2017-11-21,17.5622,17.8615,17.3127,17.8615,862434,862434,0.349248,1.994,17.6487,"Nov 21, 17",0.14664381275197083
2017-11-22,17.8117,17.9114,17.662,17.8117,208985,208985,-0.049893,-0.279,17.8101,"Nov 22, 17",0.14344683255013732
2017-11-24,17.9114,17.9114,17.662,17.8615,107884,107884,0.049893,0.28,17.8185,"Nov 24, 17",0.14664381275197083
2017-11-27,17.8117,17.9114,17.4125,17.7119,157067,157067,-0.149678,-0.838,17.648,"Nov 27, 17",0.13704003286855151
2017-11-28,17.7119,17.8615,17.4624,17.8117,315923,315923,0.099785,0.563,17.7086,"Nov 28, 17",0.14344683255013732
2017-11-29,17.8615,17.8615,17.2628,17.5622,189184,189184,-0.249463,-1.401,17.4935,"Nov 29, 17",0.1274298333461727
2017-11-30,17.6121,17.662,17.2628,17.5123,198526,198526,-0.049892,-0.284,17.5033,"Nov 30, 17",0.12422643350537968
2017-12-01,17.3626,17.4624,16.6641,17.2129,572820,572820,-0.299356,-1.709,17.1183,"Dec 1, 17",0.10500603446062205
2017-12-04,17.3127,17.5622,16.9884,17.0134,225775,225775,-0.19957,-1.159,17.2577,"Dec 4, 17",0.09219885473640971
2017-12-05,17.0633,17.3127,16.8637,17.0134,868284,868284,0,0,17.0072,"Dec 5, 17",0.09219885473640971
2017-12-06,16.9136,17.1132,16.8637,17.0134,279329,279329,0,0,16.9924,"Dec 6, 17",0.09219885473640971
2017-12-07,16.9635,17.4873,16.9635,17.3626,381442,381442,0.349247,2.053,17.3505,"Dec 7, 17",0.11461623398300086
2017-12-08,17.4125,17.5123,17.0383,17.1132,267005,267005,-0.249462,-1.437,17.2441,"Dec 8, 17",0.09860565441799551
2017-12-11,17.2129,17.2628,16.8637,16.9635,329102,329102,-0.149678,-0.875,16.9788,"Dec 11, 17",0.0889954548956167
2017-12-12,16.9635,17.3127,16.9635,17.2129,263994,263994,0.249463,1.471,17.1544,"Dec 12, 17",0.10500603446062205
2017-12-13,17.2129,17.662,17.1132,17.3626,209095,209095,0.149677,0.87,17.357,"Dec 13, 17",0.11461623398300086
2017-12-14,17.2628,17.3626,16.9136,17.0134,227375,227375,-0.349247,-2.011,17.0819,"Dec 14, 17",0.09219885473640971
2017-12-15,17.163,17.4125,16.9635,17.3626,766555,766555,0.349247,2.053,17.2626,"Dec 15, 17",0.11461623398300086
2017-12-18,17.4873,17.5123,17.1132,17.2628,429750,429750,-0.099784,-0.575,17.3697,"Dec 18, 17",0.10820943430141483
2017-12-19,17.4125,17.4125,16.9385,17.0134,275343,275343,-0.249463,-1.445,17.122,"Dec 19, 17",0.09219885473640971
2017-12-20,16.9884,17.2129,16.8637,17.0633,216384,216384,0.049892,0.293,17.0535,"Dec 20, 17",0.09540225457720272
2017-12-21,17.0134,17.163,16.8637,16.9635,368773,368773,-0.099785,-0.585,16.96,"Dec 21, 17",0.0889954548956167
2017-12-22,16.7639,17.0633,16.6641,16.9635,236657,236657,0,0,16.9056,"Dec 22, 17",0.0889954548956167
2017-12-26,16.9635,17.1132,16.8637,16.9635,99097,99097,0,0,16.9757,"Dec 26, 17",0.0889954548956167
2017-12-27,17.0633,17.3127,16.5643,16.7639,346305,346305,-0.19957,-1.176,16.8076,"Dec 27, 17",0.07618185553244486
2017-12-28,16.8637,17.0633,16.7639,16.9635,361946,361946,0.19957,1.19,16.8885,"Dec 28, 17",0.0889954548956167
2017-12-29,16.9635,17.163,16.7639,16.8138,241614,241614,-0.149677,-0.882,16.8542,"Dec 29, 17",0.07938525537323787
2018-01-02,16.9136,17.3127,16.8637,17.1132,187913,187913,0.299355,1.78,17.0733,"Jan 2, 18",0.09860565441799551
2018-01-03,17.0757,17.4252,16.7761,17.3753,324992,324992,0.262129,1.532,17.2223,"Jan 3, 18",0.11543152813085791
2018-01-04,17.3753,17.4751,16.9759,17.1256,200650,200650,-0.249644,-1.437,17.1364,"Jan 4, 18",0.09940168964897408
2018-01-05,17.1256,17.1256,16.7761,17.0258,714313,714313,-0.099858,-0.583,16.9293,"Jan 5, 18",0.09299488996738829
2018-01-08,16.9259,16.9259,16.177,16.2768,529916,529916,-0.748935,-4.399,16.4059,"Jan 8, 18",0.04491179416069653
2018-01-09,16.3767,16.5265,16.0771,16.1271,478377,478377,-0.149787,-0.92,16.1837,"Jan 9, 18",0.03530159463831749
2018-01-10,16.177,16.177,15.7776,16.1271,182932,182932,0,0,16.0209,"Jan 10, 18",0.03530159463831749
2018-01-11,16.0771,16.8261,16.0272,16.7761,238978,238978,0.649077,4.025,16.5623,"Jan 11, 18",0.07696505148550446
2018-01-12,16.7262,17.0258,16.6763,17.0258,283466,283466,0.249645,1.488,16.947,"Jan 12, 18",0.09299488996738829
2018-01-16,17.0757,17.2255,16.876,17.0258,243010,243010,0,0,17.0136,"Jan 16, 18",0.09299488996738829
2018-01-17,17.0757,17.1256,16.6763,16.8261,224117,224117,-0.199717,-1.173,16.8816,"Jan 17, 18",0.08017487096525697
2018-01-18,16.7262,16.9259,16.6263,16.6263,165731,165731,-0.199715,-1.187,16.7267,"Jan 18, 18",0.06734843232416615
2018-01-19,16.6263,17.0258,16.6263,16.886,135918,135918,0.25963,1.562,16.8656,"Jan 19, 18",0.08402023470200035
2018-01-22,16.9259,17.2754,16.9259,17.2255,365092,365092,0.339518,2.011,17.1728,"Jan 22, 18",0.1058149089695196
2018-01-23,17.1256,17.6249,17.0757,17.575,1488952,1488952,0.349503,2.029,17.3107,"Jan 23, 18",0.12825154713298922
2018-01-24,17.6749,18.0244,17.6749,17.8246,261389,261389,0.249644,1.42,17.8258,"Jan 24, 18",0.14427496597591358
2018-01-25,18.0244,18.1242,17.8246,17.9744,620187,620187,0.149787,0.84,17.9749,"Jan 25, 18",0.15389158513725187
2018-01-26,17.9245,18.0743,17.7248,17.9744,118928,118928,0,0,17.9057,"Jan 26, 18",0.15389158513725187
2018-01-29,17.8746,18.299,17.8246,18.2241,315835,315835,0.249645,1.389,18.1449,"Jan 29, 18",0.1699214236191357
2018-01-30,18.0244,18.5736,18.0244,18.4737,279248,279248,0.249645,1.37,18.4068,"Jan 30, 18",0.18594484246206003
2018-01-31,18.5736,18.5904,18.0743,18.3739,235788,235788,-0.099859,-0.541,18.291,"Jan 31, 18",0.179538042780474
2018-02-01,18.3239,18.4987,17.8746,18.0244,270867,270867,-0.349502,-1.902,18.1244,"Feb 1, 18",0.15710140461700436
2018-02-02,17.9245,18.1242,17.6749,17.9245,354416,354416,-0.099858,-0.554,17.9258,"Feb 2, 18",0.15068818529645886
2018-02-05,17.9245,18.1242,17.6249,17.9744,388956,388956,0.049929,0.279,17.9136,"Feb 5, 18",0.15389158513725187
2018-02-06,17.8746,18.0743,17.1756,17.4252,645729,645729,-0.549219,-3.056,17.5346,"Feb 6, 18",0.11863492797165093
2018-02-07,17.4751,17.4751,16.9259,17.1256,763541,763541,-0.299573,-1.719,17.2005,"Feb 7, 18",0.09940168964897408
2018-02-08,17.4751,19.0229,17.3254,18.4737,1527323,1527323,1.3481,7.872,18.2941,"Feb 8, 18",0.18594484246206003
2018-02-09,18.5736,18.9231,17.4252,18.4737,982344,982344,0,0,18.3801,"Feb 9, 18",0.18594484246206003
2018-02-12,18.5236,18.6734,18.0244,18.3239,371644,371644,-0.149787,-0.811,18.3229,"Feb 12, 18",0.1763282233007215
2018-02-13,18.2241,18.5736,17.8746,18.4238,475555,475555,0.099858,0.545,18.2755,"Feb 13, 18",0.18274144262126701
2018-02-14,18.4238,18.4238,17.8746,18.2241,740616,740616,-0.199716,-1.084,18.192,"Feb 14, 18",0.1699214236191357
2018-02-15,18.3239,18.4068,18.0244,18.1741,503506,503506,-0.049929,-0.274,18.1894,"Feb 15, 18",0.16671160413938318
2018-02-16,18.2241,18.6734,18.1242,18.274,523802,523802,0.099858,0.549,18.2921,"Feb 16, 18",0.17312482345992872
2018-02-20,18.0244,18.4737,18.0244,18.274,337794,337794,0,0,18.222,"Feb 20, 18",0.17312482345992872
2018-02-21,18.274,18.5236,18.0743,18.2241,326308,326308,-0.049929,-0.273,18.2726,"Feb 21, 18",0.1699214236191357
2018-02-22,18.274,18.6485,17.8246,17.9445,188137,188137,-0.279603,-1.534,18.1508,"Feb 22, 18",0.15197211308836003
2018-02-23,18.1242,18.1741,17.5251,17.8246,314379,314379,-0.119829,-0.668,17.8381,"Feb 23, 18",0.14427496597591358
2018-02-26,17.8246,18.0244,17.4252,17.8746,276466,276466,0.049929,0.28,17.6829,"Feb 26, 18",0.14748478545566607
2018-02-27,17.8746,17.9744,17.6249,17.8746,376991,376991,0,0,17.7904,"Feb 27, 18",0.14748478545566607
2018-02-28,17.8746,17.9744,17.1756,17.1756,262069,262069,-0.699006,-3.911,17.4371,"Feb 28, 18",0.10261150912872659
2018-03-01,17.1756,17.2754,16.7262,16.876,502014,502014,-0.299573,-1.744,16.9573,"Mar 1, 18",0.08337827080604998
2018-03-02,16.876,17.2754,16.7262,17.2255,193052,193052,0.349503,2.071,17.1254,"Mar 2, 18",0.1058149089695196
2018-03-05,17.2255,17.3753,17.0757,17.2754,236612,236612,0.049928,0.29,17.2631,"Mar 5, 18",0.10901830881031262
2018-03-06,17.2754,17.7248,17.2754,17.575,278013,278013,0.299575,1.734,17.5318,"Mar 6, 18",0.12825154713298922
2018-03-07,17.575,17.9744,17.575,17.8746,290571,290571,0.299573,1.705,17.7918,"Mar 7, 18",0.14748478545566607
2018-03-08,17.8746,17.9744,17.6249,17.7747,197080,197080,-0.099858,-0.559,17.7902,"Mar 8, 18",0.14107156613512056
2018-03-09,17.7747,18.0244,17.6749,17.8246,314788,314788,0.049929,0.281,17.8382,"Mar 9, 18",0.14427496597591358
2018-03-12,17.9245,18.8232,17.8246,18.5736,824355,824355,0.748935,4.202,18.5173,"Mar 12, 18",0.1923580617826053
2018-03-13,18.5736,18.7234,18.274,18.3239,266102,266102,-0.249645,-1.344,18.4191,"Mar 13, 18",0.1763282233007215
2018-03-14,18.3239,18.5736,18.0743,18.2241,448573,448573,-0.099858,-0.545,18.2355,"Mar 14, 18",0.1699214236191357
2018-03-15,18.1741,18.4238,18.0244,18.1242,177846,177846,-0.099858,-0.548,18.189,"Mar 15, 18",0.16350820429859017
2018-03-16,18.0743,18.1991,17.4751,17.575,598143,598143,-0.549218,-3.03,17.6517,"Mar 16, 18",0.12825154713298922
2018-03-19,17.575,17.6749,17.1256,17.2255,418400,418400,-0.349503,-1.989,17.3028,"Mar 19, 18",0.1058149089695196
2018-03-20,17.3254,17.6249,17.2255,17.4252,227807,227807,0.199715,1.159,17.4736,"Mar 20, 18",0.11863492797165093
2018-03-21,17.4252,18.0743,17.2754,17.9245,443476,443476,0.49929,2.865,17.7862,"Mar 21, 18",0.15068818529645886
2018-03-22,17.9245,18.1741,17.3753,17.4252,258091,258091,-0.49929,-2.786,17.6276,"Mar 22, 18",0.11863492797165093
2018-03-23,17.5251,17.575,17.1756,17.2255,226868,226868,-0.199715,-1.146,17.3459,"Mar 23, 18",0.1058149089695196
2018-03-26,17.3254,17.8746,17.3004,17.6749,193072,193072,0.449361,2.609,17.5346,"Mar 26, 18",0.13466476645353476
2018-03-27,17.7248,17.7248,17.0258,17.1256,561460,561460,-0.549219,-3.107,17.3247,"Mar 27, 18",0.09940168964897408
2018-03-28,17.2754,17.3753,17.0258,17.2255,243474,243474,0.099858,0.583,17.212,"Mar 28, 18",0.1058149089695196
2018-03-29,17.2255,17.55,17.0757,17.3753,212473,212473,0.149786,0.87,17.4034,"Mar 29, 18",0.11543152813085791
2018-04-02,17.2754,17.575,16.5265,16.6763,377250,377250,-0.699005,-4.023,16.8091,"Apr 2, 18",0.07055825180391866
2018-04-03,16.7887,16.9386,16.339,16.6888,267786,267786,0.0125,0.075,16.636,"Apr 3, 18",0.07136070667385673
2018-04-04,16.5389,16.9386,16.389,16.7887,377664,377664,0.099932,0.599,16.6816,"Apr 4, 18",0.07777392599440203
2018-04-05,16.9386,17.3883,16.7887,17.3883,167796,167796,0.599597,3.571,17.2179,"Apr 5, 18",0.11626608119559366
2018-04-06,17.3883,17.6381,17.3383,17.4383,230112,230112,0.049967,0.287,17.4666,"Apr 6, 18",0.11947590067534616
2018-04-09,17.4882,17.888,17.3383,17.5882,153796,153796,0.149899,0.86,17.66,"Apr 9, 18",0.12909893947564396
2018-04-10,17.788,17.9879,17.6381,17.788,276253,276253,0.199865,1.136,17.7556,"Apr 10, 18",0.14192537811673478
2018-04-11,17.6881,18.1378,17.5382,18.0878,388993,388993,0.299799,1.685,17.9316,"Apr 11, 18",0.16117145571733058
2018-04-12,18.1378,18.5625,18.1128,18.2377,569566,569566,0.149899,0.829,18.2788,"Apr 12, 18",0.17079449451762838
2018-04-13,18.3377,18.6874,18.0878,18.5375,449529,449529,0.299798,1.644,18.3787,"Apr 13, 18",0.1900405721182242
2018-04-16,18.5875,18.8873,18.3876,18.7374,247611,247611,0.199866,1.078,18.6531,"Apr 16, 18",0.2028734303982745
2018-04-17,18.7874,18.9872,18.5875,18.6874,426408,426408,-0.049966,-0.267,18.7788,"Apr 17, 18",0.199663610918522
2018-04-18,18.6874,18.8373,18.4876,18.7374,222267,222267,0.049966,0.267,18.6819,"Apr 18, 18",0.2028734303982745
2018-04-19,18.7374,18.9872,18.6375,18.7874,168272,168272,0.049966,0.267,18.7994,"Apr 19, 18",0.206083249878027
2018-04-20,18.7374,19.0872,18.7374,18.8873,176675,176675,0.099933,0.532,18.898,"Apr 20, 18",0.2124964691985723
2018-04-23,18.8873,19.0372,18.7374,19.0372,547738,547738,0.149899,0.794,18.9471,"Apr 23, 18",0.2221195079988701
2018-04-24,18.9872,19.1871,18.4876,18.8873,221168,221168,-0.149899,-0.787,18.8197,"Apr 24, 18",0.2124964691985723
2018-04-25,18.7874,19.0372,18.5375,18.5875,155645,155645,-0.299798,-1.587,18.7542,"Apr 25, 18",0.19325039159797647
2018-04-26,18.7374,18.8873,18.5875,18.7874,103769,103769,0.199865,1.075,18.7245,"Apr 26, 18",0.206083249878027
2018-04-27,18.7374,18.7874,18.3377,18.3876,137322,137322,-0.399731,-2.128,18.4441,"Apr 27, 18",0.18041753331792618
2018-04-30,18.4876,18.6375,18.1378,18.1878,115792,115792,-0.199865,-1.087,18.2913,"Apr 30, 18",0.16759109467683536
2018-05-01,18.2377,18.7374,17.838,18.6375,411841,411841,0.449697,2.473,18.3004,"May 1, 18",0.19646021107772899
2018-05-02,18.6874,18.9872,18.6375,18.8373,215994,215994,0.199866,1.072,18.8577,"May 2, 18",0.2092866497188198
2018-05-03,19.0372,19.0372,18.7374,18.7874,257819,257819,-0.049967,-0.265,18.8802,"May 3, 18",0.206083249878027
2018-05-04,18.7874,18.7874,18.5375,18.5375,194248,194248,-0.249832,-1.33,18.6435,"May 4, 18",0.1900405721182242
2018-05-07,18.6874,18.8873,18.2877,18.4876,500414,500414,-0.049966,-0.27,18.5608,"May 7, 18",0.18683717227743118
2018-05-08,16.339,18.1378,16.339,17.3383,964957,964957,-1.1492,-6.216,17.531,"May 8, 18",0.11305626171584116
2018-05-09,17.2384,17.5882,17.0136,17.4882,367525,367525,0.149899,0.865,17.2981,"May 9, 18",0.12267930051613896
2018-05-10,17.5382,18.1628,17.437,17.6381,364119,364119,0.149899,0.857,17.7869,"May 10, 18",0.13230233931643698
2018-05-11,17.6881,17.888,17.1385,17.3883,394913,394913,-0.249832,-1.416,17.377,"May 11, 18",0.11626608119559366
2018-05-14,17.3383,17.5882,17.1884,17.2884,244480,244480,-0.099933,-0.575,17.3212,"May 14, 18",0.10985286187504814
2018-05-15,17.3383,17.3383,16.9886,17.0885,187210,187210,-0.199865,-1.156,17.1163,"May 15, 18",0.09702000359499784
2018-05-16,17.0885,17.2384,16.8886,17.0885,349835,349835,0,0,17.059,"May 16, 18",0.09702000359499784
2018-05-17,17.1385,17.3883,17.0885,17.2884,204906,204906,0.199865,1.17,17.24,"May 17, 18",0.10985286187504814
2018-05-18,17.3383,17.4882,17.0885,17.1385,204222,204222,-0.149899,-0.867,17.2077,"May 18, 18",0.10022982307475034
2018-05-21,17.1385,17.2884,16.7887,16.8886,329043,329043,-0.249832,-1.458,16.968,"May 21, 18",0.08418714531494755
2018-05-22,16.9886,16.9886,16.289,16.5389,325253,325253,-0.349765,-2.071,16.5412,"May 22, 18",0.06173766787355894
2018-05-23,16.4889,16.5389,16.289,16.339,259861,259861,-0.199865,-1.208,16.3805,"May 23, 18",0.04890480959350841
2018-05-24,16.339,16.6388,16.1891,16.339,294817,294817,0,0,16.3464,"May 24, 18",0.04890480959350841
2018-05-25,16.2391,16.339,16.0392,16.1891,300344,300344,-0.149899,-0.917,16.1613,"May 25, 18",0.039281770793210616
2018-05-29,16.0892,16.389,15.9892,16.339,283528,283528,0.149899,0.926,16.204,"May 29, 18",0.04890480959350841
2018-05-30,16.4889,16.7887,16.4389,16.7387,388586,388586,0.399731,2.446,16.6725,"May 30, 18",0.07456410651464974
2018-05-31,16.7887,16.8387,16.289,16.4889,536928,536928,-0.249832,-1.493,16.5133,"May 31, 18",0.05852784839380643
2018-06-01,16.5389,17.6881,16.4889,17.3883,1212051,1212051,0.899395,5.455,17.1907,"Jun 1, 18",0.11626608119559366
2018-06-04,17.3883,17.788,16.9386,17.7381,281152,281152,0.349765,2.011,17.3757,"Jun 4, 18",0.13872197827594177
2018-06-05,17.6381,18.0878,17.6381,17.9379,313590,313590,0.199866,1.127,17.9195,"Jun 5, 18",0.15154841691703255
2018-06-06,17.9379,18.2377,17.7381,18.0379,397662,397662,0.099932,0.557,18.0053,"Jun 6, 18",0.15796805587653756
2018-06-07,18.0878,18.0878,17.6381,17.9379,208220,208220,-0.099932,-0.554,17.8774,"Jun 7, 18",0.15154841691703255
2018-06-08,18.0379,18.5375,17.9879,18.3377,248346,248346,0.399731,2.228,18.3235,"Jun 8, 18",0.17721413347713338
2018-06-11,18.3377,18.8373,18.1378,18.6874,668826,668826,0.349765,1.907,18.5771,"Jun 11, 18",0.199663610918522
2018-06-12,18.6375,19.0872,18.6375,18.9872,260427,260427,0.299798,1.604,18.919,"Jun 12, 18",0.21890968851911782
2018-06-13,18.9373,19.287,18.8373,19.1371,500087,500087,0.149899,0.789,19.0889,"Jun 13, 18",0.22853272731941562
2018-06-14,19.287,19.8367,19.0872,19.7367,529160,529160,0.599597,3.133,19.5834,"Jun 14, 18",0.267024882520607
2018-06-15,19.6368,19.8866,19.287,19.387,526984,526984,-0.349765,-1.772,19.4607,"Jun 15, 18",0.2445754050792184
2018-06-18,19.4369,19.6868,19.1871,19.6368,263956,263956,0.249832,1.289,19.5044,"Jun 18, 18",0.26061166320006174
2018-06-19,19.5369,19.9866,19.337,19.4369,377237,377237,-0.199865,-1.018,19.5842,"Jun 19, 18",0.24777880492001142
2018-06-20,19.5369,19.5369,19.1371,19.337,333836,333836,-0.099933,-0.514,19.2498,"Jun 20, 18",0.24136558559946591
2018-06-21,19.387,19.5369,19.0872,19.387,166891,166891,0.049966,0.258,19.308,"Jun 21, 18",0.2445754050792184
2018-06-22,19.4369,19.5369,19.0872,19.1871,337570,337570,-0.199865,-1.031,19.2636,"Jun 22, 18",0.23174254679916811
2018-06-25,19.1871,19.1871,18.7374,18.8873,492750,492750,-0.299799,-1.563,18.9145,"Jun 25, 18",0.2124964691985723
2018-06-26,18.9872,19.4369,18.9373,19.387,237032,237032,0.499664,2.646,19.2114,"Jun 26, 18",0.2445754050792184
2018-06-27,19.337,19.4869,18.9373,18.9872,206105,206105,-0.399731,-2.062,19.0939,"Jun 27, 18",0.21890968851911782
2018-06-28,18.9872,19.0372,18.7374,18.9373,102168,102168,-0.049966,-0.263,18.9016,"Jun 28, 18",0.2157062886783248
2018-06-29,18.9373,19.0372,18.4876,18.5875,158451,158451,-0.349765,-1.847,18.6367,"Jun 29, 18",0.19325039159797647
2018-07-02,18.5375,18.6874,18.2377,18.6375,147868,147868,0.049966,0.269,18.5108,"Jul 2, 18",0.19646021107772899
2018-07-03,18.6874,18.7874,18.4876,18.5875,91174,91174,-0.049966,-0.268,18.6304,Jul 3,0.19325039159797647
2018-07-05,18.7,18.7,18.25,18.6,178236,178236,0.012499,0.067,18.5154,Jul 5,0.19405284646791476
2018-07-06,18.65,18.7,18.05,18.1,195811,195811,-0.5,-2.688,18.2892,Jul 6,0.1619546516703902
2018-07-09,18.1,18.5,18.1,18.2,183602,183602,0.1,0.552,18.2488,Jul 9,0.16837429062989498
2018-07-10,18.2,18.45,18.1,18.25,146734,146734,0.05,0.275,18.2249,Jul 10,0.17158411010964747
2018-07-11,18.15,18.3,17.75,17.85,188025,188025,-0.4,-2.192,17.9918,Jul 11,0.14590555427162788
2018-07-12,17.95,18.15,17.45,17.55,383414,383414,-0.3,-1.681,17.7687,Jul 12,0.1266466373931131
2018-07-13,17.5,17.6,17.25,17.3,336680,336680,-0.25,-1.425,17.3368,Jul 13,0.1105975399943508
2018-07-16,17.3,17.4,17,17.2,582978,582978,-0.1,-0.578,17.1912,Jul 16,0.1041779010348458
2018-07-17,17.25,17.8,17.2,17.75,602865,602865,0.55,3.198,17.5169,Jul 17,0.13948591531212287
2018-07-18,17.65,17.95,17.5,17.6,397727,397727,-0.15,-0.845,17.7479,Jul 18,0.1298564568728656
2018-07-19,17.55,18.2,17.5,18.05,435789,435789,0.45,2.557,18.0293,Jul 19,0.15874483219063767
2018-07-20,18,18.2,17.425,17.6,313982,313982,-0.45,-2.493,17.6253,Jul 20,0.1298564568728656
2018-07-23,17.6,17.9,17.5,17.65,193306,193306,0.05,0.284,17.6821,Jul 23,0.13306627635261786
2018-07-24,17.65,17.7,17.05,17.2,182555,182555,-0.45,-2.55,17.2943,Jul 24,0.1041779010348458
2018-07-25,17.25,17.55,16.75,17.55,331241,331241,0.35,2.035,17.2209,Jul 25,0.1266466373931131
2018-07-26,17.45,17.75,17.05,17.5,298642,298642,-0.05,-0.285,17.4064,Jul 26,0.12343681791336059
2018-07-27,17.45,17.85,17.2,17.6,266997,266997,0.1,0.571,17.4775,Jul 27,0.1298564568728656
2018-07-30,17.6,17.7,17.2525,17.5,180689,180689,-0.1,-0.568,17.4768,Jul 30,0.12343681791336059
2018-07-31,17.5,17.95,17.4,17.85,388636,388636,0.35,2,17.728,Jul 31,0.14590555427162788
2018-08-01,17.7,18.1,17.5,17.9,217341,217341,0.05,0.28,17.7507,Aug 1,0.14911537375138018
2018-08-02,17.9,18.15,17.8,18,168096,168096,0.1,0.559,17.9752,Aug 2,0.15553501271088518