date,open,high,low,close,volume,unadjustedVolume,change,changePercent,vwap,label,changeOverTime
2017-03-10,13.5,14.36,13.26,14.25,10101332,10101332,14.25,0,13.7927,"Mar 10, 17",0
2017-03-13,14.33,14.67,14.06,14.26,841651,841651,0.01,0.07,14.3375,"Mar 13, 17",0.0007017543859648974
2017-03-14,14.13,14.5,14.12,14.35,225463,225463,0.09,0.631,14.2883,"Mar 14, 17",0.007017543859649098
2017-03-15,14.21,14.35,14.01,14.12,310644,310644,-0.23,-1.603,14.1786,"Mar 15, 17",-0.009122807017543914
2017-03-16,14.2,14.44,14.06,14.41,290981,290981,0.29,2.054,14.3029,"Mar 16, 17",0.011228070175438606
2017-03-17,14.56,14.6,14.12,14.54,228721,228721,0.13,0.902,14.4703,"Mar 17, 17",0.020350877192982397
2017-03-20,14.27,14.97,14.27,14.9,242857,242857,0.36,2.476,14.7942,"Mar 20, 17",0.04561403508771932
2017-03-21,14.74,15.12,14.48,14.48,285767,285767,-0.42,-2.819,14.7101,"Mar 21, 17",0.016140350877193014
2017-03-22,14.39,14.73,14.2501,14.68,216667,216667,0.2,1.381,14.5306,"Mar 22, 17",0.03017543859649121
2017-03-23,14.63,14.83,14.53,14.68,156951,156951,0,0,14.7225,"Mar 23, 17",0.03017543859649121
2017-03-24,14.68,14.85,14.47,14.61,411544,411544,-0.07,-0.477,14.6667,"Mar 24, 17",0.025263157894736803
2017-03-27,13.87,14.78,13.57,14.68,270552,270552,0.07,0.479,14.4869,"Mar 27, 17",0.03017543859649121
2017-03-28,14.46,14.82,14.46,14.73,187454,187454,0.05,0.341,14.6618,"Mar 28, 17",0.033684210526315816
2017-03-29,14.79,14.95,14.5601,14.8,363350,363350,0.07,0.475,14.7923,"Mar 29, 17",0.038596491228070226
2017-03-30,14.74,15.28,14.1353,15.2,243835,243835,0.4,2.703,15.009,"Mar 30, 17",0.06666666666666661
2017-03-31,15.2,15.59,15.2,15.485,413324,413324,0.285,1.875,15.4709,"Mar 31, 17",0.08666666666666663
2017-04-03,15.78,15.99,15.5749,15.63,616808,616808,0.145,0.936,15.7362,"Apr 3, 17",0.09684210526315795
2017-04-04,14.83,15.95,14.83,15.6,827941,827941,-0.03,-0.192,15.5806,"Apr 4, 17",0.09473684210526313
2017-04-05,15.77,15.99,15.2,15.42,531649,531649,-0.18,-1.154,15.6337,"Apr 5, 17",0.08210526315789474
2017-04-06,15.4,15.75,15.01,15.27,621060,621060,-0.15,-0.973,15.2923,"Apr 6, 17",0.07157894736842102
2017-04-07,15.19,15.5,15.0408,15.32,301293,301293,0.05,0.327,15.3293,"Apr 7, 17",0.07508771929824563
2017-04-10,15.33,15.51,15.21,15.26,230852,230852,-0.06,-0.392,15.3079,"Apr 10, 17",0.07087719298245612
2017-04-11,15.2,15.47,15.06,15.23,353744,353744,-0.03,-0.197,15.261,"Apr 11, 17",0.06877192982456143
2017-04-12,15.16,15.26,15.0401,15.23,78727,78727,0,0,15.1612,"Apr 12, 17",0.06877192982456143
2017-04-13,15.1,15.33,15.01,15.13,151261,151261,-0.1,-0.657,15.1752,"Apr 13, 17",0.06175438596491233
2017-04-17,14.98,15.21,14.9,15.08,99011,99011,-0.05,-0.33,15.0259,"Apr 17, 17",0.058245614035087726
2017-04-18,15.05,15.37,15.0101,15.2,161669,161669,0.12,0.796,15.1574,"Apr 18, 17",0.06666666666666661
2017-04-19,15.25,15.41,14.95,15.3,157528,157528,0.1,0.658,15.278,"Apr 19, 17",0.07368421052631584
2017-04-20,15.2,15.39,15.04,15.34,154667,154667,0.04,0.261,15.2424,"Apr 20, 17",0.07649122807017543
2017-04-21,15.3,15.41,15.135,15.26,243365,243365,-0.08,-0.522,15.2749,"Apr 21, 17",0.07087719298245612
2017-04-24,15.32,15.41,15.111,15.34,123134,123134,0.08,0.524,15.2712,"Apr 24, 17",0.07649122807017543
2017-04-25,15.32,15.49,15.05,15.28,211548,211548,-0.06,-0.391,15.3152,"Apr 25, 17",0.07228070175438592
2017-04-26,15.1911,15.39,15.13,15.16,144802,144802,-0.12,-0.785,15.2565,"Apr 26, 17",0.06385964912280703
2017-04-27,15.22,15.31,14.99,15,122514,122514,-0.16,-1.055,15.0971,"Apr 27, 17",0.05263157894736842
2017-04-28,14.98,14.995,14.73,14.75,238931,238931,-0.25,-1.667,14.7799,"Apr 28, 17",0.03508771929824561
2017-05-01,14.76,15,14.76,15,136464,136464,0.25,1.695,14.9003,"May 1, 17",0.05263157894736842
2017-05-02,15,15.155,14.84,14.97,173192,173192,-0.03,-0.2,14.9629,"May 2, 17",0.05052631578947373
2017-05-03,14.9,15.25,14.9,15.18,33077,33077,0.21,1.403,15.1279,"May 3, 17",0.06526315789473683
2017-05-04,15.21,15.41,14.99,15.07,78656,78656,-0.11,-0.725,15.1998,"May 4, 17",0.05754385964912283
2017-05-05,15.09,15.59,14.76,15.46,152659,152659,0.39,2.588,15.3233,"May 5, 17",0.08491228070175444
2017-05-08,15.55,15.95,15.11,15.92,327013,327013,0.46,2.975,15.7648,"May 8, 17",0.11719298245614035
2017-05-09,15.94,16.38,15.34,15.64,327138,327138,-0.28,-1.759,16.0142,"May 9, 17",0.09754385964912285
2017-05-10,15.75,16.2204,15.5615,15.88,187742,187742,0.24,1.535,15.9236,"May 10, 17",0.11438596491228076
2017-05-11,15.92,16.29,15.69,15.96,487187,487187,0.08,0.504,16.023,"May 11, 17",0.12000000000000006
2017-05-12,14,15.3,13.09,14.42,2256030,2256030,-1.54,-9.649,14.5578,"May 12, 17",0.011929824561403504
2017-05-15,14.39,14.74,14.14,14.53,302901,302901,0.11,0.763,14.4659,"May 15, 17",0.0196491228070175
2017-05-16,14.65,14.675,13.54,13.77,434122,434122,-0.76,-5.231,13.9666,"May 16, 17",-0.033684210526315816
2017-05-17,13.82,13.99,12.88,13.11,541567,541567,-0.66,-4.793,13.2281,"May 17, 17",-0.08000000000000004
2017-05-18,13.17,13.5266,12.75,12.95,308608,308608,-0.16,-1.22,13.0246,"May 18, 17",-0.09122807017543864
2017-05-19,12.9,13.42,12.85,13.06,116047,116047,0.11,0.849,12.9883,"May 19, 17",-0.08350877192982453
2017-05-22,12.98,13.78,12.98,13.7,259571,259571,0.64,4.9,13.4097,"May 22, 17",-0.038596491228070226
2017-05-23,13.65,14.28,13.54,14.17,286301,286301,0.47,3.431,14.1309,"May 23, 17",-0.005614035087719303
2017-05-24,14.19,14.88,14.11,14.59,271358,271358,0.42,2.964,14.5773,"May 24, 17",0.023859649122807008
2017-05-25,14.5,14.85,14.36,14.62,196274,196274,0.03,0.206,14.6263,"May 25, 17",0.0259649122807017
2017-05-26,14.48,15.2,14.21,14.87,346548,346548,0.25,1.71,14.7722,"May 26, 17",0.043508771929824504
2017-05-30,14.76,15.33,14.5947,15.31,428443,428443,0.44,2.959,15.1277,"May 30, 17",0.07438596491228074
2017-05-31,15.31,15.49,15.0275,15.37,249547,249547,0.06,0.392,15.2855,"May 31, 17",0.07859649122807012
2017-06-01,15.3,15.5,15.125,15.44,132472,132472,0.07,0.455,15.3706,"Jun 1, 17",0.08350877192982453
2017-06-02,15.36,15.68,15.25,15.56,499607,499607,0.12,0.777,15.4816,"Jun 2, 17",0.09192982456140354
2017-06-05,15.6,15.6,15.055,15.35,177014,177014,-0.21,-1.35,15.3901,"Jun 5, 17",0.07719298245614033
2017-06-06,15.25,15.67,15.08,15.59,266847,266847,0.24,1.564,15.4546,"Jun 6, 17",0.09403508771929824
2017-06-07,15.65,15.75,15,15.27,380518,380518,-0.32,-2.053,15.3885,"Jun 7, 17",0.07157894736842102
2017-06-08,15.32,15.735,15.305,15.59,309568,309568,0.32,2.096,15.5876,"Jun 8, 17",0.09403508771929824
2017-06-09,15.49,15.85,14.97,14.99,249040,249040,-0.6,-3.849,15.4182,"Jun 9, 17",0.05192982456140352
2017-06-12,14.85,15.24,14.64,14.95,326337,326337,-0.04,-0.267,14.9374,"Jun 12, 17",0.04912280701754381
2017-06-13,14.93,15.47,14.89,15.22,262366,262366,0.27,1.806,15.2499,"Jun 13, 17",0.06807017543859653
2017-06-14,15.17,15.25,14.69,15.05,178154,178154,-0.17,-1.117,15.0499,"Jun 14, 17",0.05614035087719303
2017-06-15,14.92,14.99,14.42,14.91,236348,236348,-0.14,-0.93,14.7594,"Jun 15, 17",0.04631578947368422
2017-06-16,14.93,15.53,14.4637,15,1826217,1826217,0.09,0.604,15.0032,"Jun 16, 17",0.05263157894736842
2017-06-19,15.13,15.47,14.94,15.4,247847,247847,0.4,2.667,15.3271,"Jun 19, 17",0.08070175438596494
2017-06-20,15.43,15.51,15.05,15.45,410010,410010,0.05,0.325,15.3842,"Jun 20, 17",0.08421052631578943
2017-06-21,15.49,15.68,15.11,15.64,307367,307367,0.19,1.23,15.5,"Jun 21, 17",0.09754385964912285
2017-06-22,15.65,15.69,15.065,15.6,241255,241255,-0.04,-0.256,15.4294,"Jun 22, 17",0.09473684210526313
2017-06-23,15.64,15.95,15.2,15.81,2434303,2434303,0.21,1.346,15.7876,"Jun 23, 17",0.10947368421052635
2017-06-26,15.95,16.25,15.45,15.82,449426,449426,0.01,0.063,15.8957,"Jun 26, 17",0.11017543859649125
2017-06-27,15.76,15.82,14.98,15.11,401172,401172,-0.71,-4.488,15.3678,"Jun 27, 17",0.06035087719298242
2017-06-28,15.1,15.3,14.91,15.19,156140,156140,0.08,0.529,15.156,"Jun 28, 17",0.06596491228070173
2017-06-29,15.18,15.1808,14.65,14.74,268931,268931,-0.45,-2.962,14.7603,"Jun 29, 17",0.034385964912280714
2017-06-30,14.74,14.8,14.3,14.31,158136,158136,-0.43,-2.917,14.4486,"Jun 30, 17",0.004210526315789508
2017-07-03,14.3,14.5011,14.17,14.35,70430,70430,0.04,0.28,14.3079,"Jul 3, 17",0.007017543859649098
2017-07-05,14.46,14.74,14.12,14.7,138924,138924,0.35,2.439,14.5279,"Jul 5, 17",0.031578947368421005
2017-07-06,14.59,14.59,14,14.17,207074,207074,-0.53,-3.605,14.2418,"Jul 6, 17",-0.005614035087719303
2017-07-07,14.18,14.65,14.17,14.63,133742,133742,0.46,3.246,14.4765,"Jul 7, 17",0.02666666666666672
2017-07-10,14.58,14.665,14.2,14.47,175072,175072,-0.16,-1.094,14.4154,"Jul 10, 17",0.015438596491228114
2017-07-11,14.4,14.92,14.02,14.85,244118,244118,0.38,2.626,14.6827,"Jul 11, 17",0.042105263157894715
2017-07-12,14.82,15.18,14.52,14.95,183225,183225,0.1,0.673,14.9698,"Jul 12, 17",0.04912280701754381
2017-07-13,14.94,14.985,14.51,14.66,218301,218301,-0.29,-1.94,14.6938,"Jul 13, 17",0.028771929824561414
2017-07-14,14.54,14.79,14.43,14.67,97348,97348,0.01,0.068,14.6339,"Jul 14, 17",0.02947368421052631
2017-07-17,14.71,14.904,14.39,14.46,77247,77247,-0.21,-1.431,14.5617,"Jul 17, 17",0.014736842105263218
2017-07-18,14.46,14.76,14.18,14.41,192031,192031,-0.05,-0.346,14.3631,"Jul 18, 17",0.011228070175438606
2017-07-19,14.51,14.56,13.96,14.32,249911,249911,-0.09,-0.625,14.3565,"Jul 19, 17",0.004912280701754406
2017-07-20,14.36,14.37,13.69,14.18,197703,197703,-0.14,-0.978,14.112,"Jul 20, 17",-0.004912280701754406
2017-07-21,14.32,14.32,14,14.08,137922,137922,-0.1,-0.705,14.1896,"Jul 21, 17",-0.011929824561403504
2017-07-24,14.04,14.125,13.795,13.97,73859,73859,-0.11,-0.781,13.9594,"Jul 24, 17",-0.0196491228070175
2017-07-25,13.94,14.105,13.71,14.06,211404,211404,0.09,0.644,13.9386,"Jul 25, 17",-0.013333333333333298
2017-07-26,14.09,14.465,13.89,14.2,204122,204122,0.14,0.996,14.2193,"Jul 26, 17",-0.0035087719298246113
2017-07-27,14.25,14.26,13.4425,14.11,179654,179654,-0.09,-0.634,14.0357,"Jul 27, 17",-0.009824561403508812
2017-07-28,14.02,14.23,13.74,13.95,141791,141791,-0.16,-1.134,14.0471,"Jul 28, 17",-0.02105263157894742
2017-07-31,14.03,14.03,13.63,13.63,125678,125678,-0.32,-2.294,13.7556,"Jul 31, 17",-0.043508771929824504
2017-08-01,13.7,13.8,13.45,13.67,99502,99502,0.04,0.293,13.6376,"Aug 1, 17",-0.04070175438596492
2017-08-02,13.65,13.65,13.25,13.51,116734,116734,-0.16,-1.17,13.4792,"Aug 2, 17",-0.05192982456140352
2017-08-03,13.51,13.53,13.16,13.17,84897,84897,-0.34,-2.517,13.3254,"Aug 3, 17",-0.07578947368421053
2017-08-04,13.22,13.34,13.06,13.34,83741,83741,0.17,1.291,13.2464,"Aug 4, 17",-0.06385964912280703
2017-08-07,13.4,13.5,13.05,13.48,75271,75271,0.14,1.049,13.4003,"Aug 7, 17",-0.054035087719298214
2017-08-08,13.47,13.77,13.33,13.59,161216,161216,0.11,0.816,13.6035,"Aug 8, 17",-0.04631578947368422
2017-08-09,13.62,13.62,13.26,13.41,132675,132675,-0.18,-1.325,13.4321,"Aug 9, 17",-0.05894736842105262
2017-08-10,13.38,13.66,13.25,13.38,128767,128767,-0.03,-0.224,13.339,"Aug 10, 17",-0.06105263157894732
2017-08-11,13.44,13.54,13.1,13.31,75602,75602,-0.07,-0.523,13.2756,"Aug 11, 17",-0.06596491228070173
2017-08-14,13.4,13.5,13.25,13.48,52231,52231,0.17,1.277,13.4116,"Aug 14, 17",-0.054035087719298214
2017-08-15,13.59,13.59,13.165,13.35,127683,127683,-0.13,-0.964,13.3888,"Aug 15, 17",-0.06315789473684214
2017-08-16,13.42,13.55,13.3,13.39,119405,119405,0.04,0.3,13.3785,"Aug 16, 17",-0.06035087719298242
2017-08-17,13.36,13.46,13.18,13.2,136362,136362,-0.19,-1.419,13.2665,"Aug 17, 17",-0.07368421052631584
2017-08-18,13.11,13.255,13.06,13.07,158669,158669,-0.13,-0.985,13.1262,"Aug 18, 17",-0.08280701754385963
2017-08-21,13.1,13.18,12.78,12.89,154368,154368,-0.18,-1.377,12.912,"Aug 21, 17",-0.09543859649122803
2017-08-22,12.98,13.08,12.78,13,81511,81511,0.11,0.853,12.9978,"Aug 22, 17",-0.08771929824561403
2017-08-23,13,13.4,12.75,13.31,212488,212488,0.31,2.385,13.1027,"Aug 23, 17",-0.06596491228070173
2017-08-24,13.41,13.8,13.23,13.77,120788,120788,0.46,3.456,13.5873,"Aug 24, 17",-0.033684210526315816
2017-08-25,13.79,13.9,13.7,13.78,135397,135397,0.01,0.073,13.7997,"Aug 25, 17",-0.03298245614035092
2017-08-28,13.76,14.1,13.53,13.91,163399,163399,0.13,0.943,13.8401,"Aug 28, 17",-0.023859649122807008
2017-08-29,13.9,14.03,13.66,13.92,122027,122027,0.01,0.072,13.8861,"Aug 29, 17",-0.02315789473684211
2017-08-30,14.04,14.13,13.88,14.11,128440,128440,0.19,1.365,14.0472,"Aug 30, 17",-0.009824561403508812
2017-08-31,14.11,14.15,13.85,13.91,112368,112368,-0.2,-1.417,13.9641,"Aug 31, 17",-0.023859649122807008
2017-09-01,13.96,14.01,13.67,13.71,50630,50630,-0.2,-1.438,13.758,"Sep 1, 17",-0.0378947368421052
2017-09-05,13.7,13.74,13.47,13.57,73032,73032,-0.14,-1.021,13.5924,"Sep 5, 17",-0.047719298245614016
2017-09-06,13.65,13.76,13.22,13.24,78770,78770,-0.33,-2.432,13.3724,"Sep 6, 17",-0.07087719298245612
2017-09-07,13.34,13.525,13.11,13.33,97863,97863,0.09,0.68,13.2822,"Sep 7, 17",-0.06456140350877193
2017-09-08,13.35,13.51,13.01,13.05,54644,54644,-0.28,-2.101,13.1224,"Sep 8, 17",-0.08421052631578943
2017-09-11,13.18,13.4,13.08,13.4,51689,51689,0.35,2.682,13.3105,"Sep 11, 17",-0.05964912280701752
2017-09-12,13.41,13.59,13.2775,13.52,37500,37500,0.12,0.896,13.4714,"Sep 12, 17",-0.05122807017543863
2017-09-13,13.53,13.68,13.43,13.67,61977,61977,0.15,1.109,13.6026,"Sep 13, 17",-0.04070175438596492
2017-09-14,13.7,13.7,13.4684,13.56,54136,54136,-0.11,-0.805,13.5494,"Sep 14, 17",-0.04842105263157891
2017-09-15,13.63,13.73,13.335,13.69,174929,174929,0.13,0.959,13.6035,"Sep 15, 17",-0.039298245614035124
2017-09-18,13.62,13.7,13.48,13.6,101206,101206,-0.09,-0.657,13.593,"Sep 18, 17",-0.04561403508771932
2017-09-19,13.55,13.83,13.3,13.7,235423,235423,0.1,0.735,13.6543,"Sep 19, 17",-0.038596491228070226
2017-09-20,13.75,14.27,13.71,14.01,162824,162824,0.31,2.263,13.9846,"Sep 20, 17",-0.016842105263157908
2017-09-21,14.18,14.18,13.92,13.95,282618,282618,-0.06,-0.428,14.0295,"Sep 21, 17",-0.02105263157894742
2017-09-22,12.91,13.84,12.9,13.55,710727,710727,-0.4,-2.867,13.3705,"Sep 22, 17",-0.04912280701754381
2017-09-25,13.48,13.7,13.315,13.53,435230,435230,-0.02,-0.148,13.5123,"Sep 25, 17",-0.05052631578947373
2017-09-26,13.5,14.05,13.5,14,132278,132278,0.47,3.474,13.843,"Sep 26, 17",-0.017543859649122806
2017-09-27,13.96,14.43,13.88,14.31,145408,145408,0.31,2.214,14.2133,"Sep 27, 17",0.004210526315789508
2017-09-28,14.33,14.42,14.02,14.36,179901,179901,0.05,0.349,14.2806,"Sep 28, 17",0.007719298245613996
2017-09-29,14.35,14.46,14.09,14.15,155560,155560,-0.21,-1.462,14.2438,"Sep 29, 17",-0.007017543859649098
2017-10-02,14.06,14.35,14.06,14.23,205334,205334,0.08,0.565,14.1912,"Oct 2, 17",-0.0014035087719297948
2017-10-03,14.25,14.41,14.14,14.37,189015,189015,0.14,0.984,14.2628,"Oct 3, 17",0.008421052631578892
2017-10-04,14.42,15.34,14.34,15,297489,297489,0.63,4.384,14.9634,"Oct 4, 17",0.05263157894736842
2017-10-05,14.95,15.1851,14.77,14.91,342063,342063,-0.09,-0.6,15.05,"Oct 5, 17",0.04631578947368422
2017-10-06,14.71,15.15,14.71,15,240275,240275,0.09,0.604,14.9173,"Oct 6, 17",0.05263157894736842
2017-10-09,15,15.28,14.9,15.15,223146,223146,0.15,1,15.174,"Oct 9, 17",0.06315789473684214
2017-10-10,15.25,15.3584,15.05,15.13,103071,103071,-0.02,-0.132,15.1662,"Oct 10, 17",0.06175438596491233
2017-10-11,15.15,15.23,14.49,14.81,148782,148782,-0.32,-2.115,14.8115,"Oct 11, 17",0.039298245614035124
2017-10-12,14.76,14.85,14.18,14.36,219454,219454,-0.45,-3.038,14.5404,"Oct 12, 17",0.007719298245613996
2017-10-13,14.4,14.63,14.22,14.52,65487,65487,0.16,1.114,14.5219,"Oct 13, 17",0.0189473684210526
2017-10-16,14.58,14.7,14.43,14.63,81972,81972,0.11,0.758,14.5658,"Oct 16, 17",0.02666666666666672
2017-10-17,14.69,14.85,14.54,14.82,108537,108537,0.19,1.299,14.7533,"Oct 17, 17",0.04000000000000002
2017-10-18,14.86,15.08,14.81,14.96,71823,71823,0.14,0.945,14.9908,"Oct 18, 17",0.049824561403508834
2017-10-19,14.95,15.08,14.5024,14.99,74155,74155,0.03,0.201,14.9723,"Oct 19, 17",0.05192982456140352
2017-10-20,15.13,15.36,15.06,15.07,78096,78096,0.08,0.534,15.1482,"Oct 20, 17",0.05754385964912283
2017-10-23,15.15,15.25,14.835,15.02,68886,68886,-0.05,-0.332,15.1168,"Oct 23, 17",0.054035087719298214
2017-10-24,15.02,15.28,15.01,15.05,110668,110668,0.03,0.2,15.0843,"Oct 24, 17",0.05614035087719303
2017-10-25,15.04,15.08,14.75,14.8,50156,50156,-0.25,-1.661,14.8276,"Oct 25, 17",0.038596491228070226
2017-10-26,14.89,14.99,14.61,14.64,43975,43975,-0.16,-1.081,14.7689,"Oct 26, 17",0.027368421052631618
2017-10-27,14.75,14.88,14.48,14.69,83676,83676,0.05,0.342,14.6756,"Oct 27, 17",0.030877192982456104
2017-10-30,14.64,14.735,14.22,14.6,74230,74230,-0.09,-0.613,14.5672,"Oct 30, 17",0.024561403508771906
2017-10-31,14.71,14.99,14.59,14.8,96200,96200,0.2,1.37,14.8453,"Oct 31, 17",0.038596491228070226
2017-11-01,14.83,14.87,14.24,14.47,64539,64539,-0.33,-2.23,14.5282,"Nov 1, 17",0.015438596491228114
2017-11-02,14.52,14.62,14.225,14.59,51857,51857,0.12,0.829,14.5108,"Nov 2, 17",0.023859649122807008
2017-11-03,14.63,14.72,14.41,14.62,70945,70945,0.03,0.206,14.5985,"Nov 3, 17",0.0259649122807017
2017-11-06,14.65,14.72,14.38,14.49,85923,85923,-0.13,-0.889,14.5129,"Nov 6, 17",0.016842105263157908
2017-11-07,14.9,16.9,14.899,15.76,534210,534210,1.27,8.765,15.8591,"Nov 7, 17",0.10596491228070173
2017-11-08,15.93,16.2,15.73,15.74,236472,236472,-0.02,-0.127,15.8329,"Nov 8, 17",0.10456140350877194
2017-11-09,15.72,16.07,15.505,15.83,103903,103903,0.09,0.572,15.8609,"Nov 9, 17",0.11087719298245614
2017-11-10,15.82,15.94,15.7,15.76,100750,100750,-0.07,-0.442,15.7861,"Nov 10, 17",0.10596491228070173
2017-11-13,15.75,15.82,15.47,15.81,48721,48721,0.05,0.317,15.701,"Nov 13, 17",0.10947368421052635
2017-11-14,15.82,16.63,15.71,16.21,205029,205029,0.4,2.53,16.3104,"Nov 14, 17",0.13754385964912286
2017-11-15,15.65,15.65,14.07,14.1,553360,553360,-2.11,-13.017,14.755,"Nov 15, 17",-0.01052631578947371
2017-11-16,14.15,14.85,13.98,14.55,518738,518738,0.45,3.191,14.5292,"Nov 16, 17",0.02105263157894742
2017-11-17,14.97,15.07,14.42,14.96,3648999,3648999,0.41,2.818,14.8411,"Nov 17, 17",0.049824561403508834
2017-11-20,14.97,15.25,14.695,14.87,331368,331368,-0.09,-0.602,14.8933,"Nov 20, 17",0.043508771929824504
2017-11-21,14.84,15.24,14.76,14.99,327367,327367,0.12,0.807,15.0575,"Nov 21, 17",0.05192982456140352
2017-11-22,15,15.24,14.93,15.18,162786,162786,0.19,1.268,15.161,"Nov 22, 17",0.06526315789473683
2017-11-24,15.18,15.24,15.01,15.03,127655,127655,-0.15,-0.988,15.1195,"Nov 24, 17",0.05473684210526311
2017-11-27,15.02,15.29,14.95,15.29,460170,460170,0.26,1.73,15.1925,"Nov 27, 17",0.07298245614035082
2017-11-28,15.36,15.52,15.2,15.49,349250,349250,0.2,1.308,15.4165,"Nov 28, 17",0.08701754385964913
2017-11-29,15.49,15.75,14.98,15.74,454122,454122,0.25,1.614,15.4235,"Nov 29, 17",0.10456140350877194
2017-11-30,15.82,15.97,15.3,15.44,1030307,1030307,-0.3,-1.906,15.5956,"Nov 30, 17",0.08350877192982453
2017-12-01,15.28,15.84,15.26,15.28,894082,894082,-0.16,-1.036,15.4108,"Dec 1, 17",0.07228070175438592
2017-12-04,15.38,15.72,15.2,15.25,226453,226453,-0.03,-0.196,15.3992,"Dec 4, 17",0.07017543859649122
2017-12-05,15.21,15.67,15.21,15.47,365584,365584,0.22,1.443,15.5183,"Dec 5, 17",0.08561403508771934
2017-12-06,15.47,15.54,15.28,15.43,207977,207977,-0.04,-0.259,15.4544,"Dec 6, 17",0.08280701754385963
2017-12-07,15.44,15.8,15.32,15.72,269392,269392,0.29,1.879,15.6627,"Dec 7, 17",0.10315789473684216
2017-12-08,15.81,16.23,15.53,15.98,266186,266186,0.26,1.654,15.9434,"Dec 8, 17",0.12140350877192986
2017-12-11,16.1,16.47,15.89,16.4,353584,353584,0.42,2.628,16.2864,"Dec 11, 17",0.15087719298245605
2017-12-12,16.41,16.7799,16.34,16.64,282816,282816,0.24,1.463,16.6034,"Dec 12, 17",0.16771929824561407
2017-12-13,16.65,16.95,16.65,16.8,196850,196850,0.16,0.962,16.8076,"Dec 13, 17",0.1789473684210527
2017-12-14,16.8,17.03,16.67,16.86,190531,190531,0.06,0.357,16.8666,"Dec 14, 17",0.18315789473684208
2017-12-15,16.86,17.75,16.81,17.69,805347,805347,0.83,4.923,17.5287,"Dec 15, 17",0.24140350877192993
2017-12-18,17.67,17.925,17.53,17.86,229215,229215,0.17,0.961,17.7585,"Dec 18, 17",0.2533333333333333
2017-12-19,17.88,18.62,17.88,18.44,332244,332244,0.58,3.247,18.3828,"Dec 19, 17",0.2940350877192983
2017-12-20,18.5,18.65,18.32,18.55,142641,142641,0.11,0.597,18.4923,"Dec 20, 17",0.30175438596491233
2017-12-21,18.65,18.89,18.51,18.68,140228,140228,0.13,0.701,18.6909,"Dec 21, 17",0.31087719298245614
2017-12-22,18.68,19,18.5666,18.845,214601,214601,0.165,0.883,18.8526,"Dec 22, 17",0.3224561403508771
2017-12-26,18.83,18.9,18.61,18.79,61812,61812,-0.055,-0.292,18.7646,"Dec 26, 17",0.3185964912280701
2017-12-27,18.8,18.89,18.51,18.8,117754,117754,0.01,0.053,18.737,"Dec 27, 17",0.31929824561403514
2017-12-28,18.84,18.88,18.51,18.69,92847,92847,-0.11,-0.585,18.6654,"Dec 28, 17",0.3115789473684211
2017-12-29,18.84,19.49,18.79,19.17,274246,274246,0.48,2.568,19.2336,"Dec 29, 17",0.34526315789473694
2018-01-02,19,19.49,18.85,19.05,256444,256444,-0.12,-0.626,19.0867,"Jan 2, 18",0.33684210526315794
2018-01-03,19.01,19.49,18.96,19.37,226187,226187,0.32,1.68,19.3449,"Jan 3, 18",0.35929824561403517
2018-01-04,19.44,19.74,19.42,19.59,173237,173237,0.22,1.136,19.6141,"Jan 4, 18",0.37473684210526315
2018-01-05,19.63,19.66,19.24,19.32,161274,161274,-0.27,-1.378,19.4153,"Jan 5, 18",0.35578947368421054
2018-01-08,19.33,19.64,19.04,19.21,172449,172449,-0.11,-0.569,19.2994,"Jan 8, 18",0.34807017543859653
2018-01-09,19.24,19.46,19.05,19.09,73602,73602,-0.12,-0.625,19.175,"Jan 9, 18",0.33964912280701753
2018-01-10,18.91,19.16,18.4,18.75,271807,271807,-0.34,-1.781,18.8382,"Jan 10, 18",0.3157894736842105
2018-01-11,18.52,19.26,18.0349,18.8,294581,294581,0.05,0.267,18.9158,"Jan 11, 18",0.31929824561403514
2018-01-12,18.83,18.92,18.1267,18.7,212269,212269,-0.1,-0.532,18.6614,"Jan 12, 18",0.31228070175438594
2018-01-16,18.76,19.05,17.74,17.74,153333,153333,-0.96,-5.134,18.1247,"Jan 16, 18",0.24491228070175428
2018-01-17,17.38,17.83,16.67,17.33,527916,527916,-0.41,-2.311,17.3387,"Jan 17, 18",0.21614035087719285
2018-01-18,17.25,17.99,17.25,17.78,181726,181726,0.45,2.597,17.7671,"Jan 18, 18",0.24771929824561412
2018-01-19,17.77,18.41,17.76,18.33,128828,128828,0.55,3.093,18.1872,"Jan 19, 18",0.2863157894736841
2018-01-22,18.25,18.51,18.25,18.51,97873,97873,0.18,0.982,18.4144,"Jan 22, 18",0.29894736842105274
2018-01-23,18.52,18.53,17.68,18.45,120556,120556,-0.06,-0.324,18.3682,"Jan 23, 18",0.29473684210526313
2018-01-24,18.5,18.76,18.17,18.32,98553,98553,-0.13,-0.705,18.4685,"Jan 24, 18",0.2856140350877193
2018-01-25,18.39,18.74,18.08,18.4,200588,200588,0.08,0.437,18.352,"Jan 25, 18",0.2912280701754385
2018-01-26,18.48,18.85,18.17,18.42,55358,55358,0.02,0.109,18.3854,"Jan 26, 18",0.2926315789473685
2018-01-29,18.22,18.57,18.21,18.42,81997,81997,0,0,18.4251,"Jan 29, 18",0.2926315789473685
2018-01-30,18.2,18.43,18.1,18.305,140824,140824,-0.115,-0.624,18.3119,"Jan 30, 18",0.2845614035087719
2018-01-31,18.38,18.63,17.9681,18.31,102288,102288,0.005,0.027,18.3611,"Jan 31, 18",0.2849122807017543
2018-02-01,18.21,18.54,18.15,18.5,94065,94065,0.19,1.038,18.4275,"Feb 1, 18",0.2982456140350877
2018-02-02,18.36,18.36,17.87,18,201963,201963,-0.5,-2.703,18.0254,"Feb 2, 18",0.2631578947368421
2018-02-05,17.92,18.07,17.68,17.69,235215,235215,-0.31,-1.722,17.8675,"Feb 5, 18",0.24140350877192993
2018-02-06,17.23,17.89,16.53,17.51,186147,186147,-0.18,-1.018,17.5909,"Feb 6, 18",0.22877192982456152
2018-02-07,17.49,17.6,17.03,17.4,102143,102143,-0.11,-0.628,17.4529,"Feb 7, 18",0.22105263157894728
2018-02-08,17.4,17.63,17.03,17.05,155541,155541,-0.35,-2.011,17.2765,"Feb 8, 18",0.1964912280701755
2018-02-09,15,16.35,13.87,14.935,1397935,1397935,-2.115,-12.405,14.8335,"Feb 9, 18",0.04807017543859653
2018-02-12,14.97,15.13,14.045,14.275,350137,350137,-0.66,-4.419,14.3519,"Feb 12, 18",0.0017543859649123057
2018-02-13,14.18,14.99,14.09,14.28,189584,189584,0.005,0.035,14.2866,"Feb 13, 18",0.002105263157894692
2018-02-14,14.19,14.6,14.03,14.57,209468,209468,0.29,2.031,14.3637,"Feb 14, 18",0.022456140350877212
2018-02-15,14.66,15.21,14.44,15.1,902775,902775,0.53,3.638,14.9512,"Feb 15, 18",0.05964912280701752
2018-02-16,15.01,15.2,14.94,15.1,246764,246764,0,0,15.048,"Feb 16, 18",0.05964912280701752
2018-02-20,15.05,15.95,15.05,15.74,250708,250708,0.64,4.238,15.6469,"Feb 20, 18",0.10456140350877194
2018-02-21,15.75,16.13,15.63,15.71,230687,230687,-0.03,-0.191,15.8634,"Feb 21, 18",0.10245614035087726
2018-02-22,15.71,16.09,14.99,15,197237,197237,-0.71,-4.519,15.3752,"Feb 22, 18",0.05263157894736842
2018-02-23,15.11,15.34,14.97,15,120664,120664,0,0,15.0592,"Feb 23, 18",0.05263157894736842
2018-02-26,15.04,15.29,14.94,15,118211,118211,0,0,15.0353,"Feb 26, 18",0.05263157894736842
2018-02-27,14.98,15.23,14.91,14.93,90353,90353,-0.07,-0.467,14.9964,"Feb 27, 18",0.047719298245614016
2018-02-28,15,15.1,14.62,14.62,166507,166507,-0.31,-2.076,14.785,"Feb 28, 18",0.0259649122807017
2018-03-01,14.61,14.69,14.255,14.35,205033,205033,-0.27,-1.847,14.4441,"Mar 1, 18",0.007017543859649098
2018-03-02,14.25,14.855,14.2,14.83,333439,333439,0.48,3.345,14.5685,"Mar 2, 18",0.04070175438596492
2018-03-05,14.79,15.54,14.69,15.42,173710,173710,0.59,3.978,15.2322,"Mar 5, 18",0.08210526315789474
2018-03-06,15.43,15.82,15.34,15.66,209296,209296,0.24,1.556,15.6071,"Mar 6, 18",0.09894736842105264
2018-03-07,15.51,16.1,15.51,15.93,264688,264688,0.27,1.724,15.9015,"Mar 7, 18",0.11789473684210525
2018-03-08,15.89,16,15.71,15.92,143794,143794,-0.01,-0.063,15.8698,"Mar 8, 18",0.11719298245614035
2018-03-09,16.04,16.33,15.42,16.12,388122,388122,0.2,1.256,15.8139,"Mar 9, 18",0.13122807017543867
2018-03-12,15.9,16.22,15.9,16.15,223670,223670,0.03,0.186,16.1138,"Mar 12, 18",0.13333333333333322
2018-03-13,16.2,16.5,15.64,16.02,141711,141711,-0.13,-0.805,16.0878,"Mar 13, 18",0.12421052631578944
2018-03-14,16.09,16.09,15.51,15.8,163208,163208,-0.22,-1.373,15.8564,"Mar 14, 18",0.10877192982456145
2018-03-15,15.85,15.89,15.52,15.87,125966,125966,0.07,0.443,15.7907,"Mar 15, 18",0.11368421052631573
2018-03-16,15.83,16.29,15.795,15.99,1310030,1310030,0.12,0.756,15.9818,"Mar 16, 18",0.12210526315789476
2018-03-19,15.82,15.99,15.36,15.59,188760,188760,-0.4,-2.502,15.6094,"Mar 19, 18",0.09403508771929824
2018-03-20,15.59,15.81,15.36,15.75,178690,178690,0.16,1.026,15.6085,"Mar 20, 18",0.10526315789473684
2018-03-21,15.79,16.07,15.5876,15.76,139385,139385,0.01,0.063,15.7997,"Mar 21, 18",0.10596491228070173
2018-03-22,15.63,15.66,15.17,15.21,267821,267821,-0.55,-3.49,15.287,"Mar 22, 18",0.06736842105263163
2018-03-23,15.25,15.48,14.2935,14.83,243917,243917,-0.38,-2.498,14.9869,"Mar 23, 18",0.04070175438596492
2018-03-26,15.71,15.83,15.25,15.82,295884,295884,0.99,6.676,15.6747,"Mar 26, 18",0.11017543859649125
2018-03-27,15.85,15.88,15.42,15.53,155152,155152,-0.29,-1.833,15.6691,"Mar 27, 18",0.08982456140350872
2018-03-28,15.54,15.65,15.22,15.46,133010,133010,-0.07,-0.451,15.4361,"Mar 28, 18",0.08491228070175444
2018-03-29,15.54,15.81,15.28,15.64,421322,421322,0.18,1.164,15.6382,"Mar 29, 18",0.09754385964912285
2018-04-02,15.52,15.63,15.21,15.34,134600,134600,-0.3,-1.918,15.3553,"Apr 2, 18",0.07649122807017543
2018-04-03,15.43,15.57,15.245,15.41,110828,110828,0.07,0.456,15.4005,"Apr 3, 18",0.08140350877192984
2018-04-04,15.21,15.66,15.16,15.62,113902,113902,0.21,1.363,15.4777,"Apr 4, 18",0.09614035087719293
2018-04-05,15.71,16.09,15.43,16.08,146112,146112,0.46,2.945,15.9423,"Apr 5, 18",0.12842105263157882
2018-04-06,15.98,16.245,15.48,15.55,316724,316724,-0.53,-3.296,15.6475,"Apr 6, 18",0.09122807017543864
2018-04-09,15.56,16.06,15.33,15.86,224366,224366,0.31,1.994,15.8313,"Apr 9, 18",0.11298245614035084
2018-04-10,16.01,16.27,15.5,16.05,336226,336226,0.19,1.198,15.8181,"Apr 10, 18",0.12631578947368427
2018-04-11,15.99,16.17,15.5,15.68,252972,252972,-0.37,-2.305,15.7682,"Apr 11, 18",0.10035087719298244
2018-04-12,15.81,16.32,15.69,16.17,139678,139678,0.49,3.125,16.1258,"Apr 12, 18",0.13473684210526327
2018-04-13,16.2,16.23,15.8301,15.99,117708,117708,-0.18,-1.113,15.9988,"Apr 13, 18",0.12210526315789476
2018-04-16,16.06,16.29,15.94,16.12,89107,89107,0.13,0.813,16.1447,"Apr 16, 18",0.13122807017543867
2018-04-17,16.2,16.35,16.08,16.23,134133,134133,0.11,0.682,16.2184,"Apr 17, 18",0.13894736842105265
2018-04-18,16.18,16.38,16.14,16.23,85751,85751,0,0,16.2523,"Apr 18, 18",0.13894736842105265
2018-04-19,16.18,16.5115,16.05,16.15,59331,59331,-0.08,-0.493,16.149,"Apr 19, 18",0.13333333333333322
2018-04-20,16.05,16.07,15.86,15.91,68445,68445,-0.24,-1.486,15.9498,"Apr 20, 18",0.11649122807017545
2018-04-23,15.98,16.05,15.73,15.8,57845,57845,-0.11,-0.691,15.8423,"Apr 23, 18",0.10877192982456145
2018-04-24,15.91,16.31,15.69,15.8,50647,50647,0,0,15.8603,"Apr 24, 18",0.10877192982456145
2018-04-25,15.78,16.05,15.49,15.7,51101,51101,-0.1,-0.633,15.7272,"Apr 25, 18",0.10175438596491224
2018-04-26,15.74,15.9,15.55,15.83,49570,49570,0.13,0.828,15.7832,"Apr 26, 18",0.11087719298245614
2018-04-27,15.79,16.06,15.29,15.3,115498,115498,-0.53,-3.348,15.4678,"Apr 27, 18",0.07368421052631584
2018-04-30,15.32,15.43,15.22,15.32,152586,152586,0.02,0.131,15.3156,"Apr 30, 18",0.07508771929824563
2018-05-01,15.26,15.329,15,15.09,148540,148540,-0.23,-1.501,15.0994,"May 1, 18",0.05894736842105262
2018-05-02,15.07,15.35,15.05,15.09,74902,74902,0,0,15.1374,"May 2, 18",0.05894736842105262
2018-05-03,15.05,15.22,14.82,14.88,207922,207922,-0.21,-1.392,14.9848,"May 3, 18",0.044210526315789526
2018-05-04,14.83,14.84,14.56,14.6,189875,189875,-0.28,-1.882,14.6893,"May 4, 18",0.024561403508771906
2018-05-07,14.63,14.87,14.57,14.6,149797,149797,0,0,14.6391,"May 7, 18",0.024561403508771906
2018-05-08,14.65,14.99,14.65,14.99,162843,162843,0.39,2.671,14.8714,"May 8, 18",0.05192982456140352
2018-05-09,15.07,15.29,14.93,15.19,138510,138510,0.2,1.334,15.1231,"May 9, 18",0.06596491228070173
2018-05-10,15.24,15.59,15.17,15.45,136518,136518,0.26,1.712,15.3906,"May 10, 18",0.08421052631578943
2018-05-11,14.28,14.28,11.97,13.27,1026297,1026297,-2.18,-14.11,13.2124,"May 11, 18",-0.06877192982456143
2018-05-14,13.25,13.31,13.09,13.11,409480,409480,-0.16,-1.206,13.1462,"May 14, 18",-0.08000000000000004
2018-05-15,13.03,13.5,12.89,13.46,267262,267262,0.35,2.67,13.296,"May 15, 18",-0.05543859649122801
2018-05-16,13.41,13.5,13.21,13.34,198184,198184,-0.12,-0.892,13.3318,"May 16, 18",-0.06385964912280703
2018-05-17,13.28,13.699,13.26,13.33,203280,203280,-0.01,-0.075,13.3639,"May 17, 18",-0.06456140350877193
2018-05-18,13.39,13.5,13.2,13.31,189594,189594,-0.02,-0.15,13.3514,"May 18, 18",-0.06596491228070173
2018-05-21,13.34,13.45,13.3,13.39,117047,117047,0.08,0.601,13.3748,"May 21, 18",-0.06035087719298242
2018-05-22,13.39,13.53,13.39,13.45,215074,215074,0.06,0.448,13.4694,"May 22, 18",-0.05614035087719303
2018-05-23,13.44,13.58,13.2,13.5,347158,347158,0.05,0.372,13.4918,"May 23, 18",-0.05263157894736842
2018-05-24,13.43,13.59,13.39,13.46,230200,230200,-0.04,-0.296,13.4835,"May 24, 18",-0.05543859649122801
2018-05-25,13.39,13.62,13.29,13.38,134681,134681,-0.08,-0.594,13.4483,"May 25, 18",-0.06105263157894732
2018-05-29,13.33,13.51,13.28,13.43,109845,109845,0.05,0.374,13.4264,"May 29, 18",-0.05754385964912283
2018-05-30,13.48,13.55,13.44,13.49,165184,165184,0.06,0.447,13.4965,"May 30, 18",-0.053333333333333316
2018-05-31,13.44,13.5,13.27,13.38,163394,163394,-0.11,-0.815,13.3861,"May 31, 18",-0.06105263157894732
2018-06-01,13.43,13.6,13.36,13.52,231123,231123,0.14,1.046,13.4985,"Jun 1, 18",-0.05122807017543863
2018-06-04,13.47,13.72,13.4,13.7,143928,143928,0.18,1.331,13.5493,"Jun 4, 18",-0.038596491228070226
2018-06-05,13.74,14,13.72,13.93,145169,145169,0.23,1.679,13.8873,"Jun 5, 18",-0.022456140350877212
2018-06-06,13.98,14.03,13.84,13.98,89128,89128,0.05,0.359,13.9691,"Jun 6, 18",-0.0189473684210526
2018-06-07,13.99,14.09,13.7,13.74,65021,65021,-0.24,-1.717,13.8074,"Jun 7, 18",-0.03578947368421051
2018-06-08,13.73,14.01,13.68,13.9,74999,74999,0.16,1.164,13.8433,"Jun 8, 18",-0.024561403508771906
2018-06-11,13.91,14.09,13.74,13.89,179072,179072,-0.01,-0.072,13.9235,"Jun 11, 18",-0.025263157894736803
2018-06-12,13.94,14.01,13.78,13.88,141633,141633,-0.01,-0.072,13.8526,"Jun 12, 18",-0.0259649122807017
2018-06-13,13.9,14.08,13.7,13.85,140115,140115,-0.03,-0.216,13.875,"Jun 13, 18",-0.028070175438596516
2018-06-14,13.9,14.23,13.9,14.21,166837,166837,0.36,2.599,14.1239,"Jun 14, 18",-0.0028070175438595895
2018-06-15,14.1,14.91,14.1,14.72,337384,337384,0.51,3.589,14.6096,"Jun 15, 18",0.03298245614035092
2018-06-18,14.65,14.8,14.29,14.42,139987,139987,-0.3,-2.038,14.5242,"Jun 18, 18",0.011929824561403504
2018-06-19,14.3,14.49,14.225,14.45,164586,164586,0.03,0.208,14.3842,"Jun 19, 18",0.014035087719298196
2018-06-20,14.56,14.57,14.23,14.39,192472,192472,-0.06,-0.415,14.4064,"Jun 20, 18",0.009824561403508812
2018-06-21,14.43,14.4599,14.1943,14.28,106635,106635,-0.11,-0.764,14.3083,"Jun 21, 18",0.002105263157894692
2018-06-22,14.34,14.44,14.15,14.25,955023,955023,-0.03,-0.21,14.2798,"Jun 22, 18",0
2018-06-25,14.19,14.19,13.68,13.79,115211,115211,-0.46,-3.228,13.8241,"Jun 25, 18",-0.03228070175438603
2018-06-26,13.78,13.92,13.56,13.7,123138,123138,-0.09,-0.653,13.7027,"Jun 26, 18",-0.038596491228070226
2018-06-27,13.72,13.91,13.4,13.43,375618,375618,-0.27,-1.971,13.5561,"Jun 27, 18",-0.05754385964912283
2018-06-28,13.4,13.52,13.21,13.24,174297,174297,-0.19,-1.415,13.2825,"Jun 28, 18",-0.07087719298245612
2018-06-29,13.29,13.43,13.08,13.1,121774,121774,-0.14,-1.057,13.1489,"Jun 29, 18",-0.08070175438596494
2018-07-02,13.03,13.55,12.95,13.55,81885,81885,0.45,3.435,13.3127,"Jul 2, 18",-0.04912280701754381
2018-07-03,13.58,13.77,13.48,13.76,65302,65302,0.21,1.55,13.7146,Jul 3,-0.034385964912280714
2018-07-05,13.89,14.13,13.69,13.85,116772,116772,0.09,0.654,13.9114,Jul 5,-0.028070175438596516
2018-07-06,13.86,14.21,13.75,13.95,95396,95396,0.1,0.722,13.9898,Jul 6,-0.02105263157894742
2018-07-09,14.03,14.16,13.92,14,161494,161494,0.05,0.358,13.9996,Jul 9,-0.017543859649122806
2018-07-10,13.97,14.19,13.79,13.82,102065,102065,-0.18,-1.286,13.8997,Jul 10,-0.03017543859649121
2018-07-11,13.78,13.98,13.7,13.79,593281,593281,-0.03,-0.217,13.7435,Jul 11,-0.03228070175438603
2018-07-12,13.85,14.14,13.65,14.12,175174,175174,0.33,2.393,13.929,Jul 12,-0.009122807017543914
2018-07-13,14.11,14.2,13.68,13.68,119239,119239,-0.44,-3.116,13.8287,Jul 13,-0.04000000000000002
2018-07-16,13.71,13.71,13.235,13.36,88535,88535,-0.32,-2.339,13.3892,Jul 16,-0.06245614035087723
2018-07-17,13.32,13.465,13.02,13.32,97512,97512,-0.04,-0.299,13.3403,Jul 17,-0.06526315789473683
2018-07-18,13.37,13.39,13.24,13.33,72848,72848,0.01,0.075,13.3152,Jul 18,-0.06456140350877193
2018-07-19,13.31,13.62,13.28,13.58,83278,83278,0.25,1.875,13.4908,Jul 19,-0.04701754385964912
2018-07-20,13.63,13.94,13.53,13.64,81620,81620,0.06,0.442,13.7381,Jul 20,-0.042807017543859606
2018-07-23,13.58,13.69,13.3276,13.62,73278,73278,-0.02,-0.147,13.5879,Jul 23,-0.044210526315789526
2018-07-24,13.67,13.82,13.35,13.45,71416,71416,-0.17,-1.248,13.5115,Jul 24,-0.05614035087719303
2018-07-25,13.42,13.62,13.38,13.57,80940,80940,0.12,0.892,13.5038,Jul 25,-0.047719298245614016
2018-07-26,13.57,13.97,13.57,13.8,56170,56170,0.23,1.695,13.802,Jul 26,-0.031578947368421005
2018-07-27,13.81,13.89,13.6,13.71,127212,127212,-0.09,-0.652,13.7236,Jul 27,-0.0378947368421052
2018-07-30,13.66,13.87,13.66,13.71,74349,74349,0,0,13.7315,Jul 30,-0.0378947368421052
2018-07-31,13.71,14.04,13.66,13.96,83997,83997,0.25,1.823,13.9054,Jul 31,-0.020350877192982397
2018-08-01,14,14.09,13.91,14.01,76935,76935,0.05,0.358,13.9917,Aug 1,-0.016842105263157908
2018-08-02,13.94,14.2,13.94,14.18,46739,46739,0.17,1.213,14.0802,Aug 2,-0.004912280701754406