date,open,high,low,close,volume,unadjustedVolume,change,changePercent,vwap,label,changeOverTime
2013-08-05,10.163,10.163,10.051,10.0576,37548,37548,-0.09221,-0.908,10.1129,"Aug 5, 13",0
2013-08-06,10.0445,10.0642,9.9786,10.0247,46407,46407,-0.032934,-0.327,10.0268,"Aug 6, 13",-0.003271158129176094
2013-08-07,10.0115,10.0445,9.972,9.9918,53496,53496,-0.032929,-0.328,9.993,"Aug 7, 13",-0.006542316258352011
2013-08-08,9.9918,10.0313,9.9391,9.9984,40957,40957,0.006583,0.066,9.9743,"Aug 8, 13",-0.005886096086541579
2013-08-09,9.9325,10.0049,9.9193,9.972,55378,55378,-0.026346,-0.264,9.9579,"Aug 9, 13",-0.008510976773783131
2013-08-12,9.8996,10.0115,9.8996,9.9786,49327,49327,0.006588,0.066,9.9775,"Aug 12, 13",-0.007854756601972698
2013-08-13,9.972,9.9918,9.9128,9.9786,42717,42717,0,0,9.9522,"Aug 13, 13",-0.007854756601972698
2013-08-14,9.9325,9.9546,9.9061,9.9127,30981,30981,-0.065866,-0.66,9.9315,"Aug 14, 13",-0.014407015590200602
2013-08-15,9.8666,9.8666,9.7481,9.7942,32551,32551,-0.118556,-1.196,9.7856,"Aug 15, 13",-0.026189150493159473
2013-08-16,9.7547,9.7941,9.702,9.702,34569,34569,-0.092213,-0.942,9.7497,"Aug 16, 13",-0.035356347438752864
2013-08-19,9.6624,9.669,9.4714,9.478,56517,56517,-0.223942,-2.308,9.5539,"Aug 19, 13",-0.057628062360801875
2013-08-20,9.4517,9.6163,9.4253,9.5834,51962,51962,0.105385,1.112,9.5615,"Aug 20, 13",-0.0471484250715878
2013-08-21,9.5768,9.6097,9.4912,9.5109,27860,27860,-0.072453,-0.756,9.5691,"Aug 21, 13",-0.05435690423162596
2013-08-22,9.5505,9.6821,9.5505,9.6756,34931,34931,0.164664,1.731,9.6331,"Aug 22, 13",-0.037981228125994415
2013-08-23,9.6493,9.6954,9.6163,9.6822,34065,34065,0.006588,0.068,9.6602,"Aug 23, 13",-0.03732500795418398
2013-08-26,9.7085,9.7678,9.6511,9.6745,26398,26398,-0.007708,-0.08,9.7176,"Aug 26, 13",-0.038090598154629396
2013-08-27,9.5571,9.6493,9.5241,9.5241,41091,41091,-0.150369,-1.554,9.5788,"Aug 27, 13",-0.05304446388800509
2013-08-28,9.5636,9.6163,9.5175,9.5702,45097,45097,0.046105,0.484,9.5694,"Aug 28, 13",-0.04846086541520849
2013-08-29,9.5175,9.5768,9.4912,9.5109,30953,30953,-0.05928,-0.619,9.5281,"Aug 29, 13",-0.05435690423162596
2013-08-30,9.4912,9.5373,9.4912,9.5373,37871,37871,0.026346,0.277,9.5195,"Aug 30, 13",-0.05173202354438441
2013-09-03,9.5834,9.6163,9.4727,9.5044,46293,46293,-0.03293,-0.345,9.5262,"Sep 3, 13",-0.055003181673560324
2013-09-04,9.4714,9.5768,9.4583,9.5439,51546,51546,0.039517,0.416,9.5191,"Sep 4, 13",-0.051075803372573975
2013-09-05,9.5175,9.5373,9.4912,9.4912,35186,35186,-0.052692,-0.552,9.5077,"Sep 5, 13",-0.05631562201718119
2013-09-06,9.5109,9.5393,9.4583,9.478,44616,44616,-0.013173,-0.139,9.5092,"Sep 6, 13",-0.057628062360801875
2013-09-09,9.5241,9.6117,9.5241,9.6032,57284,57284,0.125144,1.32,9.5568,"Sep 9, 13",-0.04517976455615668
2013-09-10,9.6295,9.6624,9.6003,9.6493,41777,41777,0.046106,0.48,9.6262,"Sep 10, 13",-0.0405961660833599
2013-09-11,9.5966,9.6427,9.5702,9.6032,31288,31288,-0.046106,-0.478,9.6017,"Sep 11, 13",-0.04517976455615668
2013-09-12,9.6559,9.6756,9.5768,9.6427,55629,55629,0.039519,0.412,9.642,"Sep 12, 13",-0.04125238625517033
2013-09-13,9.6361,9.7085,9.5946,9.7085,79112,79112,0.065864,0.683,9.6522,"Sep 13, 13",-0.03471006999681832
2013-09-16,9.8139,9.8534,9.7744,9.8534,130237,130237,0.144906,1.493,9.8204,"Sep 16, 13",-0.020303054406617897
2013-09-17,9.8666,9.893,9.7876,9.8073,90259,90259,-0.046105,-0.468,9.8522,"Sep 17, 13",-0.02488665287941468
2013-09-18,9.8006,9.9995,9.7704,9.9886,134100,134100,0.181248,1.848,9.8596,"Sep 18, 13",-0.006860483614381247
2013-09-19,10.049,10.0893,10.002,10.0222,75284,75284,0.033562,0.336,10.0353,"Sep 19, 13",-0.003519726376073913
2013-09-20,10.0222,10.0316,9.8953,9.9497,59921,59921,-0.072498,-0.723,9.9658,"Sep 20, 13",-0.01072820553611207
2013-09-23,9.908,9.9148,9.8342,9.8342,50767,50767,-0.115458,-1.16,9.8777,"Sep 23, 13",-0.022212058542793667
2013-09-24,9.8812,9.9349,9.8543,9.9349,47044,47044,0.100691,1.024,9.893,"Sep 24, 13",-0.012199729557747377
2013-09-25,9.9416,9.9953,9.9312,9.9685,68861,68861,0.033567,0.338,9.9642,"Sep 25, 13",-0.008858972319440042
2013-09-26,9.9483,10.0571,9.9483,10.0222,52820,52820,0.053698,0.539,10.0241,"Sep 26, 13",-0.003519726376073913
2013-09-27,10.0087,10.0222,9.9495,10.002,60024,60024,-0.020137,-0.201,9.9938,"Sep 27, 13",-0.005528157811008599
2013-09-30,9.8946,9.9819,9.8946,9.9819,81593,81593,-0.020139,-0.201,9.9468,"Sep 30, 13",-0.007526646516067571
2013-10-01,9.9416,10.0222,9.9416,10.002,59763,59763,0.020139,0.202,9.982,"Oct 1, 13",-0.005528157811008599
2013-10-02,9.9215,9.9818,9.8812,9.9617,49037,49037,-0.040278,-0.403,9.942,"Oct 2, 13",-0.009535077951002257
2013-10-03,9.8946,9.9215,9.8141,9.861,66029,66029,-0.100691,-1.011,9.8715,"Oct 3, 13",-0.01954740693604837
2013-10-04,9.8275,9.9013,9.8208,9.8745,50454,50454,0.013428,0.136,9.8611,"Oct 4, 13",-0.018205138402800008
2013-10-07,9.7872,9.8409,9.7738,9.8275,44877,44877,-0.046991,-0.476,9.8138,"Oct 7, 13",-0.022878221444479815
2013-10-08,9.8006,9.8409,9.6932,9.7201,35372,35372,-0.107405,-1.093,9.763,"Oct 8, 13",-0.03355671333121225
2013-10-09,9.7134,9.7236,9.6328,9.7201,37094,37094,0,0,9.6994,"Oct 9, 13",-0.03355671333121225
2013-10-10,9.8073,9.8913,9.7604,9.8543,66526,66526,0.134256,1.381,9.8424,"Oct 10, 13",-0.020213569837734695
2013-10-11,9.8073,9.9284,9.8073,9.9282,45725,45725,0.073841,0.749,9.8791,"Oct 11, 13",-0.012865892459433701
2013-10-14,9.9215,9.9752,9.8007,9.9685,37499,37499,0.040279,0.406,9.913,"Oct 14, 13",-0.008858972319440042
2013-10-15,9.9685,9.9685,9.8275,9.8543,44969,44969,-0.11412,-1.145,9.9053,"Oct 15, 13",-0.020213569837734695
2013-10-16,9.9013,9.9617,9.841,9.955,51259,51259,0.100695,1.022,9.9263,"Oct 16, 13",-0.010201240852688582
2013-10-17,9.9215,10.0356,9.8812,10.0154,43221,43221,0.060412,0.607,9.9929,"Oct 17, 13",-0.004195832007636128
2013-10-18,10.0826,10.1363,10.0557,10.1094,53791,53791,0.093979,0.938,10.1124,"Oct 18, 13",0.005150334075723837
2013-10-21,10.1027,10.1564,10.1027,10.1228,33901,33901,0.013356,0.132,10.1221,"Oct 21, 13",0.006482659879096309
2013-10-22,10.1363,10.2568,10.1363,10.2235,55150,55150,0.10076,0.995,10.2285,"Oct 22, 13",0.01649498886414242
2013-10-23,10.2235,10.3041,10.1967,10.2705,47135,47135,0.046988,0.46,10.2521,"Oct 23, 13",0.021168071905822403
2013-10-24,10.2974,10.3309,10.2907,10.3108,44348,44348,0.040278,0.392,10.314,"Oct 24, 13",0.025174992045816063
2013-10-25,10.3578,10.4182,10.3343,10.4182,68398,68398,0.107405,1.042,10.3803,"Oct 25, 13",0.0358534839325485
2013-10-28,10.4182,10.4316,10.3726,10.3914,57714,57714,-0.026853,-0.258,10.3961,"Oct 28, 13",0.03318883232580338
2013-10-29,10.4115,10.4719,10.3779,10.437,53252,53252,0.045649,0.439,10.4093,"Oct 29, 13",0.03772271714922035
2013-10-30,10.4316,10.4652,10.3645,10.3981,49682,49682,-0.038935,-0.373,10.4197,"Oct 30, 13",0.033854995227489526
2013-10-31,10.3779,10.4357,10.3511,10.3846,33362,33362,-0.013426,-0.129,10.3944,"Oct 31, 13",0.03251272669424116
2013-11-01,10.3712,10.4652,10.3712,10.4585,44142,44142,0.073841,0.711,10.4334,"Nov 1, 13",0.039860404072542155
2013-11-04,10.4652,10.4987,10.4585,10.492,32433,32433,0.033563,0.321,10.4764,"Nov 4, 13",0.0431912185809736
2013-11-05,10.4383,10.4853,10.4115,10.4853,72259,72259,-0.006712,-0.064,10.4514,"Nov 5, 13",0.04252505567928728
2013-11-06,10.4786,10.5122,10.4719,10.4988,64727,64727,0.013427,0.128,10.4804,"Nov 6, 13",0.04386732421253564
2013-11-07,10.492,10.5188,10.4249,10.4518,50354,50354,-0.046991,-0.448,10.4623,"Nov 7, 13",0.039194241170855834
2013-11-08,10.4048,10.4518,10.3377,10.4182,42358,42358,-0.033563,-0.321,10.3941,"Nov 8, 13",0.0358534839325485
2013-11-11,10.3981,10.4249,10.3578,10.4182,36826,36826,0,0,10.3942,"Nov 11, 13",0.0358534839325485
2013-11-12,10.3846,10.3846,10.2974,10.3779,63743,63743,-0.040278,-0.387,10.34,"Nov 12, 13",0.03184656379255484
2013-11-13,10.3511,10.3914,10.2927,10.3914,41933,41933,0.013425,0.129,10.3386,"Nov 13, 13",0.03318883232580338
2013-11-14,10.3578,10.4585,10.3511,10.4518,91301,91301,0.060416,0.581,10.4141,"Nov 14, 13",0.039194241170855834
2013-11-15,10.4719,10.6062,10.4585,10.5995,116260,116260,0.147682,1.413,10.5532,"Nov 15, 13",0.05387965319758193
2013-11-18,10.6129,10.6532,10.5727,10.5995,101702,101702,0,0,10.6278,"Nov 18, 13",0.05387965319758193
2013-11-19,10.5659,10.6196,10.5323,10.539,52344,52344,-0.060416,-0.57,10.5768,"Nov 19, 13",0.047864301622653406
2013-11-20,10.5659,10.5995,10.4383,10.4518,50342,50342,-0.087266,-0.828,10.5352,"Nov 20, 13",0.039194241170855834
2013-11-21,10.4853,10.5726,10.4853,10.5458,42400,42400,0.09398,0.899,10.5275,"Nov 21, 13",0.04854040725421562
2013-11-22,10.5726,10.6397,10.5726,10.6196,60415,60415,0.07384,0.7,10.5958,"Nov 22, 13",0.055878141902640725
2013-11-25,10.5995,10.6733,10.5927,10.6397,69841,69841,0.020138,0.19,10.6331,"Nov 25, 13",0.05787663060769952
2013-11-26,10.6532,10.6532,10.5927,10.6196,68418,68418,-0.020138,-0.189,10.6305,"Nov 26, 13",0.055878141902640725
2013-11-27,10.6397,10.6867,10.6129,10.6397,59611,59611,0.020138,0.19,10.6491,"Nov 27, 13",0.05787663060769952
2013-11-29,10.6599,10.6934,10.6196,10.68,65846,65846,0.040275,0.379,10.6641,"Nov 29, 13",0.06188355074769318
2013-12-02,10.6464,10.68,10.5256,10.5458,56651,56651,-0.134253,-1.257,10.5963,"Dec 2, 13",0.04854040725421562
2013-12-03,10.5055,10.5256,10.4518,10.4786,54155,54155,-0.067128,-0.637,10.4915,"Dec 3, 13",0.04185889277760095
2013-12-04,10.4249,10.5451,10.4249,10.5323,51041,51041,0.053702,0.512,10.4833,"Dec 4, 13",0.047198138720967085
2013-12-05,10.4786,10.4786,10.3645,10.3914,49525,49525,-0.14097,-1.338,10.4255,"Dec 5, 13",0.03318883232580338
2013-12-06,10.4316,10.492,10.3846,10.4182,68958,68958,0.026853,0.258,10.4201,"Dec 6, 13",0.0358534839325485
2013-12-09,10.4115,10.4719,10.3377,10.3578,87909,87909,-0.060417,-0.58,10.3919,"Dec 9, 13",0.02984807508749587
2013-12-10,10.3108,10.3578,10.2705,10.2907,84251,84251,-0.067126,-0.648,10.317,"Dec 10, 13",0.02317650334075709
2013-12-11,10.2571,10.2907,10.1967,10.2101,70827,70827,-0.080553,-0.783,10.2502,"Dec 11, 13",0.01516266306076995
2013-12-12,10.2235,10.2571,10.1094,10.1161,63581,63581,-0.093978,-0.92,10.1678,"Dec 12, 13",0.0058164969774099845
2013-12-13,10.1765,10.19,10.1161,10.143,53794,53794,0.026849,0.265,10.1467,"Dec 13, 13",0.008491091314031172
2013-12-16,10.143,10.243,10.143,10.1765,89857,89857,0.033565,0.331,10.2021,"Dec 16, 13",0.011821905822462614
2013-12-17,10.19,10.2303,10.1296,10.1833,58540,58540,0.006713,0.066,10.1613,"Dec 17, 13",0.012498011454024655
2013-12-18,10.1764,10.4021,10.167,10.3406,88945,88945,0.15729,1.545,10.2353,"Dec 18, 13",0.028137925548838635
2013-12-19,10.3679,10.3816,10.2927,10.3816,85317,85317,0.041036,0.397,10.3387,"Dec 19, 13",0.03221444479796371
2013-12-20,10.3953,10.5252,10.3953,10.4979,76011,76011,0.116263,1.12,10.4667,"Dec 20, 13",0.043777839643652436
2013-12-23,10.5731,10.7167,10.5731,10.7167,73921,73921,0.218847,2.085,10.6643,"Dec 23, 13",0.06553253261215386
2013-12-24,10.7441,10.8502,10.7304,10.8466,31159,31159,0.129941,1.213,10.7804,"Dec 24, 13",0.07844813872096719
2013-12-26,10.8808,10.9287,10.8466,10.915,100007,100007,0.06839,0.631,10.8777,"Dec 26, 13",0.08524896595609274
2013-12-27,10.9287,10.9287,10.7988,10.8535,58846,58846,-0.061552,-0.564,10.8512,"Dec 27, 13",0.0791341870824053
2013-12-30,10.8603,10.8672,10.7441,10.7646,81211,81211,-0.088904,-0.819,10.7902,"Dec 30, 13",0.07029510022271704
2013-12-31,10.8261,10.8535,10.7714,10.8056,39050,39050,0.041033,0.381,10.8014,"Dec 31, 13",0.07437161947184212
2014-01-02,10.8124,10.8124,10.7099,10.7509,75118,75118,-0.054713,-0.506,10.747,"Jan 2, 14",0.06893294622971671
2014-01-03,10.7235,10.7372,10.662,10.7304,49807,49807,-0.020515,-0.191,10.6961,"Jan 3, 14",0.06689468660515419
2014-01-06,10.7167,10.735,10.662,10.7099,50695,50695,-0.02052,-0.191,10.7043,"Jan 6, 14",0.06485642698059164
2014-01-07,10.703,10.7782,10.6962,10.7441,46003,46003,0.034197,0.319,10.7337,"Jan 7, 14",0.0682568405981545
2014-01-08,10.7304,10.7717,10.6825,10.7509,41717,41717,0.006838,0.064,10.7192,"Jan 8, 14",0.06893294622971671
2014-01-09,10.7372,10.7646,10.6621,10.6757,58076,58076,-0.07523,-0.7,10.6922,"Jan 9, 14",0.06145601336302896
2014-01-10,10.6962,10.7441,10.6688,10.7099,59672,59672,0.034195,0.32,10.7011,"Jan 10, 14",0.06485642698059164
2014-01-13,10.6757,10.7167,10.5731,10.5936,55063,55063,-0.116262,-1.086,10.638,"Jan 13, 14",0.05329303213490291
2014-01-14,10.6073,10.7008,10.6004,10.6893,42304,42304,0.095745,0.904,10.6543,"Jan 14, 14",0.06280822462615321
2014-01-15,10.6962,10.8193,10.6962,10.8124,88583,88583,0.123105,1.152,10.7742,"Jan 15, 14",0.07504772510340434
2014-01-16,10.8261,10.8603,10.7851,10.8535,54126,54126,0.041031,0.379,10.8277,"Jan 16, 14",0.0791341870824053
2014-01-17,10.8808,10.8808,10.8193,10.833,38467,38467,-0.020516,-0.189,10.8521,"Jan 17, 14",0.07709592745784276
2014-01-21,10.8535,10.9034,10.8193,10.8466,45657,45657,0.013678,0.126,10.8496,"Jan 21, 14",0.07844813872096719
2014-01-22,10.874,10.9013,10.8603,10.8808,32223,32223,0.034195,0.315,10.883,"Jan 22, 14",0.08184855233853006
2014-01-23,10.874,10.9049,10.8466,10.874,53913,53913,-0.00684,-0.063,10.8821,"Jan 23, 14",0.08117244670696784
2014-01-24,10.833,10.8398,10.7099,10.7167,49534,49534,-0.157296,-1.447,10.7802,"Jan 24, 14",0.06553253261215386
2014-01-27,10.7577,10.7577,10.5457,10.5662,67212,67212,-0.150456,-1.404,10.6153,"Jan 27, 14",0.05056872414890227
2014-01-28,10.5868,10.5868,10.5252,10.5594,54246,54246,-0.006842,-0.065,10.5517,"Jan 28, 14",0.04989261851734005
2014-01-29,10.5115,10.5457,10.3884,10.3884,69036,69036,-0.170974,-1.619,10.4328,"Jan 29, 14",0.032890550429525926
2014-01-30,10.4568,10.5252,10.4568,10.491,43374,43374,0.102587,0.988,10.4866,"Jan 30, 14",0.04309179128221433
2014-01-31,10.4158,10.5047,10.3953,10.4568,61154,61154,-0.034197,-0.326,10.4547,"Jan 31, 14",0.03969137766465147
2014-02-03,10.4295,10.4637,10.2106,10.2243,64965,64965,-0.232525,-2.224,10.2773,"Feb 3, 14",0.01657453070314973
2014-02-04,10.2243,10.2995,10.2243,10.2858,64526,64526,0.061551,0.602,10.2661,"Feb 4, 14",0.022689309576837343
2014-02-05,10.238,10.3057,10.2106,10.279,80385,80385,-0.006837,-0.066,9.8489,"Feb 5, 14",0.022013203945275128
2014-02-06,10.2927,10.3816,10.2722,10.3542,40325,40325,0.075227,0.732,10.3429,"Feb 6, 14",0.029490136811963066
2014-02-07,10.3542,10.4862,10.3542,10.4773,49075,49075,0.123101,1.189,10.421,"Feb 7, 14",0.04172963728921401
2014-02-10,10.5047,10.5594,10.4705,10.5526,35648,35648,0.075228,0.718,10.5148,"Feb 10, 14",0.04921651288577784
2014-02-11,10.5252,10.6961,10.491,10.662,41368,41368,0.109425,1.037,10.5957,"Feb 11, 14",0.06009385937002863
2014-02-12,10.6483,10.6893,10.6346,10.662,49552,49552,0,0,10.6606,"Feb 12, 14",0.06009385937002863
2014-02-13,10.6415,10.8193,10.6073,10.8193,67644,67644,0.157297,1.475,10.7462,"Feb 13, 14",0.07573377346484243
2014-02-14,10.833,10.874,10.7988,10.8535,28445,28445,0.034194,0.316,10.8557,"Feb 14, 14",0.0791341870824053
2014-02-18,10.8398,10.9287,10.8398,10.915,60962,60962,0.061552,0.567,10.8836,"Feb 18, 14",0.08524896595609274
2014-02-19,10.8808,10.8945,10.7714,10.7919,37685,37685,-0.123101,-1.128,10.854,"Feb 19, 14",0.0730094654788418
2014-02-20,10.7851,10.9013,10.7851,10.874,67673,67673,0.082066,0.76,10.8368,"Feb 20, 14",0.08117244670696784
2014-02-21,10.9219,10.9424,10.887,10.9219,101494,101494,0.047873,0.44,10.9253,"Feb 21, 14",0.08593501431753102
2014-02-24,10.9287,11.0245,10.9013,10.9834,103002,103002,0.061551,0.564,10.9803,"Feb 24, 14",0.09204979319121846
2014-02-25,11.0313,11.0313,10.9424,11.0176,55981,55981,0.034197,0.311,10.9914,"Feb 25, 14",0.09545020680878132
2014-02-26,11.0381,11.0518,10.9561,10.9834,59556,59556,-0.034197,-0.31,11.0002,"Feb 26, 14",0.09204979319121846
2014-02-27,11.0108,11.0381,10.9287,11.0245,43877,43877,0.041036,0.374,11.0004,"Feb 27, 14",0.09613625517021943
2014-02-28,10.9697,11.0723,10.9697,11.0039,61628,61628,-0.020519,-0.186,11.0221,"Feb 28, 14",0.094088052815781
2014-03-03,10.9561,10.9971,10.9013,10.9629,43020,43020,-0.041034,-0.373,10.9485,"Mar 3, 14",0.09001153356665592
2014-03-04,11.0313,11.1134,11.0313,11.0902,33117,33117,0.127344,1.162,11.0697,"Mar 4, 14",0.10266862869869536
2014-03-05,11.0928,11.1459,11.0928,11.1202,31706,31706,0.029955,0.27,11.1172,"Mar 5, 14",0.1056514476614699
2014-03-06,11.1476,11.1749,11.1339,11.1749,20431,20431,0.054711,0.492,11.1531,"Mar 6, 14",0.11109012090359513
2014-03-07,11.1681,11.1681,11.0928,11.1407,32251,32251,-0.034196,-0.306,11.1252,"Mar 7, 14",0.10768970728603244
2014-03-10,11.127,11.1407,11.0518,11.1134,25990,25990,-0.027357,-0.246,11.1009,"Mar 10, 14",0.10497534202990769
2014-03-11,11.1134,11.1134,11.0245,11.1065,33353,33353,-0.006838,-0.062,11.0951,"Mar 11, 14",0.10428929366846958
2014-03-12,11.0928,11.1271,11.045,11.127,23365,23365,0.020519,0.185,11.1041,"Mar 12, 14",0.10632755329303212
2014-03-13,11.1612,11.1749,11.0655,11.1134,34212,34212,-0.013681,-0.123,11.0914,"Mar 13, 14",0.10497534202990769
2014-03-14,11.0997,11.1476,11.0792,11.1065,33988,33988,-0.006838,-0.062,11.113,"Mar 14, 14",0.10428929366846958
2014-03-17,11.1339,11.2091,11.0928,11.0997,27820,27820,-0.006836,-0.062,11.1529,"Mar 17, 14",0.10361318803690736
2014-03-18,11.1476,11.1749,11.0928,11.0928,32992,32992,-0.006841,-0.062,11.1347,"Mar 18, 14",0.10292713967546925
2014-03-19,11.1694,11.239,11.0859,11.1068,117610,117610,0.013922,0.126,11.1231,"Mar 19, 14",0.10431912185809726
2014-03-20,11.0998,11.1116,11.0441,11.0441,68495,68495,-0.062631,-0.564,11.065,"Mar 20, 14",0.09808503022589876
2014-03-21,11.0998,11.1624,10.9466,10.9467,66717,66717,-0.097429,-0.882,10.5782,"Mar 21, 14",0.08840081132675778
2014-03-24,10.9467,11.072,10.9467,11.0163,57337,57337,0.069592,0.636,11.0021,"Mar 24, 14",0.09532095132039438
2014-03-25,11.0511,11.0581,10.9676,11.0581,56003,56003,0.041754,0.379,11.027,"Mar 25, 14",0.09947701240852676
2014-03-26,11.065,11.1207,11.0649,11.0998,73779,73779,0.041756,0.378,11.0273,"Mar 26, 14",0.10362313076678326
2014-03-27,11.1137,11.1208,11.065,11.1068,34853,34853,0.006958,0.063,11.1006,"Mar 27, 14",0.10431912185809726
2014-03-28,11.1068,11.1346,11.0928,11.1068,72333,72333,0,0,11.1091,"Mar 28, 14",0.10431912185809726
2014-03-31,11.1207,11.2181,11.1207,11.2042,39355,39355,0.09743,0.877,11.1871,"Mar 31, 14",0.11400334075723824
2014-04-01,11.2042,11.2668,11.1903,11.2668,61234,61234,0.062631,0.559,11.2177,"Apr 1, 14",0.12022748965956084
2014-04-02,11.2459,11.2668,11.2459,11.2668,32102,32102,0,0,11.256,"Apr 2, 14",0.12022748965956084
2014-04-03,11.2738,11.2738,11.2459,11.2529,32069,32069,-0.01392,-0.124,13.5128,"Apr 3, 14",0.11884545020680873
2014-04-04,11.3712,11.3712,11.2113,11.2529,100069,100069,0,0,11.2806,"Apr 4, 14",0.11884545020680873
2014-04-07,11.239,11.239,11.1276,11.1496,29637,29637,-0.103342,-0.918,11.1845,"Apr 7, 14",0.10857461024498873
2014-04-08,11.1764,11.1764,11.0998,11.1694,38059,38059,0.019832,0.178,11.134,"Apr 8, 14",0.11054327076041985
2014-04-09,11.1972,11.232,11.1555,11.2251,30650,30650,0.055673,0.498,11.1804,"Apr 9, 14",0.11608137130130435
2014-04-10,11.232,11.2668,11.1137,11.1485,71759,71759,-0.076549,-0.682,11.2196,"Apr 10, 14",0.10846524021635374
2014-04-11,11.1207,11.1276,11.065,11.065,26825,26825,-0.083511,-0.749,11.1047,"Apr 11, 14",0.10016306076996487
2014-04-14,11.1555,11.2042,11.0998,11.1207,109232,109232,0.055674,0.503,11.1475,"Apr 14, 14",0.10570116131084936
2014-04-15,11.1694,11.1972,11.1207,11.1485,47237,47237,0.027837,0.25,11.1526,"Apr 15, 14",0.10846524021635374
2014-04-16,11.1972,11.2738,11.1764,11.2738,30518,30518,0.125264,1.124,11.2347,"Apr 16, 14",0.12092348075087483
2014-04-17,11.2947,11.3016,11.2635,11.2877,44644,44644,0.013917,0.123,11.2844,"Apr 17, 14",0.12230552020362694
2014-04-21,11.2738,11.3364,11.2599,11.3155,32960,32960,0.027837,0.247,11.3084,"Apr 21, 14",0.12506959910913132
2014-04-22,11.3434,11.3782,11.3225,11.3434,45240,45240,0.027838,0.246,11.3607,"Apr 22, 14",0.1278436207445116
2014-04-23,11.3573,11.413,11.3503,11.3851,53958,53958,0.041755,0.368,11.3698,"Apr 23, 14",0.13198973910276793
2014-04-24,11.3851,11.399,11.3086,11.399,44086,44086,0.013918,0.122,11.3603,"Apr 24, 14",0.13337177855552004
2014-04-25,11.3782,11.3782,11.3295,11.3782,40326,40326,-0.020878,-0.183,11.3572,"Apr 25, 14",0.13130369074132983
2014-04-28,11.3782,11.406,11.3364,11.406,34936,34936,0.027837,0.245,11.3854,"Apr 28, 14",0.1340677696468342
2014-04-29,11.413,11.4756,11.413,11.4756,24118,24118,0.069591,0.61,11.4459,"Apr 29, 14",0.1409879096404708
2014-04-30,11.4756,11.4756,11.4199,11.4617,44153,44153,-0.013919,-0.121,11.4501,"Apr 30, 14",0.1396058701877187
2014-05-01,11.4547,11.4756,11.4339,11.4617,33887,33887,0,0,11.4574,"May 1, 14",0.1396058701877187
2014-05-02,11.4617,11.4756,11.4408,11.4547,24209,24209,-0.006959,-0.061,11.4652,"May 2, 14",0.1389098790964047
2014-05-05,11.4338,11.4756,11.406,11.4478,35499,35499,-0.006959,-0.061,11.4461,"May 5, 14",0.13822383073496658
2014-05-06,11.4686,11.4826,11.4199,11.4826,30495,30495,0.034797,0.304,11.4637,"May 6, 14",0.1416839007317848
2014-05-07,11.4826,11.4826,11.4338,11.4756,35903,35903,-0.00696,-0.061,11.477,"May 7, 14",0.1409879096404708
2014-05-08,11.4826,11.5348,11.4408,11.4756,34034,34034,0,0,11.4908,"May 8, 14",0.1409879096404708
2014-05-09,11.4965,11.4965,11.4408,11.4617,25259,25259,-0.013919,-0.121,11.468,"May 9, 14",0.1396058701877187
2014-05-12,11.4686,11.5174,11.4686,11.4965,34201,34201,0.034795,0.304,11.4968,"May 12, 14",0.14306594018453692
2014-05-13,11.4965,11.5591,11.4965,11.5452,48369,48369,0.048715,0.424,11.5333,"May 13, 14",0.1479080496341074
2014-05-14,11.5661,11.6148,11.5521,11.5939,32725,32725,0.048714,0.422,11.5873,"May 14, 14",0.1527501590836779
2014-05-15,11.6009,11.6009,11.5034,11.5313,38513,38513,-0.06263,-0.54,11.5595,"May 15, 14",0.1465260101813553
2014-05-16,11.5591,11.6565,11.5591,11.6565,46714,46714,0.125262,1.086,11.6067,"May 16, 14",0.15897430798600048
2014-05-19,11.6774,11.6913,11.6357,11.6913,31220,31220,0.034795,0.299,11.6742,"May 19, 14",0.16243437798281887
2014-05-20,11.6635,11.6774,11.6009,11.6426,41966,41966,-0.048713,-0.417,11.6558,"May 20, 14",0.1575922685332484
2014-05-21,11.6705,11.7122,11.6078,11.6078,29765,29765,-0.034796,-0.299,11.6683,"May 21, 14",0.15413219853643
2014-05-22,11.6357,11.7261,11.6357,11.6913,33336,33336,0.083509,0.719,11.6962,"May 22, 14",0.16243437798281887
2014-05-23,11.6913,11.7609,11.6913,11.7052,29363,29363,0.013919,0.119,11.725,"May 23, 14",0.163816417435571
2014-05-27,11.74,11.7609,11.7192,11.7192,46514,46514,0.013919,0.119,11.745,"May 27, 14",0.16520839961819916
2014-05-28,11.7192,11.7609,11.7192,11.747,35255,35255,0.027834,0.238,11.7446,"May 28, 14",0.16797247852370337
2014-05-29,11.7609,11.7957,11.747,11.7957,47707,47707,0.048715,0.415,11.7763,"May 29, 14",0.17281458797327387
2014-05-30,11.7957,11.8166,11.7888,11.8166,42630,42630,0.020876,0.177,11.8071,"May 30, 14",0.17489261851733998
2014-06-02,11.8166,11.8305,11.7888,11.8305,38165,38165,0.013922,0.118,11.8225,"Jun 2, 14",0.17627465797009226
2014-06-03,11.8305,11.8653,11.7888,11.8236,108209,108209,-0.006961,-0.059,11.821,"Jun 3, 14",0.17558860960865413
2014-06-04,11.8305,11.8723,11.7958,11.8305,38622,38622,0.006961,0.059,11.829,"Jun 4, 14",0.17627465797009226
2014-06-05,11.9279,12.0323,11.8305,12.0323,164796,164796,0.201812,1.706,11.9548,"Jun 5, 14",0.19633908685968804
2014-06-06,12.0393,12.1298,12.0052,12.1228,79261,79261,0.09047,0.752,12.0831,"Jun 6, 14",0.20533725739739092
2014-06-09,12.1646,12.1715,12.081,12.1715,46542,46542,0.048713,0.402,12.1473,"Jun 9, 14",0.2101793668469614
2014-06-10,12.1993,12.3246,12.1402,12.3107,66915,66915,0.139183,1.144,12.2225,"Jun 10, 14",0.22401964683423478
2014-06-11,12.3733,12.3872,12.2481,12.3872,80220,80220,0.07655,0.622,12.3365,"Jun 11, 14",0.2316258351893095
2014-06-12,12.3664,12.3803,12.1298,12.3803,67879,67879,-0.006958,-0.056,12.2953,"Jun 12, 14",0.23093978682787136
2014-06-13,12.422,12.436,12.3316,12.422,50233,50233,0.041754,0.337,12.4012,"Jun 13, 14",0.23508590518612787
2014-06-16,12.4429,12.5124,12.3177,12.3942,74158,74158,-0.027838,-0.224,12.3983,"Jun 16, 14",0.23232182628062348
2014-06-17,12.5125,12.5125,12.3246,12.3385,61950,61950,-0.055671,-0.449,12.4173,"Jun 17, 14",0.22678372573973898
2014-06-18,12.3032,12.3527,12.1759,12.3315,139322,139322,-0.007076,-0.057,12.3168,"Jun 18, 14",0.226087734648425
2014-06-19,12.3951,12.3951,12.2183,12.2537,95271,95271,-0.077779,-0.631,12.2769,"Jun 19, 14",0.21835229080496335
2014-06-20,12.282,12.289,12.2379,12.282,42058,42058,0.028283,0.231,12.2695,"Jun 20, 14",0.2211660833598472
2014-06-23,12.3173,12.3315,12.2678,12.289,53054,53054,0.007071,0.058,12.295,"Jun 23, 14",0.22186207445116118
2014-06-24,12.3032,12.3527,12.2784,12.3385,98098,98098,0.049495,0.403,12.3274,"Jun 24, 14",0.22678372573973898
2014-06-25,12.3385,12.3456,12.2607,12.3421,57313,57313,0.003534,0.029,12.3041,"Jun 25, 14",0.22714166401527197
2014-06-26,12.381,12.388,12.3173,12.388,57729,57729,0.045962,0.372,12.3522,"Jun 26, 14",0.23170537702831678
2014-06-27,12.4163,12.4799,12.3668,12.4729,60879,60879,0.08485,0.685,12.4136,"Jun 27, 14",0.24014675469296834
2014-06-30,12.4517,12.5507,12.4304,12.5365,72774,72774,0.063636,0.51,12.4925,"Jun 30, 14",0.24647033089405018
2014-07-01,12.586,12.586,12.5082,12.5507,69321,69321,0.014144,0.113,12.54,"Jul 1, 14",0.24788219853643015
2014-07-02,12.5648,12.5719,12.388,12.4022,61845,61845,-0.148489,-1.183,12.4891,"Jul 2, 14",0.23311724467069675
2014-07-03,12.4304,12.4446,12.2907,12.3032,71494,71494,-0.098991,-0.798,12.3639,"Jul 3, 14",0.22327394209354115
2014-07-07,12.2678,12.3315,12.2607,12.296,78371,78371,-0.007141,-0.058,12.2819,"Jul 7, 14",0.22255806554247518
2014-07-08,12.3032,12.3527,12.2678,12.3527,100189,100189,0.056637,0.461,12.3062,"Jul 8, 14",0.22819559338211895
2014-07-09,12.388,12.4234,12.3244,12.4092,65610,65610,0.056565,0.458,12.3694,"Jul 9, 14",0.23381323576201074
2014-07-10,12.3456,12.4022,12.3244,12.4022,33289,33289,-0.00707,-0.057,12.3568,"Jul 10, 14",0.23311724467069675
2014-07-11,12.4022,12.4517,12.3597,12.4517,34882,34882,0.049494,0.399,12.4278,"Jul 11, 14",0.23803889595927455
2014-07-14,12.5224,12.5931,12.4517,12.5931,114728,114728,0.141417,1.136,12.5502,"Jul 14, 14",0.25209791600381787
2014-07-15,12.6072,12.6072,12.4587,12.4729,104044,104044,-0.120202,-0.955,12.5308,"Jul 15, 14",0.24014675469296834
2014-07-16,12.5224,12.5507,12.487,12.5153,65949,65949,0.042423,0.34,12.5225,"Jul 16, 14",0.24436247216035625
2014-07-17,12.5082,12.5507,12.4517,12.487,69592,69592,-0.028282,-0.226,12.5122,"Jul 17, 14",0.24154867960547238
2014-07-18,12.5153,12.5507,12.4799,12.4799,32420,32420,-0.007072,-0.057,12.5208,"Jul 18, 14",0.2408427457842825
2014-07-21,12.5012,12.5436,12.4446,12.4587,35008,35008,-0.021212,-0.17,12.4877,"Jul 21, 14",0.23873488705058854
2014-07-22,12.5082,12.685,12.5082,12.6638,58400,58400,0.205053,1.646,12.5907,"Jul 22, 14",0.2591274260260896
2014-07-23,12.685,12.8547,12.6355,12.8547,72253,72253,0.190909,1.508,12.7535,"Jul 23, 14",0.27810809735921077
2014-07-24,12.8193,12.8476,12.5789,12.7981,82516,82516,-0.056564,-0.44,12.7328,"Jul 24, 14",0.2724805122494431
2014-07-25,12.8406,12.8688,12.7981,12.8688,34425,34425,0.070706,0.552,12.8337,"Jul 25, 14",0.27951002227171484
2014-07-28,12.8264,12.883,12.7911,12.8547,28723,28723,-0.014142,-0.11,12.84,"Jul 28, 14",0.27810809735921077
2014-07-29,12.8759,12.8759,12.7486,12.7981,42907,42907,-0.056564,-0.44,12.8139,"Jul 29, 14",0.2724805122494431
2014-07-30,12.8476,12.8971,12.6638,12.6779,37588,37588,-0.120202,-0.939,12.7649,"Jul 30, 14",0.26052935093859353
2014-07-31,12.5719,12.6355,12.4941,12.5224,41505,41505,-0.155559,-1.227,12.5499,"Jul 31, 14",0.24506840598154614
2014-08-01,12.5153,12.5153,12.2678,12.2678,62252,62252,-0.254549,-2.033,12.3957,"Aug 1, 14",0.21975421571746723
2014-08-04,12.2749,12.282,12.0416,12.1688,41692,41692,-0.098992,-0.807,12.1493,"Aug 4, 14",0.20991091314031163
2014-08-05,12.19,12.2325,12.0346,12.1052,45117,45117,-0.063636,-0.523,12.1555,"Aug 5, 14",0.20358733693922995
2014-08-06,12.091,12.2211,12.084,12.2042,28437,28437,0.098993,0.818,12.1594,"Aug 6, 14",0.21343063951638555
2014-08-07,12.2183,12.3244,12.1405,12.2112,72949,72949,0.007069,0.058,12.2541,"Aug 7, 14",0.21412663060769954
2014-08-08,12.2254,12.3456,12.2183,12.3456,23172,23172,0.134344,1.1,12.2707,"Aug 8, 14",0.22748965956092887
2014-08-11,12.3244,12.6214,12.3244,12.4304,51590,51590,0.08485,0.687,12.4632,"Aug 11, 14",0.2359210944957047
2014-08-12,12.4304,12.5931,12.3951,12.4375,46775,46775,0.007072,0.057,12.4741,"Aug 12, 14",0.23662702831689458
2014-08-13,12.381,12.4552,12.3456,12.4446,62156,62156,0.007071,0.057,12.4052,"Aug 13, 14",0.2373329621380845
2014-08-14,12.4446,12.6921,12.4092,12.4234,56411,56411,-0.021213,-0.17,12.523,"Aug 14, 14",0.2352251034043907
2014-08-15,12.4799,12.6991,12.4799,12.5577,67833,67833,0.134345,1.081,12.5921,"Aug 15, 14",0.24857818962774414
2014-08-18,12.6284,12.7062,12.6284,12.6496,28120,28120,0.091922,0.732,12.6693,"Aug 18, 14",0.2577155583837097
2014-08-19,12.7203,12.7557,12.5931,12.6355,68313,68313,-0.014145,-0.112,12.6727,"Aug 19, 14",0.2563136334712058
2014-08-20,12.6355,12.7274,12.6355,12.6638,39563,39563,0.028285,0.224,12.6757,"Aug 20, 14",0.2591274260260896
2014-08-21,12.7062,12.7698,12.6496,12.6991,99995,99995,0.035353,0.279,12.7049,"Aug 21, 14",0.2626372096722875
2014-08-22,12.6921,12.7345,12.6072,12.6426,101745,101745,-0.056566,-0.445,12.6783,"Aug 22, 14",0.25701956729239567
2014-08-25,12.6991,12.7062,12.6072,12.6214,40532,40532,-0.021212,-0.168,12.6397,"Aug 25, 14",0.2549117085587017
2014-08-26,12.6567,12.7133,12.6489,12.6779,42071,42071,0.056568,0.448,12.6756,"Aug 26, 14",0.26052935093859353
2014-08-27,12.685,12.784,12.6779,12.7486,40502,40502,0.070707,0.558,12.7357,"Aug 27, 14",0.2675588609608653
2014-08-28,12.6991,12.7416,12.6355,12.685,41912,41912,-0.063639,-0.499,12.706,"Aug 28, 14",0.2612352847597836
2014-08-29,12.6991,12.784,12.6779,12.7628,47577,47577,0.07778,0.613,12.7259,"Aug 29, 14",0.2689707286032452
2014-09-02,12.7769,12.8476,12.7486,12.7981,54197,54197,0.035354,0.277,12.7853,"Sep 2, 14",0.2724805122494431
2014-09-03,12.8618,12.8688,12.7698,12.8278,38060,38060,0.029696,0.232,12.8336,"Sep 3, 14",0.2754335030225898
2014-09-04,12.8547,12.8971,12.8052,12.8342,55459,55459,0.006365,0.05,12.8585,"Sep 4, 14",0.27606983773464827
2014-09-05,12.8264,12.8335,12.7346,12.7769,46057,46057,-0.057273,-0.446,12.7937,"Sep 5, 14",0.27037265351574913
2014-09-08,12.7698,12.8335,12.7062,12.7557,58917,58917,-0.021213,-0.166,12.7831,"Sep 8, 14",0.26826479478205517
2014-09-09,12.7769,12.8406,12.7062,12.7133,53759,53759,-0.042425,-0.333,12.7929,"Sep 9, 14",0.2640490773146674
2014-09-10,12.7416,12.8264,12.6567,12.6921,47958,47958,-0.021212,-0.167,12.733,"Sep 10, 14",0.26194121858097347
2014-09-11,12.6991,12.7911,12.6567,12.784,61047,61047,0.09192,0.724,12.7319,"Sep 11, 14",0.2710785873369392
2014-09-12,12.784,12.7911,12.4446,12.4517,49888,49888,-0.332328,-2.6,12.5892,"Sep 12, 14",0.23803889595927455
2014-09-15,12.4375,12.487,12.2961,12.2961,48805,48805,-0.155557,-1.249,12.4039,"Sep 15, 14",0.22256800827235107
2014-09-16,12.2607,12.381,12.2395,12.3173,29534,29534,0.021213,0.173,12.3086,"Sep 16, 14",0.22467586700604503
2014-09-17,12.3604,12.497,12.3604,12.4754,68733,68733,0.158093,1.284,12.4395,"Sep 17, 14",0.24039532293986632
2014-09-18,12.4682,12.5401,12.4251,12.4251,50919,50919,-0.050305,-0.403,12.4742,"Sep 18, 14",0.23539412981228122
2014-09-19,12.4826,12.497,12.4186,12.461,18271,18271,0.035932,0.289,12.4495,"Sep 19, 14",0.2389635698377346
2014-09-22,12.4538,12.4875,12.3317,12.3317,33183,33183,-0.129353,-1.038,12.4109,"Sep 22, 14",0.22610762010817678
2014-09-23,12.3461,12.497,12.267,12.4898,59054,59054,0.1581,1.282,12.4059,"Sep 23, 14",0.24182707604199807
2014-09-24,12.4538,12.4826,12.2311,12.4538,63709,63709,-0.035934,-0.288,12.4334,"Sep 24, 14",0.23824769328666862
2014-09-25,12.4107,12.4898,12.3029,12.3389,43181,43181,-0.11498,-0.923,12.4005,"Sep 25, 14",0.22682349665924273
2014-09-26,12.382,12.4682,12.3173,12.3461,36957,36957,0.007188,0.058,12.4043,"Sep 26, 14",0.2275393732103085
2014-09-29,12.3029,12.3245,12.1017,12.1951,87929,87929,-0.150914,-1.222,12.2242,"Sep 29, 14",0.2125258510976773
2014-09-30,12.1808,12.2742,12.1017,12.1448,90969,90969,-0.050304,-0.412,12.1972,"Sep 30, 14",0.20752465797009217
2014-10-01,12.1233,12.1808,11.8718,11.9867,110782,110782,-0.158098,-1.302,12.0551,"Oct 1, 14",0.19180520203627108
2014-10-02,11.9508,11.9508,11.728,11.843,58088,58088,-0.143725,-1.199,11.8566,"Oct 2, 14",0.1775174992045815
2014-10-03,11.8861,12.152,11.8718,12.0873,82409,82409,0.244331,2.063,11.998,"Oct 3, 14",0.2018075882914413
2014-10-06,12.0945,12.1161,12.037,12.037,75299,75299,-0.050303,-0.416,12.086,"Oct 6, 14",0.19680639516385617
2014-10-07,12.0083,12.0227,11.8861,11.9652,55072,55072,-0.071863,-0.597,11.981,"Oct 7, 14",0.18966751511294927
2014-10-08,11.9292,11.9508,11.7137,11.9005,77667,77667,-0.064676,-0.541,11.8292,"Oct 8, 14",0.18323456888323242
2014-10-09,11.9077,11.9077,11.6202,11.6346,49139,49139,-0.265893,-2.234,11.7832,"Oct 9, 14",0.1567968501431753
2014-10-10,11.5843,11.5915,11.0956,11.2897,131360,131360,-0.344942,-2.965,11.4005,"Oct 10, 14",0.1225043748011453
2014-10-13,11.304,11.3903,10.9663,10.9807,89497,89497,-0.30901,-2.737,11.1628,"Oct 13, 14",0.09178133948456886
2014-10-14,10.9807,11.0453,10.8226,10.8729,100561,100561,-0.107795,-0.982,10.9273,"Oct 14, 14",0.08106307667833268
2014-10-15,10.7148,10.8441,10.5279,10.7219,134704,134704,-0.150912,-1.388,10.6752,"Oct 15, 14",0.06604955456570145
2014-10-16,10.6142,11.0525,10.6142,11.031,108793,108793,0.309008,2.882,10.8475,"Oct 16, 14",0.09678253261215397
2014-10-17,11.2465,11.5203,11.1531,11.3975,91347,91347,0.366506,3.323,11.3796,"Oct 17, 14",0.13322263760738148
2014-10-20,11.3831,11.5165,11.2178,11.4765,41033,41033,0.079048,0.694,11.4462,"Oct 20, 14",0.141077394209354
2014-10-21,11.5124,11.7137,11.5124,11.6921,56929,56929,0.215588,1.879,11.6481,"Oct 21, 14",0.1625139198218262
2014-10-22,11.6849,11.7999,11.6077,11.6849,75620,75620,-0.007185,-0.061,11.7399,"Oct 22, 14",0.16179804327076042
2014-10-23,11.7999,11.9149,11.7783,11.8071,40023,40023,0.122166,1.046,11.8385,"Oct 23, 14",0.17394805917912814
2014-10-24,11.8143,11.9149,11.7668,11.8861,46233,46233,0.079049,0.67,11.8379,"Oct 24, 14",0.18180281578110086
2014-10-27,11.8574,11.9149,11.7855,11.8933,47771,47771,0.007187,0.06,11.8455,"Oct 27, 14",0.18251869233216664
2014-10-28,11.8718,12.0155,11.8215,12.0155,51731,51731,0.122164,1.027,11.9173,"Oct 28, 14",0.19466870824053437
2014-10-29,12.0299,12.0658,11.9078,11.9844,30749,30749,-0.031041,-0.258,11.9826,"Oct 29, 14",0.19157651924912503
2014-10-30,11.8933,12.0945,11.8933,12.0442,37630,37630,0.059789,0.499,12.0131,"Oct 30, 14",0.19752227171492195
2014-10-31,12.1089,12.1736,12.0873,12.1161,30788,30788,0.071862,0.597,12.1248,"Oct 31, 14",0.2046710944957046
2014-11-03,12.1233,12.2383,12.1089,12.2239,54615,54615,0.107794,0.89,12.1833,"Nov 3, 14",0.21538935730194078
2014-11-04,12.2167,12.2167,12.0802,12.188,44772,44772,-0.035931,-0.294,12.1527,"Nov 4, 14",0.2118199172764874
2014-11-05,12.2814,12.2814,12.152,12.2239,32471,32471,0.035931,0.295,12.2085,"Nov 5, 14",0.21538935730194078
2014-11-06,12.2311,12.2383,12.188,12.2023,25341,25341,-0.021559,-0.176,12.2116,"Nov 6, 14",0.21324172764874308
2014-11-07,12.2023,12.2957,12.1951,12.2526,37688,37688,0.050306,0.412,12.2518,"Nov 7, 14",0.21824292077632818
2014-11-10,12.2814,12.3747,12.2311,12.2383,55379,55379,-0.014374,-0.117,12.277,"Nov 10, 14",0.2168211104040725
2014-11-11,12.267,12.3245,12.2598,12.3245,51350,51350,0.086236,0.705,12.2934,"Nov 11, 14",0.225391743557111
2014-11-12,12.2383,12.3029,12.2383,12.267,49041,49041,-0.057491,-0.466,12.2814,"Nov 12, 14",0.21967467387845993
2014-11-13,12.2598,12.3461,12.2526,12.2742,57353,57353,0.007186,0.059,12.2817,"Nov 13, 14",0.22039055042952588
2014-11-14,12.2311,12.2742,12.188,12.2023,45958,45958,-0.071863,-0.585,12.2281,"Nov 14, 14",0.21324172764874308
2014-11-17,12.188,12.2526,12.1592,12.1592,74555,74555,-0.043117,-0.353,12.2077,"Nov 17, 14",0.20895641107222393
2014-11-18,12.2023,12.3173,12.2023,12.2454,47736,47736,0.086236,0.709,12.2685,"Nov 18, 14",0.2175270442252624
2014-11-19,12.267,12.3532,12.2526,12.3317,38017,38017,0.086235,0.704,12.3089,"Nov 19, 14",0.22610762010817678
2014-11-20,12.3173,12.451,12.2311,12.3892,45546,45546,0.057489,0.466,12.3888,"Nov 20, 14",0.23182468978682785
2014-11-21,12.5545,12.576,12.3964,12.4395,72939,72939,0.050306,0.406,12.4888,"Nov 21, 14",0.23682588291441295
2014-11-24,12.4395,12.5185,12.3604,12.3604,47326,47326,-0.07905,-0.635,12.4134,"Nov 24, 14",0.22896118358256437
2014-11-25,12.382,12.4467,12.3748,12.3748,38180,38180,0.014373,0.116,12.4072,"Nov 25, 14",0.2303929366846961
2014-11-26,12.4035,12.5113,12.4035,12.5113,26000,26000,0.136539,1.103,12.4425,"Nov 26, 14",0.2439647629653197
2014-11-28,12.497,12.497,12.2957,12.3317,20446,20446,-0.179657,-1.436,12.4041,"Nov 28, 14",0.22610762010817678
2014-12-01,12.2957,12.3242,12.1664,12.1808,57348,57348,-0.150913,-1.224,12.2342,"Dec 1, 14",0.21110404072542144
2014-12-02,12.2023,12.3029,12.1808,12.267,41123,41123,0.086236,0.708,12.2347,"Dec 2, 14",0.21967467387845993
2014-12-03,12.2957,12.3604,12.2886,12.3389,27569,27569,0.071863,0.586,12.3236,"Dec 3, 14",0.22682349665924273
2014-12-04,12.3532,12.3748,12.2781,12.3173,28077,28077,-0.021559,-0.175,12.3218,"Dec 4, 14",0.22467586700604503
2014-12-05,12.2814,12.3604,12.2814,12.3317,34935,34935,0.014373,0.117,12.3255,"Dec 5, 14",0.22610762010817678
2014-12-08,12.2957,12.3245,12.1161,12.1592,28700,28700,-0.172471,-1.399,12.2212,"Dec 8, 14",0.20895641107222393
2014-12-09,12.1448,12.1448,12.0299,12.0957,74303,74303,-0.063529,-0.522,12.0718,"Dec 9, 14",0.20264277760101812
2014-12-10,12.0873,12.0873,11.8574,11.8574,37023,37023,-0.238295,-1.97,11.9625,"Dec 10, 14",0.17894925230671327
2014-12-11,11.8718,11.9867,11.8574,11.8718,87225,87225,0.014372,0.121,11.9371,"Dec 11, 14",0.180381005408845
2014-12-12,11.7927,11.8143,11.7137,11.7568,57397,57397,-0.114981,-0.969,11.7548,"Dec 12, 14",0.16894686605154305
2014-12-15,11.7496,11.8789,11.5268,11.5771,84704,84704,-0.179659,-1.528,11.6532,"Dec 15, 14",0.15107978046452422
2014-12-16,11.5053,11.6849,11.4478,11.4621,80813,80813,-0.114978,-0.993,11.5556,"Dec 16, 14",0.13964564110722227
2014-12-17,11.6011,11.8059,11.4841,11.7913,46804,46804,0.329162,2.872,11.6696,"Dec 17, 14",0.17237710785873359
2014-12-18,11.9522,12.0619,11.9083,12.0327,59207,59207,0.241386,2.047,12.003,"Dec 18, 14",0.19637885777919178
2014-12-19,12.0912,12.2594,11.9742,12.2448,54045,54045,0.212125,1.763,12.1061,"Dec 19, 14",0.2174673878460069
2014-12-22,12.2741,12.2741,12.1058,12.2302,43204,43204,-0.014628,-0.119,12.2242,"Dec 22, 14",0.21601574928412334
2014-12-23,12.3106,12.3264,12.2732,12.3106,49920,49920,0.080462,0.658,12.3012,"Dec 23, 14",0.2240097041043589
2014-12-24,12.3033,12.3595,12.2229,12.3033,23345,23345,-0.007316,-0.059,12.2731,"Dec 24, 14",0.22328388482341704
2014-12-26,12.3984,12.5081,12.3984,12.5008,81135,81135,0.197498,1.605,12.464,"Dec 26, 14",0.2429207763283486
2014-12-29,12.435,12.552,12.435,12.5301,46055,46055,0.029258,0.234,12.5039,"Dec 29, 14",0.24583399618199156
2014-12-30,12.4716,12.4935,12.3618,12.4277,34112,34112,-0.102405,-0.817,12.4372,"Dec 30, 14",0.23565264078905493
2014-12-31,12.3911,12.4277,12.2521,12.2594,70293,70293,-0.168238,-1.354,12.3328,"Dec 31, 14",0.2189190264078904
2015-01-02,12.2594,12.3326,12.1973,12.3326,42675,42675,0.073147,0.597,12.2878,"Jan 2, 15",0.22619710467705997
2015-01-05,12.2521,12.2521,12.0254,12.1131,77462,77462,-0.219443,-1.779,12.1216,"Jan 5, 15",0.20437281259942713
2015-01-06,12.0693,12.2082,11.9376,12.0254,51429,51429,-0.087775,-0.725,12.071,"Jan 6, 15",0.19565303849824994
2015-01-07,12.1131,12.2156,12.0473,12.1131,95001,95001,0.087775,0.73,12.1442,"Jan 7, 15",0.20437281259942713
2015-01-08,12.2448,12.3167,12.2229,12.296,52359,52359,0.182868,1.51,12.267,"Jan 8, 15",0.22255806554247518
2015-01-09,12.2887,12.3399,12.1424,12.2302,48257,48257,-0.065831,-0.535,12.2022,"Jan 9, 15",0.21601574928412334
2015-01-12,12.1936,12.2156,12.0693,12.1058,51998,51998,-0.124349,-1.017,12.1142,"Jan 12, 15",0.20364699331848546
2015-01-13,12.1205,12.2521,11.9669,12.0034,92601,92601,-0.102405,-0.846,12.1255,"Jan 13, 15",0.19346563792554866
2015-01-14,11.8206,12.0034,11.8132,11.9888,54385,54385,-0.014631,-0.122,11.8866,"Jan 14, 15",0.19201399936366514
2015-01-15,12.0473,12.0546,11.9522,12.0473,29247,29247,0.058517,0.488,12.0053,"Jan 15, 15",0.1978304963410753
2015-01-16,12.0254,12.212,11.9449,12.1936,36909,36909,0.146293,1.214,12.1035,"Jan 16, 15",0.21237671014953857
2015-01-20,12.2521,12.2521,12.1131,12.1863,23725,23725,-0.007313,-0.06,12.1761,"Jan 20, 15",0.2116508908685967
2015-01-21,12.1497,12.3399,12.1497,12.2887,67585,67585,0.102405,0.84,12.2831,"Jan 21, 15",0.22183224626153353
2015-01-22,12.2741,12.4569,12.2668,12.4204,54422,54422,0.131667,1.071,12.3634,"Jan 22, 15",0.23492682150811325
2015-01-23,12.435,12.4496,12.3984,12.435,28098,28098,0.014627,0.118,12.4323,"Jan 23, 15",0.23637846006999677
2015-01-26,12.4423,12.4643,12.3692,12.4496,15847,15847,0.01463,0.118,12.433,"Jan 26, 15",0.2378300986318803
2015-01-27,12.3984,12.4496,12.318,12.4423,65708,65708,-0.007316,-0.059,12.3876,"Jan 27, 15",0.23710427935093845
2015-01-28,12.4496,12.4716,12.3326,12.3545,56966,56966,-0.087774,-0.705,12.3982,"Jan 28, 15",0.22837456251988536
2015-01-29,12.3838,12.4269,12.2191,12.4204,31686,31686,0.065833,0.533,12.3128,"Jan 29, 15",0.23492682150811325
2015-01-30,12.3033,12.3764,12.2448,12.2521,32533,32533,-0.16824,-1.355,12.3077,"Jan 30, 15",0.21819320712694873
2015-02-02,12.3253,12.3545,12.1424,12.3545,20166,20166,0.102407,0.836,12.2161,"Feb 2, 15",0.22837456251988536
2015-02-03,12.3472,12.4862,12.3472,12.4643,33611,33611,0.10972,0.888,12.4064,"Feb 3, 15",0.2392916799236397
2015-02-04,12.4057,12.4716,12.3355,12.3472,24258,24258,-0.117036,-0.939,12.4149,"Feb 4, 15",0.22764874323894368
2015-02-05,12.3765,12.5081,12.3765,12.4862,38981,38981,0.13898,1.126,12.4675,"Feb 5, 15",0.2414691377664651
2015-02-06,12.4935,12.4935,12.4057,12.4496,62426,62426,-0.036574,-0.293,12.4578,"Feb 6, 15",0.2378300986318803
2015-02-09,12.3399,12.4204,12.3033,12.3984,44561,44561,-0.051202,-0.411,12.3836,"Feb 9, 15",0.23273942093541197
2015-02-10,12.3838,12.4131,12.3106,12.3984,37259,37259,0,0,12.3585,"Feb 10, 15",0.23273942093541197
2015-02-11,12.3253,12.3618,12.2887,12.3399,30290,30290,-0.058519,-0.472,12.3313,"Feb 11, 15",0.22692292395800182
2015-02-12,12.3765,12.5008,12.3618,12.4569,38661,38661,0.117036,0.948,12.4228,"Feb 12, 15",0.23855591791282196
2015-02-13,12.4423,12.4862,12.4119,12.4204,19195,19195,-0.036572,-0.294,12.4408,"Feb 13, 15",0.23492682150811325
2015-02-17,12.4496,12.5228,12.409,12.5008,16818,16818,0.08046,0.648,12.4691,"Feb 17, 15",0.2429207763283486
2015-02-18,12.4569,12.5424,12.4346,12.5228,27598,27598,0.021943,0.176,12.464,"Feb 18, 15",0.24510817690104988
2015-02-19,12.4716,12.574,12.4189,12.5081,48208,48208,-0.014629,-0.117,12.5177,"Feb 19, 15",0.24364659560929045
2015-02-20,12.5228,12.5959,12.4862,12.5959,35389,35389,0.087778,0.702,12.5471,"Feb 20, 15",0.25237631244034353
2015-02-23,12.6179,12.6544,12.5813,12.6179,38797,38797,0.021942,0.174,12.6317,"Feb 23, 15",0.2545637130130448
2015-02-24,12.6471,12.6691,12.6032,12.6252,32206,32206,0.007316,0.058,12.6322,"Feb 24, 15",0.2552895322939865
2015-02-25,12.5886,12.6837,12.5301,12.6617,25733,25733,0.036573,0.29,12.6227,"Feb 25, 15",0.2589186286986954
2015-02-26,12.6691,12.6691,12.5447,12.5813,32496,32496,-0.080463,-0.635,12.5863,"Feb 26, 15",0.25092467387846
2015-02-27,12.5813,12.691,12.5813,12.6471,31539,31539,0.065833,0.523,12.6502,"Feb 27, 15",0.25746699013681185
2015-03-02,12.6691,12.6764,12.5959,12.6179,31402,31402,-0.029259,-0.231,12.6286,"Mar 2, 15",0.2545637130130448
2015-03-03,12.6105,12.6544,12.5447,12.6471,20966,20966,0.029259,0.232,12.5857,"Mar 3, 15",0.25746699013681185
2015-03-04,12.5886,12.5886,12.4789,12.574,24665,24665,-0.073147,-0.578,12.5445,"Mar 4, 15",0.25019885459751817
2015-03-05,12.5667,12.6105,12.5301,12.5374,16757,16757,-0.036571,-0.291,12.5561,"Mar 5, 15",0.2465598154629334
2015-03-06,12.5008,12.5155,12.318,12.3618,52950,52950,-0.175554,-1.4,12.4259,"Mar 6, 15",0.2291003818008272
2015-03-09,12.3326,12.3984,12.3106,12.3765,41832,41832,0.014631,0.118,12.3542,"Mar 9, 15",0.2305619630925866
2015-03-10,12.3033,12.3618,12.2375,12.279,41559,41559,-0.097433,-0.787,12.279,"Mar 10, 15",0.22086780146356974
2015-03-11,12.2814,12.3838,12.1717,12.2302,33851,33851,-0.048863,-0.398,12.2202,"Mar 11, 15",0.21601574928412334
2015-03-12,12.2229,12.3838,12.2229,12.318,30938,30938,0.087776,0.718,12.2947,"Mar 12, 15",0.22474546611517646
2015-03-13,12.3106,12.3326,12.0181,12.1497,39213,39213,-0.168237,-1.366,12.1187,"Mar 13, 15",0.20801185173401193
2015-03-16,12.2375,12.3033,12.1797,12.2814,48257,48257,0.131665,1.084,12.2457,"Mar 16, 15",0.22110642698059166
2015-03-17,12.2375,12.2741,12.1205,12.2375,31704,31704,-0.043889,-0.357,12.2098,"Mar 17, 15",0.2167415685650652
2015-03-18,12.2673,12.5053,12.2003,12.4681,52378,52378,0.230612,1.884,12.3273,"Mar 18, 15",0.23966950365892448
2015-03-19,12.4607,12.4607,12.3379,12.4086,46539,46539,-0.059515,-0.477,12.4189,"Mar 19, 15",0.23375357938275523
2015-03-20,12.4532,12.602,12.4384,12.5499,46679,46679,0.141343,1.139,12.5195,"Mar 20, 15",0.24780265669742266
2015-03-23,12.5499,12.6466,12.4979,12.5574,43772,43772,0.007441,0.059,12.5579,"Mar 23, 15",0.2485483614381163
2015-03-24,12.602,12.7657,12.4732,12.6987,90636,90636,0.141344,1.126,12.591,"Mar 24, 15",0.2625974387527839
2015-03-25,12.6764,12.6764,12.5425,12.5723,44862,44862,-0.126467,-0.996,12.5891,"Mar 25, 15",0.25002982818962766
2015-03-26,12.483,12.5276,12.4012,12.4979,39147,39147,-0.074391,-0.592,12.4769,"Mar 26, 15",0.24263243716194705
2015-03-27,12.5351,12.573,12.3863,12.4235,60607,60607,-0.074393,-0.595,12.4679,"Mar 27, 15",0.2352350461342666
2015-03-30,12.4681,12.602,12.4458,12.483,48719,48719,0.059513,0.479,12.5046,"Mar 30, 15",0.24115097041043584
2015-03-31,12.4384,12.4681,12.4086,12.4532,79674,79674,-0.029755,-0.238,12.4445,"Mar 31, 15",0.23818803690741328
2015-04-01,12.4532,12.4755,12.3491,12.4384,68124,68124,-0.014878,-0.119,12.3974,"Apr 1, 15",0.2367165128857778
2015-04-02,12.4012,12.4384,12.3454,12.3714,71502,71502,-0.066952,-0.538,12.3882,"Apr 2, 15",0.2300548838689149
2015-04-06,12.2821,12.4976,12.2821,12.4458,76465,76465,0.07439,0.601,12.3992,"Apr 6, 15",0.23745227489659554
2015-04-07,12.4086,12.5351,12.3788,12.4532,80954,80954,0.00744,0.06,12.4418,"Apr 7, 15",0.23818803690741328
2015-04-08,12.4309,12.4941,12.3863,12.416,72036,72036,-0.037196,-0.299,12.428,"Apr 8, 15",0.23448934139357297
2015-04-09,12.3788,12.416,12.3119,12.3788,76693,76693,-0.037197,-0.3,12.3632,"Apr 9, 15",0.23079064587973264
2015-04-10,12.3342,12.3964,12.3268,12.3565,54730,54730,-0.022317,-0.18,12.3576,"Apr 10, 15",0.2285734171174037
2015-04-13,12.364,12.4235,12.2077,12.3788,48677,48677,0.022317,0.181,12.3935,"Apr 13, 15",0.23079064587973264
2015-04-14,12.3416,12.416,12.3193,12.364,41467,41467,-0.014877,-0.12,12.3692,"Apr 14, 15",0.22931912185809733
2015-04-15,12.4309,12.515,12.4235,12.4235,27471,27471,0.059512,0.481,12.4677,"Apr 15, 15",0.2352350461342666
2015-04-16,12.4235,12.4681,12.4086,12.4607,11799,11799,0.037197,0.299,12.4436,"Apr 16, 15",0.23893374164810674
2015-04-17,12.4235,12.4235,12.3119,12.3714,17229,17229,-0.089269,-0.716,12.3745,"Apr 17, 15",0.2300548838689149
2015-04-20,12.4458,12.5053,12.416,12.4235,43553,43553,0.052072,0.421,12.4697,"Apr 20, 15",0.2352350461342666
2015-04-21,12.4607,12.4607,12.3938,12.4384,39681,39681,0.01488,0.12,12.4234,"Apr 21, 15",0.2367165128857778
2015-04-22,12.4681,12.4978,12.4235,12.483,18985,18985,0.044633,0.359,12.4666,"Apr 22, 15",0.24115097041043584
2015-04-23,12.483,12.5574,12.4644,12.4979,18666,18666,0.01488,0.119,12.5131,"Apr 23, 15",0.24263243716194705
2015-04-24,12.483,12.5499,12.483,12.5425,21439,21439,0.044635,0.357,12.5216,"Apr 24, 15",0.24706689468660512
2015-04-27,12.602,12.6095,12.4398,12.4607,30714,30714,-0.081831,-0.652,12.5369,"Apr 27, 15",0.23893374164810674
2015-04-28,12.4458,12.5276,12.3788,12.5127,21079,21079,0.052075,0.418,12.4564,"Apr 28, 15",0.24410396118358252
2015-04-29,12.4904,12.5127,12.4443,12.5053,20934,20934,-0.007442,-0.059,12.4859,"Apr 29, 15",0.24336819917276478
2015-04-30,12.483,12.5127,12.364,12.4384,26189,26189,-0.06695,-0.535,12.4656,"Apr 30, 15",0.2367165128857778
2015-05-01,12.4384,12.5094,12.4235,12.4681,29703,29703,0.029758,0.239,12.4585,"May 1, 15",0.23966950365892448
2015-05-04,12.483,12.5492,12.4681,12.483,14933,14933,0.014875,0.119,12.5036,"May 4, 15",0.24115097041043584
2015-05-05,12.4681,12.4755,12.3126,12.3416,20020,20020,-0.141343,-1.132,12.3893,"May 5, 15",0.22709195036589233
2015-05-06,12.4086,12.4086,12.1817,12.2077,27886,27886,-0.133908,-1.085,12.2855,"May 6, 15",0.21377863506204264
2015-05-07,12.2003,12.2821,12.1631,12.2301,56140,56140,0.022319,0.183,12.2113,"May 7, 15",0.21600580655424745
2015-05-08,12.3342,12.4012,12.3193,12.3416,43892,43892,0.111589,0.912,12.3475,"May 8, 15",0.22709195036589233
2015-05-11,12.3119,12.3193,12.2152,12.2449,29808,29808,-0.096709,-0.784,12.267,"May 11, 15",0.21747733057588275
2015-05-12,12.2077,12.3416,12.1259,12.2524,46883,46883,0.007438,0.061,12.2148,"May 12, 15",0.2182230353165764
2015-05-13,12.2524,12.364,12.2375,12.2747,42336,42336,0.022318,0.182,12.2714,"May 13, 15",0.22044026407890535
2015-05-14,12.3193,12.4458,12.2896,12.4086,37688,37688,0.133906,1.091,12.3569,"May 14, 15",0.23375357938275523
2015-05-15,12.4086,12.416,12.3565,12.4086,22900,22900,0,0,12.3857,"May 15, 15",0.23375357938275523
2015-05-18,12.3714,12.416,12.3416,12.4012,25954,25954,-0.007439,-0.06,12.389,"May 18, 15",0.23301781737193747
2015-05-19,12.364,12.4532,12.3491,12.4235,29935,29935,0.022316,0.18,12.3997,"May 19, 15",0.2352350461342666
2015-05-20,12.416,12.4607,12.3491,12.4086,37138,37138,-0.014877,-0.12,12.4079,"May 20, 15",0.23375357938275523
2015-05-21,12.4309,12.4904,12.3342,12.4532,20589,20589,0.044635,0.36,12.444,"May 21, 15",0.23818803690741328
2015-05-22,12.3937,12.4311,12.3394,12.3863,20535,20535,-0.066954,-0.538,12.3823,"May 22, 15",0.2315363506204263
2015-05-26,12.297,12.4012,12.2152,12.2821,40146,40146,-0.104148,-0.841,12.2987,"May 26, 15",0.2211760260897231
2015-05-27,12.2524,12.364,12.2152,12.364,47811,47811,0.081832,0.666,12.2956,"May 27, 15",0.22931912185809733
2015-05-28,12.3044,12.3107,12.2598,12.297,31666,31666,-0.066955,-0.542,12.2876,"May 28, 15",0.22265749284123446
2015-05-29,12.2747,12.3118,12.2301,12.2524,27386,27386,-0.044634,-0.363,12.2652,"May 29, 15",0.2182230353165764
2015-06-01,12.2449,12.3491,12.1854,12.3044,32574,32574,0.052076,0.425,12.2787,"Jun 1, 15",0.22339325485205203
2015-06-02,12.2375,12.297,12.2077,12.2524,11712,11712,-0.052076,-0.423,12.2561,"Jun 2, 15",0.2182230353165764
2015-06-03,12.2375,12.297,12.2226,12.2375,32072,32072,-0.014877,-0.121,12.2591,"Jun 3, 15",0.2167415685650652
2015-06-04,12.1705,12.2077,12.0888,12.1011,29064,29064,-0.136435,-1.115,12.1451,"Jun 4, 15",0.2031796850143175
2015-06-05,12.0515,12.0515,11.9622,12.0218,37906,37906,-0.079304,-0.655,12.0149,"Jun 5, 15",0.19529510022271712
2015-06-08,11.9771,12.0218,11.9771,12.0218,22495,22495,0,0,11.9948,"Jun 8, 15",0.19529510022271712
2015-06-09,11.9622,11.9771,11.8953,11.8953,31742,31742,-0.126466,-1.052,11.9345,"Jun 9, 15",0.18271754692968498
2015-06-10,11.8804,12.0441,11.8804,11.9846,36052,36052,0.089271,0.75,11.9747,"Jun 10, 15",0.19159640470887682
2015-06-11,12.0218,12.0292,11.9399,11.9846,19010,19010,0,0,11.9862,"Jun 11, 15",0.19159640470887682
2015-06-12,11.9697,11.9697,11.873,11.9176,30254,30254,-0.066953,-0.559,11.9166,"Jun 12, 15",0.18493477569201394
2015-06-15,11.8283,11.9474,11.7911,11.9027,33541,33541,-0.014879,-0.125,11.8756,"Jun 15, 15",0.18345330894050255
2015-06-16,11.8804,11.9697,11.8283,11.8953,33481,33481,-0.007439,-0.062,11.9008,"Jun 16, 15",0.18271754692968498
2015-06-17,11.9483,11.9951,11.8801,11.9483,63803,63803,0.053004,0.446,11.9359,"Jun 17, 15",0.1879871937639197
2015-06-18,11.9256,12.077,11.918,12.0316,43720,43720,0.083288,0.697,12.0138,"Jun 18, 15",0.1962694877505566
2015-06-19,12.0089,12.0161,11.9029,11.971,33219,33219,-0.060573,-0.503,11.9735,"Jun 19, 15",0.19024419344575239
2015-06-22,11.971,11.9937,11.8574,11.8953,58221,58221,-0.075719,-0.633,11.92,"Jun 22, 15",0.18271754692968498
2015-06-23,11.8801,11.9937,11.8347,11.9937,82194,82194,0.098435,0.828,11.926,"Jun 23, 15",0.19250119312758507
2015-06-24,11.9483,11.971,11.9029,11.9104,31469,31469,-0.083291,-0.694,11.945,"Jun 24, 15",0.18421889914094797
2015-06-25,11.9256,11.9587,11.8271,11.8423,29399,29399,-0.068147,-0.572,11.8681,"Jun 25, 15",0.1774479000954501
2015-06-26,11.8801,11.8801,11.5697,11.7136,69056,69056,-0.12872,-1.087,11.716,"Jun 26, 15",0.1646516067451478
2015-06-29,11.6454,11.6454,11.4486,11.5091,57385,57385,-0.204436,-1.745,11.5154,"Jun 29, 15",0.14431872414890223
2015-06-30,11.6151,11.6151,11.335,11.4183,76715,76715,-0.090865,-0.79,11.4353,"Jun 30, 15",0.1352907254215717
2015-07-01,11.5318,11.5318,11.2668,11.3956,112318,112318,-0.022713,-0.199,11.3663,"Jul 1, 15",0.133033725739739
2015-07-02,11.388,11.4864,11.3274,11.441,80537,80537,0.04543,0.399,11.3892,"Jul 2, 15",0.13754772510340438
2015-07-06,11.3956,11.4145,11.3501,11.388,41475,41475,-0.053003,-0.463,11.3814,"Jul 6, 15",0.13227807826916949
2015-07-07,11.4107,11.5394,11.2971,11.4561,79354,79354,0.068147,0.598,11.3809,"Jul 7, 15",0.13904907731466737
2015-07-08,11.4334,11.4334,11.0005,11.2593,132234,132234,-0.196867,-1.718,11.2594,"Jul 8, 15",0.1194817849188672
2015-07-09,11.3653,11.4031,11.2895,11.2895,51286,51286,0.030287,0.269,11.3135,"Jul 9, 15",0.12248448934139351
2015-07-10,11.335,11.388,11.3312,11.3425,59647,59647,0.053003,0.469,11.3478,"Jul 10, 15",0.12775413617562822
2015-07-13,11.4486,11.5318,11.3577,11.5318,64832,64832,0.189294,1.669,11.4438,"Jul 13, 15",0.14657572383073492
2015-07-14,11.4864,11.5621,11.4107,11.547,40503,40503,0.015143,0.131,11.5144,"Jul 14, 15",0.14808701877187397
2015-07-15,11.4864,11.5318,11.4183,11.494,26237,26237,-0.053002,-0.459,11.4854,"Jul 15, 15",0.14281737193763908
2015-07-16,11.494,11.5546,11.3956,11.5394,38285,38285,0.045432,0.395,11.5054,"Jul 16, 15",0.14733137130130444
2015-07-17,11.494,11.5091,11.4072,11.4486,32127,32127,-0.090862,-0.787,11.4524,"Jul 17, 15",0.1383033725739739
2015-07-20,11.4107,11.4107,11.3123,11.3198,43753,43753,-0.12872,-1.124,11.3555,"Jul 20, 15",0.12549713649379574
2015-07-21,11.2971,11.3577,11.2593,11.2668,43621,43621,-0.053002,-0.468,11.3067,"Jul 21, 15",0.12022748965956084
2015-07-22,11.2138,11.2214,11.0624,11.0775,75479,75479,-0.189295,-1.68,11.1298,"Jul 22, 15",0.10140590200445432
2015-07-23,11.0321,11.1457,11.017,11.017,58553,58553,-0.060576,-0.547,11.0546,"Jul 23, 15",0.0953905504295258
2015-07-24,10.964,11.0234,10.911,10.9337,42483,42483,-0.083291,-0.756,10.9431,"Jul 24, 15",0.08710825644288887
2015-07-27,10.8428,10.8882,10.7747,10.7974,44989,44989,-0.136292,-1.247,10.8244,"Jul 27, 15",0.07355631562201706
2015-07-28,10.7822,10.9564,10.7747,10.9185,26123,26123,0.121151,1.122,10.892,"Jul 28, 15",0.08559696150174982
2015-07-29,10.8731,10.9791,10.8352,10.9791,27854,27854,0.060574,0.555,10.9304,"Jul 29, 15",0.09162225580655424
2015-07-30,10.8958,11.0472,10.8201,10.9942,49854,49854,0.015145,0.138,11.0043,"Jul 30, 15",0.09312360801781722
2015-07-31,10.9488,11.0397,10.9488,11.0397,32185,32185,0.045428,0.413,11.0137,"Jul 31, 15",0.09764755011135848
2015-08-03,10.9867,11.0624,10.964,11.017,28402,28402,-0.022715,-0.206,11.0206,"Aug 3, 15",0.0953905504295258
2015-08-04,10.9867,11.0363,10.9715,11.0094,50429,50429,-0.007571,-0.069,11.0021,"Aug 4, 15",0.09463490295895627
2015-08-05,11.0321,11.0775,10.8731,10.8882,74179,74179,-0.121149,-1.1,10.9434,"Aug 5, 15",0.08258431434934761
2015-08-06,10.8504,10.8504,10.6838,10.7595,45362,45362,-0.12872,-1.182,10.7332,"Aug 6, 15",0.06978802099904534
2015-08-07,10.6914,10.7595,10.6762,10.7065,54117,54117,-0.053003,-0.493,10.694,"Aug 7, 15",0.06451837416481063
2015-08-10,10.7217,10.7822,10.7141,10.7671,47851,47851,0.060575,0.566,10.7604,"Aug 10, 15",0.07054366846961486
2015-08-11,10.6535,10.6833,10.5551,10.6157,66693,66693,-0.151437,-1.406,10.6083,"Aug 11, 15",0.05549037543748007
2015-08-12,10.5399,10.7141,10.4945,10.6838,47571,47571,0.068147,0.642,10.6093,"Aug 12, 15",0.062261374482977944
2015-08-13,10.6232,10.7406,10.5778,10.6687,66572,66572,-0.015145,-0.142,10.6735,"Aug 13, 15",0.06076002227171478
2015-08-14,10.6081,10.7292,10.6054,10.6914,46377,46377,0.022715,0.213,10.6599,"Aug 14, 15",0.06301702195354747
2015-08-17,10.6232,10.733,10.6232,10.7292,54548,54548,0.03786,0.354,10.6782,"Aug 17, 15",0.06677537384664331
2015-08-18,10.6762,10.8125,10.6459,10.8125,54982,54982,0.083291,0.776,10.7351,"Aug 18, 15",0.07505766783328022
2015-08-19,10.7595,10.7974,10.6762,10.7217,48679,48679,-0.090863,-0.84,10.741,"Aug 19, 15",0.06602966910594966
2015-08-20,10.6081,10.6838,10.4794,10.5248,94433,94433,-0.196867,-1.836,10.5884,"Aug 20, 15",0.04645243398027363
2015-08-21,10.5248,10.5324,10.2598,10.3355,156532,156532,-0.189294,-1.799,10.4221,"Aug 21, 15",0.02763084632516693
2015-08-24,9.9721,10.1159,8.329,9.8585,117550,117550,-0.477022,-4.615,9.9166,"Aug 24, 15",-0.019795975182946367
2015-08-25,10.0251,10.1083,9.8888,9.8963,63658,63658,0.037858,0.384,10.0345,"Aug 25, 15",-0.016037623289850526
2015-08-26,10.0023,10.1083,9.8772,10.1008,86069,86069,0.204437,2.066,9.9822,"Aug 26, 15",0.004295259306395044
2015-08-27,10.2371,10.3582,10.1235,10.2674,96857,96857,0.166582,1.649,10.2538,"Aug 27, 15",0.02085984727966906
2015-08-28,10.3355,10.396,10.2219,10.3431,35491,35491,0.075714,0.737,10.3338,"Aug 28, 15",0.028386493795736455
2015-08-31,10.2976,10.3355,10.1841,10.2295,58754,58754,-0.113574,-1.098,10.2752,"Aug 31, 15",0.017091552656697328
2015-09-01,9.9645,10.0781,9.9571,9.9872,47644,47644,-0.242297,-2.369,10.0128,"Sep 1, 15",-0.006999681832644083
2015-09-02,10.0932,10.1235,9.9948,10.1008,31909,31909,0.113575,1.137,10.0791,"Sep 2, 15",0.004295259306395044
2015-09-03,10.1008,10.2193,10.0834,10.1438,35425,35425,0.043009,0.426,10.1569,"Sep 3, 15",0.00857063315303848
2015-09-04,10.0175,10.0478,9.9569,10.0099,44363,44363,-0.13387,-1.32,9.9987,"Sep 4, 15",-0.0047426821508114005
2015-09-08,10.1614,10.1614,10.0402,10.1311,47359,47359,0.12115,1.21,10.0913,"Sep 8, 15",0.0073079064587972505
2015-09-09,10.1386,10.2219,9.9342,9.9569,66850,66850,-0.174152,-1.719,10.0578,"Sep 9, 15",-0.010012328985046288
2015-09-10,9.9191,10.0196,9.8736,9.9039,89451,89451,-0.053003,-0.532,9.9462,"Sep 10, 15",-0.015281975819281002
2015-09-11,9.8812,9.9015,9.7676,9.8433,77388,77388,-0.060573,-0.612,9.8483,"Sep 11, 15",-0.021307270124085415
2015-09-14,9.8585,9.8586,9.8055,9.8055,43590,43590,-0.037861,-0.385,9.827,"Sep 14, 15",-0.02506562201718108
2015-09-15,9.8055,9.8509,9.7978,9.8509,60548,60548,0.045432,0.463,9.826,"Sep 15, 15",-0.02055162265351589
2015-09-16,9.8896,9.9902,9.8664,9.9515,80094,80094,0.100598,1.021,9.9353,"Sep 16, 15",-0.010549236398345669
2015-09-17,9.936,10.1063,9.936,10.0521,58748,58748,0.100599,1.011,10.0182,"Sep 17, 15",-0.0005468501431754487
2015-09-18,9.967,10.0289,9.8973,9.9592,68376,68376,-0.092859,-0.924,9.9887,"Sep 18, 15",-0.009783646197900253
2015-09-21,9.967,10.0599,9.9515,10.0444,52903,52903,0.085122,0.855,10.0271,"Sep 21, 15",-0.0013124403436208648
2015-09-22,9.9283,10.0404,9.8741,10.0366,91889,91889,-0.007737,-0.077,9.9662,"Sep 22, 15",-0.0020879732739421727
2015-09-23,9.9747,10.0676,9.9354,9.9747,74584,74584,-0.061908,-0.617,10.0229,"Sep 23, 15",-0.008242523067133353
2015-09-24,9.8664,9.9515,9.6729,9.9206,144046,144046,-0.054168,-0.543,9.8216,"Sep 24, 15",-0.013621539930003226
2015-09-25,9.9979,10.0131,9.8741,9.8896,64951,64951,-0.030954,-0.312,9.9458,"Sep 25, 15",-0.01670378619153685
2015-09-28,9.8664,9.8741,9.4487,9.4717,95579,95579,-0.417871,-4.225,9.564,"Sep 28, 15",-0.05825445434298446
2015-09-29,9.4253,9.4563,9.2937,9.3402,72046,72046,-0.13155,-1.389,9.3628,"Sep 29, 15",-0.07132914412981241
2015-09-30,9.3634,9.553,9.3324,9.4098,186084,186084,0.069644,0.746,9.3799,"Sep 30, 15",-0.06440900413617563
2015-10-01,9.3711,9.4949,9.3324,9.4098,101560,101560,0,0,9.3957,"Oct 1, 15",-0.06440900413617563
2015-10-02,9.3015,9.5182,9.2937,9.5096,82020,82020,0.099827,1.061,9.3514,"Oct 2, 15",-0.05448615972001273
2015-10-05,9.5259,9.7967,9.5259,9.758,82783,82783,0.248398,2.612,9.6431,"Oct 5, 15",-0.029788418708240696
2015-10-06,9.789,9.8819,9.6807,9.8741,104926,104926,0.116074,1.19,9.8276,"Oct 6, 15",-0.018244909322303573
2015-10-07,9.8664,10.0831,9.8664,10.0444,108320,108320,0.170245,1.724,9.9812,"Oct 7, 15",-0.0013124403436208648
2015-10-08,10.0057,10.1736,10.0057,10.1295,45919,45919,0.085122,0.847,10.0658,"Oct 8, 15",0.007148822780782632
2015-10-09,10.1295,10.3771,10.1295,10.3616,217215,217215,0.232149,2.292,10.2935,"Oct 9, 15",0.03022589882278063
2015-10-12,10.3075,10.3307,10.2223,10.2533,52013,52013,-0.108335,-1.046,10.2808,"Oct 12, 15",0.019457922367164992
2015-10-13,10.1682,10.2688,10.114,10.1372,55809,55809,-0.116077,-1.132,10.1825,"Oct 13, 15",0.00791441298122805
2015-10-14,10.0908,10.1473,10.0057,10.1063,64778,64778,-0.030952,-0.305,10.0666,"Oct 14, 15",0.004842109449570316
2015-10-15,10.0985,10.2146,10.0598,10.1837,63598,63598,0.077384,0.766,10.1389,"Oct 15, 15",0.012537782373528397
2015-10-16,10.1914,10.2765,10.1604,10.261,27063,27063,0.077384,0.76,10.2184,"Oct 16, 15",0.02022351256761041
2015-10-19,10.2146,10.3152,10.2069,10.2301,54280,54280,-0.030955,-0.302,10.2625,"Oct 19, 15",0.017151209035952852
2015-10-20,10.1837,10.3253,10.1837,10.2223,22897,22897,-0.007739,-0.076,10.2469,"Oct 20, 15",0.016375676105631547
2015-10-21,10.2688,10.2827,10.1914,10.1914,55155,55155,-0.030952,-0.303,10.2419,"Oct 21, 15",0.013303372573973814
2015-10-22,10.2301,10.3229,10.2146,10.2997,33410,33410,0.108335,1.063,10.2807,"Oct 22, 15",0.02407134902958945
2015-10-23,10.2997,10.3229,10.2223,10.2765,52926,52926,-0.023213,-0.225,10.2793,"Oct 23, 15",0.021764635698377312
2015-10-26,10.261,10.2765,10.1217,10.1372,67838,67838,-0.139292,-1.355,10.1869,"Oct 26, 15",0.00791441298122805
2015-10-27,10.0985,10.1295,9.9825,9.9979,77156,77156,-0.139288,-1.374,10.0395,"Oct 27, 15",-0.005935809735921213
2015-10-28,10.0057,10.0831,9.936,10.0831,64596,64596,0.085121,0.851,10.0381,"Oct 28, 15",0.0025353961183581758
2015-10-29,10.0211,10.0831,9.9747,10.0676,65412,65412,-0.015477,-0.153,10.0316,"Oct 29, 15",0.0009942729875914518
2015-10-30,10.0366,10.1217,10.0057,10.0366,74820,74820,-0.030952,-0.307,10.0469,"Oct 30, 15",-0.0020879732739421727
2015-11-02,10.0057,10.1837,9.9747,10.1759,67010,67010,0.139288,1.388,10.1049,"Nov 2, 15",0.01176224944320709
2015-11-03,10.114,10.3075,10.0831,10.2533,90099,90099,0.077385,0.76,10.2086,"Nov 3, 15",0.019457922367164992
2015-11-04,10.2223,10.2726,10.1255,10.145,52816,52816,-0.10834,-1.057,10.2034,"Nov 4, 15",0.008689945911549356
2015-11-05,10.1372,10.2301,10.0598,10.2146,111745,111745,0.069646,0.687,10.1393,"Nov 5, 15",0.01561008590518613
2015-11-06,10.1527,10.1527,10.0219,10.1063,65628,65628,-0.108335,-1.061,10.0699,"Nov 6, 15",0.004842109449570316
2015-11-09,10.0444,10.0598,9.8973,9.936,61026,61026,-0.170245,-1.685,9.9488,"Nov 9, 15",-0.012090359529112393
2015-11-10,9.8432,9.967,9.8122,9.8354,72863,72863,-0.100597,-1.012,9.8688,"Nov 10, 15",-0.022092745784282615
2015-11-11,9.8586,9.871,9.789,9.8045,75427,75427,-0.030955,-0.315,9.8109,"Nov 11, 15",-0.02516504931594017
2015-11-12,9.7116,9.7348,9.6033,9.6342,81365,81365,-0.170241,-1.736,9.6608,"Nov 12, 15",-0.042097518294623056
2015-11-13,9.5723,9.5776,9.464,9.5336,91473,91473,-0.100598,-1.044,9.528,"Nov 13, 15",-0.052099904549793276
2015-11-16,9.4949,9.6807,9.4949,9.6807,78130,78130,0.147027,1.542,9.6079,"Nov 16, 15",-0.03747414890232271
2015-11-17,9.7116,9.7813,9.5955,9.6884,58966,58966,0.007738,0.08,9.7229,"Nov 17, 15",-0.036708558701877295
2015-11-18,9.642,9.8354,9.642,9.8354,54083,54083,0.147029,1.518,9.7396,"Nov 18, 15",-0.022092745784282615
2015-11-19,9.7813,9.8316,9.7116,9.758,80228,80228,-0.077384,-0.787,9.7794,"Nov 19, 15",-0.029788418708240696
2015-11-20,9.758,9.8586,9.7503,9.7735,74106,74106,0.015476,0.159,9.8104,"Nov 20, 15",-0.028247295577473797
2015-11-23,9.7348,9.8044,9.7116,9.758,60556,60556,-0.015476,-0.158,9.7693,"Nov 23, 15",-0.029788418708240696
2015-11-24,9.7039,9.7976,9.6652,9.7813,71732,71732,0.023215,0.238,9.7344,"Nov 24, 15",-0.027471762647152488
2015-11-25,9.7348,9.8354,9.7271,9.8277,29891,29891,0.046431,0.475,9.7944,"Nov 25, 15",-0.022858335984728032
2015-11-27,9.789,9.8837,9.789,9.8741,15661,15661,0.046428,0.472,9.8512,"Nov 27, 15",-0.018244909322303573
2015-11-30,9.8741,9.9128,9.8277,9.9051,47124,47124,0.030954,0.313,9.8935,"Nov 30, 15",-0.015162663060770127
2015-12-01,9.9438,9.9979,9.8973,9.9128,43477,43477,0.00774,0.078,9.9395,"Dec 1, 15",-0.014397072860324534
2015-12-02,9.8896,9.9469,9.758,9.7813,55756,55756,-0.131553,-1.327,9.8491,"Dec 2, 15",-0.027471762647152488
2015-12-03,9.8509,9.8509,9.5801,9.5878,38753,38753,-0.193459,-1.978,9.7256,"Dec 3, 15",-0.046710944957047515
2015-12-04,9.6188,9.6729,9.4408,9.6497,89687,89687,0.061906,0.646,9.589,"Dec 4, 15",-0.04055639516385633
2015-12-07,9.5878,9.5878,9.3092,9.3247,114070,114070,-0.32501,-3.368,9.381,"Dec 7, 15",-0.07287026726057913
2015-12-08,9.2551,9.3324,9.2086,9.3092,88619,88619,-0.015476,-0.166,9.2817,"Dec 8, 15",-0.07441139039134587
2015-12-09,9.3324,9.464,9.2937,9.3866,216760,216760,0.077385,0.831,9.3799,"Dec 9, 15",-0.06671571746738796
2015-12-10,9.4253,9.4872,9.3553,9.3557,83425,83425,-0.030953,-0.33,9.3951,"Dec 10, 15",-0.0697880209990455
2015-12-11,9.2396,9.2636,9.1312,9.1312,82143,82143,-0.224414,-2.399,9.1773,"Dec 11, 15",-0.09210944957047416
2015-12-14,9.0925,9.1158,8.8991,8.9842,92398,92398,-0.147028,-1.61,8.9867,"Dec 14, 15",-0.10672526248806884
2015-12-15,8.9765,9.139,8.9765,9.0771,94030,94030,0.09286,1.034,9.0855,"Dec 15, 15",-0.09748846643334404
2015-12-16,9.0771,9.3248,9.0216,9.2911,86571,86571,0.214041,2.358,9.1816,"Dec 16, 15",-0.07621102449888648
2015-12-17,9.3545,9.3625,9.1881,9.299,263404,263404,0.007926,0.085,9.2826,"Dec 17, 15",-0.07542554883868927
2015-12-18,9.2594,9.3149,9.1167,9.1167,216901,216901,-0.182332,-1.961,9.2473,"Dec 18, 15",-0.0935511454024818
2015-12-21,9.1643,9.2435,9.0929,9.2198,120900,120900,0.103057,1.13,9.1844,"Dec 21, 15",-0.08330019090041375
2015-12-22,9.2277,9.5131,9.2277,9.5131,150428,150428,0.29332,3.181,9.3859,"Dec 22, 15",-0.05413816417435582
2015-12-23,9.5844,9.7826,9.5289,9.7509,106653,106653,0.237829,2.5,9.7189,"Dec 23, 15",-0.030494352529430585
2015-12-24,9.8302,9.8936,9.7905,9.8778,80913,80913,0.12684,1.301,9.8488,"Dec 24, 15",-0.017877028316894705
2015-12-28,9.8143,9.8143,9.6637,9.8143,94709,94709,-0.06342,-0.642,9.7645,"Dec 28, 15",-0.024190661788100677
2015-12-29,9.8698,9.9095,9.7588,9.8064,122260,122260,-0.007928,-0.081,9.8111,"Dec 29, 15",-0.024976137448297877
2015-12-30,9.7668,9.8619,9.7509,9.8223,89853,89853,0.015855,0.162,9.8008,"Dec 30, 15",-0.023395243398027413
2015-12-31,9.8302,9.8381,9.7033,9.8064,112351,112351,-0.015855,-0.161,9.7828,"Dec 31, 15",-0.024976137448297877
2016-01-04,9.7192,9.743,9.5686,9.743,81859,81859,-0.063419,-0.647,9.6553,"Jan 4, 16",-0.03127982818962779
2016-01-05,9.7985,9.8595,9.7826,9.854,49028,49028,0.110984,1.139,9.8255,"Jan 5, 16",-0.020243398027362546
2016-01-06,9.8064,9.9491,9.7113,9.7668,147294,147294,-0.087204,-0.885,9.8287,"Jan 6, 16",-0.028913458479160117
2016-01-07,9.5686,9.6482,9.4338,9.4734,83398,83398,-0.293319,-3.003,9.5437,"Jan 7, 16",-0.05808542793509395
2016-01-08,9.4734,9.506,9.2594,9.2594,58297,58297,-0.214044,-2.259,9.3618,"Jan 8, 16",-0.07936286986955152
2016-01-11,9.299,9.299,9.0612,9.1167,78233,78233,-0.142696,-1.541,9.1751,"Jan 11, 16",-0.0935511454024818
2016-01-12,9.1643,9.2198,8.863,9.0533,81279,81279,-0.063421,-0.696,8.976,"Jan 12, 16",-0.0998548361438117
2016-01-13,9.0691,9.0691,8.7639,8.7837,67480,67480,-0.269538,-2.977,8.9733,"Jan 13, 16",-0.12666043588927786
2016-01-14,8.76,8.9502,8.5856,8.871,182961,182961,0.087204,0.993,8.7336,"Jan 14, 16",-0.11798043270760422
2016-01-15,8.7124,8.7441,8.5221,8.7124,182518,182518,-0.158554,-1.787,8.6144,"Jan 15, 16",-0.13374960229080496
2016-01-19,8.7203,8.76,8.4508,8.538,132087,132087,-0.174405,-2.002,8.5806,"Jan 19, 16",-0.15108972319440028
2016-01-20,8.3874,8.3874,7.8879,8.0544,106730,106730,-0.483582,-5.664,8.07,"Jan 20, 16",-0.19917276487432403
2016-01-21,8.0148,8.316,7.9514,8.1971,129857,129857,0.142697,1.772,8.1677,"Jan 21, 16",-0.18498448934139355
2016-01-22,8.3398,8.6569,8.3398,8.6173,116848,116848,0.42016,5.126,8.5024,"Jan 22, 16",-0.14320513840279991
2016-01-25,8.6093,8.6728,8.4904,8.5142,118826,118826,-0.103056,-1.196,8.5928,"Jan 25, 16",-0.15345609290486795
2016-01-26,8.5776,8.76,8.5063,8.6173,99165,99165,0.103056,1.21,8.6511,"Jan 26, 16",-0.14320513840279991
2016-01-27,8.6569,8.7995,8.6411,8.6411,36971,36971,0.023784,0.276,8.7071,"Jan 27, 16",-0.14083876869233225
2016-01-28,8.752,8.8036,8.6911,8.752,19660,19660,0.110985,1.284,8.7467,"Jan 28, 16",-0.12981228125994274
2016-01-29,8.7996,9.0216,8.7996,8.9899,80294,80294,0.237828,2.717,8.9609,"Jan 29, 16",-0.1061585268851416
2016-02-01,8.9106,8.9899,8.871,8.974,25822,25822,-0.015856,-0.176,8.9415,"Feb 1, 16",-0.10773942093541207
2016-02-02,8.9344,8.9344,8.7918,8.8472,20318,20318,-0.126839,-1.413,8.85,"Feb 2, 16",-0.12034680241807189
2016-02-03,8.8789,8.9344,8.6963,8.9027,34300,34300,0.055492,0.627,8.8511,"Feb 3, 16",-0.11482858733693936
2016-02-04,8.8789,9.0216,8.8473,8.9185,36568,36568,0.015855,0.178,8.9272,"Feb 4, 16",-0.11325763601654479
2016-02-05,8.8789,8.8789,8.7845,8.8075,36530,36530,-0.110986,-1.244,8.8196,"Feb 5, 16",-0.1242940661788102
2016-02-08,8.7045,8.7045,8.427,8.5221,58897,58897,-0.285392,-3.24,8.5128,"Feb 8, 16",-0.15267061724467076
2016-02-09,8.3874,8.3953,8.1813,8.2685,52188,52188,-0.253684,-2.977,8.2864,"Feb 9, 16",-0.17788538020999056
2016-02-10,8.3636,8.4032,8.1892,8.1892,67981,67981,-0.079274,-0.959,8.2861,"Feb 10, 16",-0.18576996500159093
2016-02-11,7.991,8.0543,7.9355,8.0148,63514,63514,-0.174408,-2.13,8.0099,"Feb 11, 16",-0.20311008590518626
2016-02-12,8.094,8.1884,8.0148,8.1575,59109,59109,0.142698,1.78,8.0977,"Feb 12, 16",-0.1889218103722558
2016-02-16,8.2605,8.3794,8.2288,8.3715,53448,53448,0.214042,2.624,8.319,"Feb 16, 16",-0.16764436843779842
2016-02-17,8.3874,8.7045,8.3874,8.6648,36152,36152,0.293322,3.504,8.5779,"Feb 17, 16",-0.13848234171174048
2016-02-18,8.6252,8.7045,8.5935,8.6965,35568,35568,0.031709,0.366,8.6655,"Feb 18, 16",-0.13533049634107544
2016-02-19,8.649,8.6965,8.5459,8.6965,36942,36942,0,0,8.6407,"Feb 19, 16",-0.13533049634107544
2016-02-22,8.76,8.8313,8.76,8.7758,44280,44280,0.079276,0.912,8.8047,"Feb 22, 16",-0.12744591154947507
2016-02-23,8.7837,8.7996,8.6728,8.752,64903,64903,-0.023783,-0.271,8.7306,"Feb 23, 16",-0.12981228125994274
2016-02-24,8.6411,8.8788,8.5301,8.7837,36541,36541,0.031711,0.362,8.6847,"Feb 24, 16",-0.12666043588927786
2016-02-25,8.7996,8.9423,8.6093,8.9106,49330,49330,0.126841,1.444,8.8459,"Feb 25, 16",-0.11404311167674198
2016-02-26,8.9423,8.9898,8.8947,8.9502,51477,51477,0.039639,0.445,8.942,"Feb 26, 16",-0.11010579064587973
2016-02-29,8.9027,9.0612,8.9027,8.9978,33811,33811,0.047563,0.531,8.9816,"Feb 29, 16",-0.1053730512249444
2016-03-01,8.9978,9.1405,8.9819,9.1088,38663,38663,0.110988,1.234,9.0964,"Mar 1, 16",-0.094336621062679
2016-03-02,9.0771,9.2475,9.0771,9.2277,40293,40293,0.118913,1.305,9.1651,"Mar 2, 16",-0.08251471524021638
2016-03-03,9.2277,9.3783,9.2277,9.3625,33692,33692,0.134768,1.46,9.3058,"Mar 3, 16",-0.06911191536748329
2016-03-04,9.3228,9.5369,9.3149,9.4655,48715,48715,0.103059,1.101,9.4267,"Mar 4, 16",-0.058870903595291145
2016-03-07,9.4497,9.5547,9.4417,9.5527,57054,57054,0.087204,0.921,9.508,"Mar 7, 16",-0.05020084314349357
2016-03-08,9.4734,9.5051,9.3889,9.4259,59524,59524,-0.126841,-1.328,9.4358,"Mar 8, 16",-0.06280822462615339
2016-03-09,9.5289,9.5369,9.4417,9.4814,38579,38579,0.055491,0.589,9.4908,"Mar 9, 16",-0.057290009545020684
2016-03-10,9.4972,9.5131,9.3862,9.4338,30299,30299,-0.047563,-0.502,9.4437,"Mar 10, 16",-0.06202274896595619
2016-03-11,9.4972,9.5924,9.4972,9.5844,44301,44301,0.150544,1.596,9.5452,"Mar 11, 16",-0.04704899777282853
2016-03-14,9.521,9.6003,9.4972,9.5844,28052,28052,0.000078,0.001,9.5668,"Mar 14, 16",-0.04704899777282853
2016-03-15,9.5037,9.5607,9.4386,9.5607,61372,61372,-0.023779,-0.248,9.7485,"Mar 15, 16",-0.04940542475342031
2016-03-16,9.5769,9.7153,9.5281,9.699,67379,67379,0.138322,1.447,9.6213,"Mar 16, 16",-0.035654629335030316
2016-03-17,9.6827,9.9024,9.6827,9.8943,72586,72586,0.195283,2.013,9.824,"Mar 17, 16",-0.016236477887368886
2016-03-18,9.9024,10.0122,9.8698,9.9512,52183,52183,0.056956,0.576,9.9253,"Mar 18, 16",-0.010579064587973344
2016-03-21,9.9512,9.9512,9.8454,9.9024,42633,42633,-0.04882,-0.491,9.896,"Mar 21, 16",-0.015431116767419728
2016-03-22,9.878,9.9349,9.8129,9.9349,39468,39468,0.032548,0.329,9.8883,"Mar 22, 16",-0.012199729557747377
2016-03-23,9.9349,9.9838,9.7641,9.8292,69364,69364,-0.105779,-1.065,9.8617,"Mar 23, 16",-0.022709195036589302
2016-03-24,9.7966,9.7966,9.6502,9.7966,114388,114388,-0.032545,-0.331,9.7403,"Mar 24, 16",-0.02595052497613755
2016-03-28,9.8454,9.8454,9.6908,9.8129,63452,63452,0.016272,0.166,9.7746,"Mar 28, 16",-0.02432986000636334
2016-03-29,9.7559,9.8454,9.6257,9.8292,44743,44743,0.016273,0.166,9.7556,"Mar 29, 16",-0.022709195036589302
2016-03-30,9.9268,10.0326,9.821,10.0163,57956,57956,0.187146,1.904,9.9484,"Mar 30, 16",-0.004106347438752928
2016-03-31,9.9756,10.0733,9.8617,10.0651,74424,74424,0.04882,0.487,10.0221,"Mar 31, 16",0.0007457047406934565
2016-04-01,10.0407,10.0407,9.8943,10.0082,34956,34956,-0.056956,-0.566,9.9837,"Apr 1, 16",-0.00491170855870191
2016-04-04,10.0082,10.0082,9.8373,9.8698,90835,90835,-0.138324,-1.382,9.8905,"Apr 4, 16",-0.01867244670696797
2016-04-05,9.8454,9.8454,9.699,9.7397,55722,55722,-0.130188,-1.319,9.7761,"Apr 5, 16",-0.03160793827553309
2016-04-06,9.7885,9.8698,9.7153,9.8536,57249,57249,0.113913,1.17,9.7943,"Apr 6, 16",-0.02028316894686611
2016-04-07,9.8373,9.8943,9.7885,9.8048,55182,55182,-0.04882,-0.495,9.8265,"Apr 7, 16",-0.025135221126312494
2016-04-08,9.9268,9.9919,9.9187,9.9187,38990,38990,0.113913,1.162,9.953,"Apr 8, 16",-0.013810451797645696
2016-04-11,9.8861,10.0651,9.8861,9.8861,47310,47310,-0.032546,-0.328,9.933,"Apr 11, 16",-0.017051781737193763
2016-04-12,9.9187,10.0651,9.9187,9.9838,56184,56184,0.09764,0.988,9.9896,"Apr 12, 16",-0.007337734648425102
2016-04-13,10.057,10.1139,10.0244,10.0895,40174,40174,0.105778,1.06,10.0706,"Apr 13, 16",0.0031717308304166484
2016-04-14,10.1221,10.1221,10.0001,10.0244,42366,42366,-0.065094,-0.645,10.0397,"Apr 14, 16",-0.0033009863188037687
2016-04-15,10.0082,10.0733,9.9756,9.9919,15381,15381,-0.032548,-0.325,10.0044,"Apr 15, 16",-0.00653237352847612
2016-04-18,9.9512,10.0733,9.8943,10.0651,33336,33336,0.073232,0.733,10.0273,"Apr 18, 16",0.0007457047406934565
2016-04-19,10.1058,10.2197,10.0651,10.2048,51850,51850,0.139626,1.387,10.1844,"Apr 19, 16",0.01463569837734646
2016-04-20,10.2279,10.3092,10.1628,10.2116,91680,91680,0.006836,0.067,10.2424,"Apr 20, 16",0.015311804008908676
2016-04-21,10.2848,10.3581,10.1465,10.2035,73494,73494,-0.008139,-0.08,10.2618,"Apr 21, 16",0.014506442888959517
2016-04-22,10.2035,10.2767,10.1546,10.2685,46293,46293,0.065095,0.638,10.2212,"Apr 22, 16",0.020969217308304044
2016-04-25,10.2279,10.2441,10.1709,10.2035,59746,59746,-0.065095,-0.634,10.2017,"Apr 25, 16",0.014506442888959517
2016-04-26,10.2523,10.2767,10.2116,10.2604,40201,40201,0.056959,0.558,10.2512,"Apr 26, 16",0.02016385618835506
2016-04-27,10.293,10.3361,10.2035,10.3336,57137,57137,0.073229,0.714,10.2869,"Apr 27, 16",0.027441934457524637
2016-04-28,10.3092,10.3743,10.2848,10.3011,39147,39147,-0.032545,-0.315,10.3333,"Apr 28, 16",0.024210547247852286
2016-04-29,10.293,10.3336,10.2116,10.3336,45196,45196,0.032545,0.316,10.2668,"Apr 29, 16",0.027441934457524637
2016-05-02,10.3011,10.3174,10.2035,10.3092,51130,51130,-0.02441,-0.236,10.2626,"May 2, 16",0.025015908367801445
2016-05-03,10.1872,10.2685,10.0326,10.1139,81298,81298,-0.195281,-1.894,10.1378,"May 3, 16",0.00559775692013984
2016-05-04,10.0895,10.1628,10.0628,10.1546,43698,43698,0.040684,0.402,10.1006,"May 4, 16",0.009644447979637242
2016-05-05,10.2035,10.2441,10.1546,10.2279,67258,67258,0.07323,0.721,10.2039,"May 5, 16",0.01693246897868271
2016-05-06,10.1546,10.3092,10.1546,10.2767,91936,91936,0.04882,0.477,10.2396,"May 6, 16",0.021784521158129094
2016-05-09,10.2685,10.2848,10.1709,10.2523,19624,19624,-0.024409,-0.238,10.208,"May 9, 16",0.019358495068405902
2016-05-10,10.2604,10.3418,10.2523,10.3092,56674,56674,0.056956,0.556,10.2993,"May 10, 16",0.025015908367801445
2016-05-11,10.3092,10.3092,10.1709,10.2523,50344,50344,-0.056956,-0.552,10.2449,"May 11, 16",0.019358495068405902
2016-05-12,10.2441,10.3506,10.2441,10.2441,51664,51664,-0.008138,-0.079,10.2916,"May 12, 16",0.018543191218580852
2016-05-13,10.2441,10.3011,10.1709,10.1872,38547,38547,-0.056957,-0.556,10.2239,"May 13, 16",0.012885777919185484
2016-05-16,10.2279,10.3196,10.2279,10.2848,51766,51766,0.09764,0.958,10.2828,"May 16, 16",0.022589882278078253
2016-05-17,10.2604,10.3336,10.2197,10.2279,74479,74479,-0.056956,-0.554,10.2757,"May 17, 16",0.01693246897868271
2016-05-18,10.2441,10.293,10.1139,10.1872,88388,88388,-0.040684,-0.398,10.1981,"May 18, 16",0.012885777919185484
2016-05-19,10.1709,10.1709,10.0244,10.1302,68275,68275,-0.056958,-0.559,10.0836,"May 19, 16",0.00721842188991405
2016-05-20,10.1465,10.236,10.1465,10.179,46260,46260,0.048823,0.482,10.1867,"May 20, 16",0.012070474069360434
2016-05-23,10.2116,10.2279,10.1384,10.1953,51633,51633,0.016272,0.16,10.1906,"May 23, 16",0.013691139039134466
2016-05-24,10.2441,10.2967,10.2185,10.2685,35973,35973,0.073231,0.718,10.26,"May 24, 16",0.020969217308304044
2016-05-25,10.293,10.3904,10.2929,10.3336,45039,45039,0.065093,0.634,10.3508,"May 25, 16",0.027441934457524637
2016-05-26,10.3825,10.3825,10.3174,10.3662,31111,31111,0.032548,0.315,10.3455,"May 26, 16",0.030683264397072703
2016-05-27,10.3499,10.3906,10.3255,10.3743,59790,59790,0.008137,0.078,10.3474,"May 27, 16",0.03148862551702186
2016-05-31,10.415,10.4394,10.3092,10.3743,50190,50190,0,0,10.3704,"May 31, 16",0.03148862551702186
2016-06-01,10.3174,10.4313,10.3174,10.4313,46235,46235,0.056957,0.549,10.4047,"Jun 1, 16",0.03715598154629329
2016-06-02,10.3825,10.5127,10.3825,10.5086,60687,60687,0.077299,0.741,10.4708,"Jun 2, 16",0.04484171174037531
2016-06-03,10.5208,10.5615,10.4541,10.4964,62926,62926,-0.012206,-0.116,10.5164,"Jun 3, 16",0.04362869869551371
2016-06-06,10.5615,10.6998,10.5615,10.651,55772,55772,0.154598,1.473,10.6207,"Jun 6, 16",0.059000159083677915
2016-06-07,10.6917,10.7323,10.6266,10.7161,35505,35505,0.065092,0.611,10.6968,"Jun 7, 16",0.0654728762328985
2016-06-08,10.7405,10.7974,10.7079,10.7568,47183,47183,0.040686,0.38,10.7603,"Jun 8, 16",0.06951956729239574
2016-06-09,10.7405,10.8218,10.6917,10.8218,90877,90877,0.065093,0.605,10.7773,"Jun 9, 16",0.07598234171174026
2016-06-10,10.6998,10.7567,10.666,10.6917,37031,37031,-0.130187,-1.203,10.7137,"Jun 10, 16",0.06304685014317532
2016-06-13,10.6347,10.6917,10.5685,10.5696,31307,31307,-0.122051,-1.142,10.6026,"Jun 13, 16",0.050906776964683285
2016-06-14,10.5533,10.5821,10.4557,10.5127,37475,37475,-0.056954,-0.539,10.4985,"Jun 14, 16",0.04524936366528792
2016-06-15,10.546,10.6627,10.5168,10.5377,54397,54397,0.025008,0.238,10.5636,"Jun 15, 16",0.04773504613426646
2016-06-16,10.521,10.6294,10.4468,10.6294,36852,36852,0.091706,0.87,10.5235,"Jun 16, 16",0.05685252943048039
2016-06-17,10.5877,10.6627,10.5793,10.6127,31469,31469,-0.016674,-0.157,10.6241,"Jun 17, 16",0.055192093541202615
2016-06-20,10.7461,10.7711,10.6627,10.671,34681,34681,0.058358,0.55,10.7163,"Jun 20, 16",0.060988705058860816
2016-06-21,10.7211,10.7369,10.6627,10.7211,53620,53620,0.050019,0.469,10.7047,"Jun 21, 16",0.06597001272669414
2016-06-22,10.7461,10.7711,10.6627,10.671,43570,43570,-0.050019,-0.467,10.7067,"Jun 22, 16",0.060988705058860816
2016-06-23,10.7711,10.8321,10.7461,10.7961,59689,59689,0.12505,1.172,10.7912,"Jun 23, 16",0.07342706013363012
2016-06-24,10.6127,10.6794,10.5293,10.671,130286,130286,-0.12505,-1.158,10.617,"Jun 24, 16",0.060988705058860816
2016-06-27,10.546,10.571,10.3459,10.5377,124070,124070,-0.13339,-1.25,10.4566,"Jun 27, 16",0.04773504613426646
2016-06-28,10.5627,10.6877,10.5585,10.671,35495,35495,0.13339,1.266,10.6218,"Jun 28, 16",0.060988705058860816
2016-06-29,10.8211,10.9712,10.8211,10.9712,106443,106443,0.300122,2.812,10.8682,"Jun 29, 16",0.09083678014635686
2016-06-30,11.0295,11.0295,10.8878,10.9462,60897,60897,-0.02501,-0.228,10.9472,"Jun 30, 16",0.08835109767737814
2016-07-01,10.9962,11.0545,10.9712,11.0295,48675,48675,0.083369,0.762,11.0096,"Jul 1, 16",0.09663339166401524
2016-07-05,11.0045,11.0063,10.8211,10.9628,38910,38910,-0.066695,-0.605,10.8936,"Jul 5, 16",0.09000159083678003
2016-07-06,10.9628,11.0129,10.8795,11.0129,78574,78574,0.05002,0.456,10.9301,"Jul 6, 16",0.09498289850461336
2016-07-07,11.0379,11.0545,10.8878,10.9962,82059,82059,-0.016672,-0.151,10.9922,"Jul 7, 16",0.09332246261533558
2016-07-08,11.0545,11.1629,10.9738,11.1129,43291,43291,0.116713,1.061,11.0839,"Jul 8, 16",0.10492562838052805
2016-07-11,11.1879,11.1879,11.0795,11.16,51893,51893,0.047103,0.424,11.1431,"Jul 11, 16",0.10960865415208393
2016-07-12,11.2463,11.2963,11.2129,11.2296,62260,62260,0.069612,0.624,11.2633,"Jul 12, 16",0.11652879414572052
2016-07-13,11.288,11.3213,11.1713,11.2267,41522,41522,-0.002917,-0.026,11.2409,"Jul 13, 16",0.11624045497931897
2016-07-14,11.263,11.3297,11.2129,11.2129,38790,38790,-0.013756,-0.123,11.2618,"Jul 14, 16",0.11486835825644275
2016-07-15,11.2546,11.2713,11.2129,11.2213,17668,17668,0.008337,0.074,11.2315,"Jul 15, 16",0.11570354756601958
2016-07-18,11.2463,11.2713,11.2129,11.26,44950,44950,0.038766,0.345,11.2552,"Jul 18, 16",0.11955138402799863
2016-07-19,11.2796,11.2963,11.2129,11.2629,52344,52344,0.002834,0.025,11.238,"Jul 19, 16",0.11983972319440019
2016-07-20,11.3046,11.3631,11.2713,11.313,73877,73877,0.050104,0.445,11.3106,"Jul 20, 16",0.1248210308622335
2016-07-21,11.363,11.4214,11.3505,11.3963,126937,126937,0.083366,0.737,11.3882,"Jul 21, 16",0.13310332484887044
2016-07-22,11.3713,11.4881,11.3713,11.4714,72612,72612,0.075032,0.658,11.4392,"Jul 22, 16",0.1405703149856823
2016-07-25,11.5131,11.5297,11.4714,11.5272,110152,110152,0.055856,0.487,11.4999,"Jul 25, 16",0.14611835825644287
2016-07-26,11.5631,11.5631,11.5214,11.5381,94529,94529,0.010837,0.094,11.5364,"Jul 26, 16",0.1472021158129175
2016-07-27,11.5631,11.5881,11.4214,11.463,70977,70977,-0.075031,-0.65,11.4881,"Jul 27, 16",0.13973512567610546
2016-07-28,11.4797,11.5047,11.4214,11.4464,50387,50387,-0.016671,-0.145,11.4716,"Jul 28, 16",0.13808463251670375
2016-07-29,11.4464,11.5297,11.4297,11.5131,60506,60506,0.066692,0.583,11.5008,"Jul 29, 16",0.1447164333439388
2016-08-01,11.5297,11.5631,11.4297,11.4464,74770,74770,-0.066692,-0.579,11.5049,"Aug 1, 16",0.13808463251670375
2016-08-02,11.4547,11.4547,11.2964,11.3213,55404,55404,-0.125052,-1.093,11.3456,"Aug 2, 16",0.12564627744193446
2016-08-03,11.313,11.3963,11.2963,11.3797,41181,41181,0.058357,0.515,11.3605,"Aug 3, 16",0.13145283168946856
2016-08-04,11.4214,11.4547,11.363,11.4297,72962,72962,0.050019,0.44,11.4209,"Aug 4, 16",0.13642419662742597
2016-08-05,11.4297,11.4881,11.413,11.4214,79642,79642,-0.008336,-0.073,11.4459,"Aug 5, 16",0.13559895004772504
2016-08-08,11.4797,11.4797,11.4214,11.463,74010,74010,0.041683,0.365,11.4497,"Aug 8, 16",0.13973512567610546
2016-08-09,11.5047,11.5122,11.4214,11.463,55955,55955,0,0,11.4611,"Aug 9, 16",0.13973512567610546
2016-08-10,11.4797,11.5131,11.413,11.4964,50483,50483,0.033349,0.291,11.4588,"Aug 10, 16",0.14305599745466102
2016-08-11,11.5214,11.5214,11.4464,11.4881,31373,31373,-0.008337,-0.073,11.4897,"Aug 11, 16",0.14223075087496007
2016-08-12,11.5214,11.5714,11.4547,11.5631,121734,121734,0.07503,0.653,11.5085,"Aug 12, 16",0.14968779828189624
2016-08-15,11.5131,11.5297,11.4714,11.5047,85546,85546,-0.058357,-0.505,11.4953,"Aug 15, 16",0.14388124403436195
2016-08-16,11.4964,11.4964,11.4464,11.463,49505,49505,-0.041685,-0.362,11.4634,"Aug 16, 16",0.13973512567610546
2016-08-17,11.4547,11.463,11.3547,11.463,48603,48603,0,0,11.4112,"Aug 17, 16",0.13973512567610546
2016-08-18,11.4297,11.5381,11.4297,11.5381,37393,37393,0.075031,0.655,11.4848,"Aug 18, 16",0.1472021158129175
2016-08-19,11.5547,11.5547,11.4464,11.4464,62624,62624,-0.091702,-0.795,11.4795,"Aug 19, 16",0.13808463251670375
2016-08-22,11.4881,11.4881,11.4379,11.4464,21060,21060,0,0,11.455,"Aug 22, 16",0.13808463251670375
2016-08-23,11.4964,11.5547,11.463,11.5464,50895,50895,0.100039,0.874,11.5304,"Aug 23, 16",0.14802736239261846
2016-08-24,11.5798,11.6381,11.4866,11.5297,208913,208913,-0.016673,-0.144,11.5954,"Aug 24, 16",0.14636692650334068
2016-08-25,11.5464,11.5464,11.4714,11.5214,39382,39382,-0.008336,-0.072,11.5123,"Aug 25, 16",0.14554167992363973
2016-08-26,11.5464,11.5714,11.438,11.5047,46024,46024,-0.016674,-0.145,11.5033,"Aug 26, 16",0.14388124403436195
2016-08-29,11.5547,11.6048,11.5047,11.5798,58939,58939,0.07503,0.652,11.5583,"Aug 29, 16",0.15134823417117402
2016-08-30,11.6131,11.6131,11.4881,11.5214,64349,64349,-0.058356,-0.504,11.5183,"Aug 30, 16",0.14554167992363973
2016-08-31,11.5547,11.5547,11.4214,11.4547,47675,47675,-0.066694,-0.579,11.4616,"Aug 31, 16",0.1389098790964047
2016-09-01,11.4881,11.5047,11.4214,11.4715,32428,32428,0.01684,0.147,11.4707,"Sep 1, 16",0.14058025771555838
2016-09-02,11.5381,11.6298,11.5131,11.5714,35172,35172,0.099875,0.871,11.5641,"Sep 2, 16",0.15051304486159717
2016-09-06,11.6048,11.6298,11.5631,11.6298,20952,20952,0.058357,0.504,11.5934,"Sep 6, 16",0.15631959910913126
2016-09-07,11.5964,11.6631,11.5964,11.6631,51894,51894,0.033347,0.287,11.6443,"Sep 7, 16",0.15963052815781092
2016-09-08,11.6464,11.6631,11.5965,11.638,45483,45483,-0.025095,-0.215,11.6322,"Sep 8, 16",0.15713490295895632
2016-09-09,11.5714,11.5715,11.3046,11.3212,60146,60146,-0.316796,-2.722,11.4196,"Sep 9, 16",0.12563633471205837
2016-09-12,11.313,11.4547,11.263,11.4047,59076,59076,0.083451,0.737,11.3305,"Sep 12, 16",0.13393851415844726
2016-09-13,11.363,11.388,11.1129,11.1212,75461,75461,-0.28345,-2.485,11.1871,"Sep 13, 16",0.10575087496022899
2016-09-14,11.1629,11.2463,11.1068,11.1629,32637,32637,0.041684,0.375,11.1662,"Sep 14, 16",0.10989699331848549
2016-09-15,11.1879,11.2545,11.1496,11.2046,56884,56884,0.041685,0.373,11.1944,"Sep 15, 16",0.1140431116767418
2016-09-16,11.2213,11.2213,11.1116,11.2213,34842,34842,0.016673,0.149,11.1781,"Sep 16, 16",0.11570354756601958
2016-09-19,11.2129,11.313,11.2129,11.2296,52049,52049,0.008336,0.074,11.2489,"Sep 19, 16",0.11652879414572052
2016-09-20,11.3463,11.388,11.2213,11.3213,54515,54515,0.091705,0.817,11.2962,"Sep 20, 16",0.12564627744193446
2016-09-21,11.3896,11.509,11.3299,11.509,102819,102819,0.187697,1.658,11.3732,"Sep 21, 16",0.14430878141902637
2016-09-22,11.5943,11.6114,11.509,11.6114,49776,49776,0.102377,0.89,11.5612,"Sep 22, 16",0.15449013681196297
2016-09-23,11.5943,11.5943,11.5261,11.5261,24206,24206,-0.085315,-0.735,11.5469,"Sep 23, 16",0.1460089882278077
2016-09-26,11.5431,11.5431,11.4322,11.4664,26507,26507,-0.05972,-0.518,11.4769,"Sep 26, 16",0.14007317849188666
2016-09-27,11.4919,11.5858,11.4323,11.5602,40774,40774,0.093847,0.818,11.5363,"Sep 27, 16",0.14939945911549465
2016-09-28,11.6029,11.6882,11.5558,11.6882,27649,27649,0.127971,1.107,11.6071,"Sep 28, 16",0.16212615335666553
2016-09-29,11.6882,11.7052,11.4238,11.4919,77049,77049,-0.196224,-1.679,11.6269,"Sep 29, 16",0.14260857461024484
2016-09-30,11.6029,11.7394,11.55,11.6285,115179,115179,0.136504,1.188,11.66,"Sep 30, 16",0.1561903436207445
2016-10-03,11.6626,11.6626,11.4152,11.4322,41576,41576,-0.196223,-1.687,11.4851,"Oct 3, 16",0.1366727648743238
2016-10-04,11.4834,11.4834,11.2957,11.3128,40886,40886,-0.119442,-1.045,11.3683,"Oct 4, 16",0.12480114540248155
2016-10-05,11.3469,11.4323,11.2957,11.3128,58493,58493,0,0,11.3711,"Oct 5, 16",0.12480114540248155
2016-10-06,11.3384,11.3717,11.2411,11.2787,50792,50792,-0.034127,-0.302,11.291,"Oct 6, 16",0.12141067451479476
2016-10-07,11.2701,11.2701,11.1935,11.236,22611,22611,-0.042657,-0.378,11.233,"Oct 7, 16",0.11716512885777917
2016-10-10,11.3043,11.3384,11.2275,11.2957,28369,28369,0.05972,0.532,11.3037,"Oct 10, 16",0.12310093859370021
2016-10-11,11.3213,11.3213,11.1507,11.1933,62311,62311,-0.102378,-0.906,11.2158,"Oct 11, 16",0.11291958320076359
2016-10-12,11.1678,11.2616,11.1507,11.1763,26419,26419,-0.017063,-0.152,11.2074,"Oct 12, 16",0.11122931912185796
2016-10-13,11.1251,11.1846,11.091,11.1592,27363,27363,-0.017064,-0.153,11.1436,"Oct 13, 16",0.10952911231307662
2016-10-14,11.1592,11.211,11.091,11.1166,34722,34722,-0.042655,-0.382,11.1514,"Oct 14, 16",0.10529350938593693
2016-10-17,11.1507,11.1507,10.9886,11.0142,57183,57183,-0.102379,-0.921,11.0642,"Oct 17, 16",0.0951121539930003
2016-10-18,11.108,11.1336,11.0051,11.0739,38946,38946,0.05972,0.542,11.0817,"Oct 18, 16",0.10104796372892133
2016-10-19,11.0739,11.1763,10.9971,11.0312,83976,83976,-0.042658,-0.385,11.1013,"Oct 19, 16",0.09680241807190575
2016-10-20,11.0483,11.091,10.9891,11.0483,33535,33535,0.017064,0.155,11.0367,"Oct 20, 16",0.09850262488068709
2016-10-21,11.0057,11.0915,10.9716,11.0142,39569,39569,-0.034126,-0.309,11.0234,"Oct 21, 16",0.0951121539930003
2016-10-24,11.0142,11.0995,10.9971,11.0483,31003,31003,0.034126,0.31,11.0328,"Oct 24, 16",0.09850262488068709
2016-10-25,11.0739,11.1336,11.0309,11.091,49227,49227,0.042657,0.386,11.0749,"Oct 25, 16",0.10274817053770267
2016-10-26,11.0824,11.0995,11.0142,11.0824,22309,22309,-0.008531,-0.077,11.062,"Oct 26, 16",0.10189309576837406
2016-10-27,11.0654,11.1123,10.9758,10.9801,51996,51996,-0.102378,-0.924,11.0226,"Oct 27, 16",0.09172168310531333
2016-10-28,11.0398,11.0824,10.9374,10.9886,80959,80959,0.008531,0.078,11.0198,"Oct 28, 16",0.09256681514476606
2016-10-31,11.0398,11.0398,10.8265,10.8777,55199,55199,-0.11091,-1.009,10.9358,"Oct 31, 16",0.08154032771237671
2016-11-01,10.8862,10.8862,10.6729,10.7412,74944,74944,-0.136504,-1.255,10.7622,"Nov 1, 16",0.06796850143175294
2016-11-02,10.6644,10.6985,10.5108,10.5108,127576,127576,-0.230351,-2.145,10.5966,"Nov 2, 16",0.04506045179764545
2016-11-03,10.5023,10.5364,10.4767,10.4767,31200,31200,-0.034126,-0.325,10.5004,"Nov 3, 16",0.041669980909958486
2016-11-04,10.4596,10.4596,10.3914,10.424,41332,41332,-0.052724,-0.503,10.4214,"Nov 4, 16",0.036430162265351444
2016-11-07,10.5194,10.5795,10.4724,10.545,46954,46954,0.120976,1.161,10.5203,"Nov 7, 16",0.04846086541520831
2016-11-08,10.4938,10.6388,10.4938,10.6047,35262,35262,0.059722,0.566,10.5911,"Nov 8, 16",0.05439667515112935
2016-11-09,10.5108,10.8009,10.3743,10.7838,75842,75842,0.179161,1.689,10.6677,"Nov 9, 16",0.07220410435889263
2016-11-10,10.8521,10.8606,10.69,10.7924,53468,53468,0.008532,0.079,10.7788,"Nov 10, 16",0.07305917912822144
2016-11-11,10.69,10.7753,10.6473,10.7241,23730,23730,-0.068254,-0.632,10.707,"Nov 11, 16",0.0662682946229716
2016-11-14,10.7668,10.7837,10.5968,10.7497,42568,42568,0.025594,0.239,10.7188,"Nov 14, 16",0.06881363347120584
2016-11-15,10.818,10.9971,10.7889,10.9545,39629,39629,0.204757,1.905,10.8554,"Nov 15, 16",0.08917634425707908
2016-11-16,10.9118,11.0227,10.8606,10.9886,87949,87949,0.034127,0.312,10.9372,"Nov 16, 16",0.09256681514476606
2016-11-17,10.9459,11.0995,10.9374,11.0655,54527,54527,0.076954,0.7,11.012,"Nov 17, 16",0.10021277441934451
2016-11-18,11.1166,11.1166,10.9971,11.0227,51616,51616,-0.042829,-0.387,11.0378,"Nov 18, 16",0.09595728603245303
2016-11-21,11.1166,11.1763,11.0603,11.091,39212,39212,0.068253,0.619,11.0893,"Nov 21, 16",0.10274817053770267
2016-11-22,11.091,11.2275,11.091,11.1422,88729,88729,0.051189,0.462,11.1456,"Nov 22, 16",0.10783884823417117
2016-11-23,11.1422,11.236,11.1166,11.2189,47617,47617,0.076784,0.689,11.1911,"Nov 23, 16",0.11546492204899765
2016-11-25,11.2616,11.3367,11.2616,11.3043,4761,4761,0.085315,0.76,11.2826,"Nov 25, 16",0.12395601336302882
2016-11-28,11.2616,11.2616,11.1848,11.1933,42143,42143,-0.11091,-0.981,11.2301,"Nov 28, 16",0.11291958320076359
2016-11-29,11.1166,11.2275,11.1166,11.1933,58744,58744,0,0,11.1544,"Nov 29, 16",0.11291958320076359
2016-11-30,11.2531,11.3384,11.1678,11.1824,78582,78582,-0.01092,-0.098,11.2273,"Nov 30, 16",0.11183582564428876
2016-12-01,11.236,11.236,11.0315,11.108,44792,44792,-0.074394,-0.665,11.1556,"Dec 1, 16",0.1044384346166083
2016-12-02,11.091,11.1251,11.0312,11.0995,33281,33281,-0.008533,-0.077,11.0604,"Dec 2, 16",0.10359330257715559
2016-12-05,11.0824,11.144,11.0398,11.0483,121438,121438,-0.051188,-0.461,11.0714,"Dec 5, 16",0.09850262488068709
2016-12-06,11.091,11.1166,10.9971,11.0995,82418,82418,0.051188,0.463,11.0487,"Dec 6, 16",0.10359330257715559
2016-12-07,11.108,11.2616,11.0995,11.2616,82167,82167,0.162099,1.46,11.1642,"Dec 7, 16",0.11971046770601323
2016-12-08,11.2701,11.2872,11.2085,11.2531,59206,59206,-0.008531,-0.076,11.2497,"Dec 8, 16",0.11886533566656052
2016-12-09,11.2104,11.3213,11.2016,11.3128,39186,39186,0.059721,0.531,11.2549,"Dec 9, 16",0.12480114540248155
2016-12-12,11.2701,11.3215,11.2616,11.3043,53300,53300,-0.008532,-0.075,11.3022,"Dec 12, 16",0.12395601336302882
2016-12-13,11.3725,11.4493,11.3043,11.4493,75458,75458,0.145036,1.283,11.3839,"Dec 13, 16",0.13837297168310514
2016-12-14,11.4066,11.4408,11.3357,11.3384,81450,81450,-0.110909,-0.969,11.3964,"Dec 14, 16",0.1273464842507158
2016-12-15,11.3384,11.381,11.2957,11.3127,74855,74855,-0.025681,-0.226,11.3414,"Dec 15, 16",0.12479120267260566
2016-12-16,11.2787,11.3554,11.2019,11.3128,108426,108426,0.000086,0.001,11.3035,"Dec 16, 16",0.12480114540248155
2016-12-19,11.3128,11.3412,11.2275,11.3128,91085,91085,0,0,11.2886,"Dec 19, 16",0.12480114540248155
2016-12-20,11.3299,11.3725,11.3085,11.3469,88602,88602,0.034126,0.302,11.3454,"Dec 20, 16",0.1281916162901685
2016-12-21,11.312,11.4081,11.1809,11.3993,55626,55626,0.052408,0.462,11.3713,"Dec 21, 16",0.1334016067451479
2016-12-22,11.3993,11.4725,11.3993,11.4255,61622,61622,0.026205,0.23,11.4392,"Dec 22, 16",0.13600660197263748
2016-12-23,11.4255,11.5129,11.3993,11.4343,66728,66728,0.008735,0.076,11.4731,"Dec 23, 16",0.13688156220171804
2016-12-27,11.4692,11.5129,11.4474,11.4954,44392,44392,0.061145,0.535,11.4848,"Dec 27, 16",0.14295657015590194
2016-12-28,11.5041,11.5041,11.3819,11.3906,58393,58393,-0.104822,-0.912,11.4109,"Dec 28, 16",0.1325365892459432
2016-12-29,11.3906,11.4954,11.3732,11.4867,57603,57603,0.096088,0.844,11.4389,"Dec 29, 16",0.14209155265669743
2016-12-30,11.5828,11.6352,11.5129,11.609,117445,117445,0.122292,1.065,11.595,"Dec 30, 16",0.15425151129494105
2017-01-03,11.6352,11.7837,11.6028,11.6701,39648,39648,0.061145,0.527,11.6704,"Jan 3, 17",0.16032651924912492
2017-01-04,11.6352,11.7837,11.6352,11.7749,88437,88437,0.104822,0.898,11.7222,"Jan 4, 17",0.17074650015908366
2017-01-05,11.5391,11.761,11.5391,11.7487,98702,98702,-0.026207,-0.223,11.6899,"Jan 5, 17",0.16814150493159388
2017-01-06,11.7837,11.9147,11.7599,11.8972,71781,71781,0.148496,1.264,11.849,"Jan 6, 17",0.18290645879732728
2017-01-09,11.906,11.9671,11.8603,11.906,82322,82322,0.008736,0.073,11.9328,"Jan 9, 17",0.18378141902640785
2017-01-10,11.9496,12.0545,11.8972,11.9758,82708,82708,0.069882,0.587,11.9752,"Jan 10, 17",0.19072144447979625
2017-01-11,12.002,12.0632,11.9409,11.9933,78358,78358,0.01747,0.146,11.9851,"Jan 11, 17",0.19246142220808132
2017-01-12,12.0108,12.0108,11.871,11.9496,45269,45269,-0.043675,-0.364,11.9318,"Jan 12, 17",0.18811644925230664
2017-01-13,11.9234,11.9758,11.8972,11.8972,48227,48227,-0.052413,-0.439,11.9296,"Jan 13, 17",0.18290645879732728
2017-01-17,11.8885,11.9496,11.8273,11.906,47891,47891,0.008736,0.073,11.8946,"Jan 17, 17",0.18378141902640785
2017-01-18,11.9147,11.9147,11.8361,11.8361,71668,71668,-0.06988,-0.587,11.8705,"Jan 18, 17",0.17683145084314342
2017-01-19,11.8535,11.8623,11.7924,11.8623,72749,72749,0.026205,0.221,11.8333,"Jan 19, 17",0.179436446070633
2017-01-20,11.8798,11.8972,11.7487,11.7749,41729,41729,-0.08735,-0.736,11.843,"Jan 20, 17",0.17074650015908366
2017-01-23,11.8186,11.8623,11.7805,11.8623,46355,46355,0.08735,0.742,11.8164,"Jan 23, 17",0.179436446070633
2017-01-24,11.8361,12.0108,11.8186,11.9671,118597,118597,0.104822,0.884,11.8932,"Jan 24, 17",0.18985642698059174
2017-01-25,11.9846,12.1331,11.9658,12.1243,123913,123913,0.157232,1.314,12.0285,"Jan 25, 17",0.20548639834552965
2017-01-26,12.1331,12.2117,12.1243,12.2117,63103,63103,0.087351,0.72,12.1766,"Jan 26, 17",0.21417634425707918
2017-01-27,12.2292,12.2292,12.1069,12.1942,68981,68981,-0.017471,-0.143,12.163,"Jan 27, 17",0.21243636652879408
2017-01-30,12.1156,12.1243,11.9933,12.0545,81567,81567,-0.139761,-1.146,12.077,"Jan 30, 17",0.19854637289214128
2017-01-31,12.0282,12.0632,11.9641,12.0632,48335,48335,0.008734,0.072,11.9963,"Jan 31, 17",0.19941139039134578
2017-02-01,12.0894,12.15,12.0282,12.0719,44194,44194,0.008736,0.072,12.0863,"Feb 1, 17",0.2002764078905503
2017-02-02,12.0894,12.1195,11.9846,12.1195,44913,44913,0.047606,0.394,12.0707,"Feb 2, 17",0.20500914731148578
2017-02-03,12.1767,12.1942,12.0807,12.1767,49086,49086,0.057215,0.472,12.1408,"Feb 3, 17",0.210696388800509
2017-02-06,12.1593,12.1593,12.0807,12.1069,57122,57122,-0.06988,-0.574,12.1159,"Feb 6, 17",0.20375636334712044
2017-02-07,12.1331,12.1767,12.0894,12.1069,72517,72517,0,0,12.1205,"Feb 7, 17",0.20375636334712044
2017-02-08,12.1331,12.1941,12.0641,12.1855,77074,77074,0.078614,0.649,12.1373,"Feb 8, 17",0.2115713490295894
2017-02-09,12.168,12.1934,12.0945,12.1418,72768,72768,-0.043674,-0.358,12.1312,"Feb 9, 17",0.20722637607381472
2017-02-10,12.1593,12.1767,12.1069,12.1767,83100,83100,0.03494,0.288,12.1379,"Feb 10, 17",0.210696388800509
2017-02-13,12.1593,12.1855,12.1593,12.1767,61738,61738,0,0,12.1771,"Feb 13, 17",0.210696388800509
2017-02-14,12.1767,12.2554,12.1243,12.2466,110578,110578,0.06988,0.574,12.1788,"Feb 14, 17",0.21764635698377346
2017-02-15,12.1855,12.3427,12.1593,12.3427,124439,124439,0.096088,0.785,12.2532,"Feb 15, 17",0.2272013203945275
2017-02-16,12.3165,12.4039,12.2554,12.4039,101538,101538,0.061145,0.495,12.3143,"Feb 16, 17",0.23328627107858727
2017-02-17,12.3252,12.3438,12.2554,12.3165,34291,34291,-0.087351,-0.704,12.292,"Feb 17, 17",0.22459632516703773
2017-02-21,12.3689,12.4475,12.3446,12.4126,47912,47912,0.096086,0.78,12.3841,"Feb 21, 17",0.23415128857779177
2017-02-22,12.3602,12.4388,12.3602,12.4126,70780,70780,0,0,12.413,"Feb 22, 17",0.23415128857779177
2017-02-23,12.4475,12.4912,12.4213,12.4649,121270,121270,0.052323,0.422,12.4585,"Feb 23, 17",0.23935133630289523
2017-02-24,12.4213,12.465,12.4138,12.465,55044,55044,0.000088,0.001,12.4386,"Feb 24, 17",0.23936127903277113
2017-02-27,12.4563,12.5174,12.4475,12.5087,62804,62804,0.043676,0.35,12.4975,"Feb 27, 17",0.2437062519885458
2017-02-28,12.4563,12.4999,12.4214,12.4912,91809,91809,-0.01747,-0.14,12.4714,"Feb 28, 17",0.2419662742602607
2017-03-01,12.5786,12.7096,12.5384,12.6222,133697,133697,0.131026,1.049,12.6575,"Mar 1, 17",0.25499125039770904
2017-03-02,12.6048,12.6222,12.465,12.465,58456,58456,-0.157232,-1.246,12.5259,"Mar 2, 17",0.23936127903277113
2017-03-03,12.4999,12.631,12.4999,12.5174,20982,20982,0.052411,0.42,12.5561,"Mar 3, 17",0.2445712694877505
2017-03-06,12.4999,12.5524,12.4737,12.5174,31925,31925,0,0,12.5164,"Mar 6, 17",0.2445712694877505
2017-03-07,12.4301,12.4737,12.3244,12.4126,69860,69860,-0.104822,-0.837,12.4024,"Mar 7, 17",0.23415128857779177
2017-03-08,12.3864,12.4737,12.2903,12.2903,33199,33199,-0.122292,-0.985,12.3779,"Mar 8, 17",0.22199132993954812
2017-03-09,12.2816,12.4126,12.1331,12.168,65155,65155,-0.122291,-0.995,12.239,"Mar 9, 17",0.20983137130130433
2017-03-10,12.2554,12.3225,12.1593,12.3078,52528,52528,0.139762,1.149,12.245,"Mar 10, 17",0.22373130766783322
2017-03-13,12.3165,12.3602,12.2728,12.334,49068,49068,0.026204,0.213,12.3091,"Mar 13, 17",0.2263363028953228
2017-03-14,12.299,12.3662,12.2514,12.3078,35060,35060,-0.026204,-0.212,12.3278,"Mar 14, 17",0.22373130766783322
2017-03-15,12.3951,12.4301,12.3165,12.4301,46389,46389,0.122292,0.994,12.3596,"Mar 15, 17",0.23589126630607685
2017-03-16,12.3951,12.4475,12.3043,12.3078,71701,71701,-0.122292,-0.984,12.3391,"Mar 16, 17",0.22373130766783322
2017-03-17,12.3427,12.4039,12.3226,12.3864,57890,57890,0.078616,0.639,12.3777,"Mar 17, 17",0.23154629335030216
2017-03-20,12.3427,12.3951,12.3165,12.334,50030,50030,-0.052412,-0.423,12.3717,"Mar 20, 17",0.2263363028953228
2017-03-21,12.3514,12.465,12.2554,12.2816,71643,71643,-0.05241,-0.425,12.326,"Mar 21, 17",0.22112631244034345
2017-03-22,12.219,12.3887,12.219,12.2458,51439,51439,-0.035733,-0.291,12.2624,"Mar 22, 17",0.21756681514476597
2017-03-23,12.228,12.3262,12.1922,12.2548,106149,106149,0.008932,0.073,12.2579,"Mar 23, 17",0.21846166083359833
2017-03-24,12.228,12.3441,12.228,12.3352,49822,49822,0.080388,0.656,12.3039,"Mar 24, 17",0.22645561565383387
2017-03-27,12.2458,12.3441,12.1922,12.2369,43104,43104,-0.098252,-0.797,12.2735,"Mar 27, 17",0.21668191218580968
2017-03-28,12.2726,12.3977,12.2726,12.3887,38827,38827,0.151846,1.241,12.3273,"Mar 28, 17",0.2317749761374482
2017-03-29,12.3977,12.5585,12.3798,12.5585,31699,31699,0.169709,1.37,12.4305,"Mar 29, 17",0.24865773146675146
2017-03-30,12.5049,12.5853,12.2905,12.5227,30780,30780,-0.035729,-0.285,12.5259,"Mar 30, 17",0.245098234171174
2017-03-31,12.5138,12.7728,12.487,12.7103,108112,108112,0.187574,1.498,12.6203,"Mar 31, 17",0.26375079541838997
2017-04-03,12.6835,12.8086,12.5227,12.6835,163732,163732,-0.026798,-0.211,12.7043,"Apr 3, 17",0.26108614381164486
2017-04-04,12.621,12.7014,12.4514,12.6388,92564,92564,-0.044658,-0.352,12.6204,"Apr 4, 17",0.25664174355711095
2017-04-05,12.6746,12.7728,12.5585,12.5942,47457,47457,-0.044661,-0.353,12.7068,"Apr 5, 17",0.25220728603245307
2017-04-06,12.5942,12.7728,12.5763,12.6924,46453,46453,0.098253,0.78,12.6373,"Apr 6, 17",0.2619710467706012
2017-04-07,12.6746,12.8979,12.667,12.8175,75589,75589,0.125047,0.985,12.8204,"Apr 7, 17",0.27440940184537066
2017-04-10,12.8532,12.8621,12.7531,12.7907,35642,35642,-0.026796,-0.209,12.8111,"Apr 10, 17",0.2717447502386254
2017-04-11,12.7996,12.7996,12.7282,12.7907,31584,31584,0,0,12.781,"Apr 11, 17",0.2717447502386254
2017-04-12,12.7639,12.8175,12.7639,12.7639,73840,73840,-0.026795,-0.209,12.8067,"Apr 12, 17",0.2690800986318802
2017-04-13,12.755,12.8711,12.746,12.8264,50179,50179,0.062524,0.49,12.8212,"Apr 13, 17",0.27529430480432693
2017-04-17,12.8443,12.8889,12.7728,12.7818,33963,33963,-0.04466,-0.348,12.8278,"Apr 17, 17",0.27085984727966905
2017-04-18,12.755,12.88,12.6835,12.7282,60070,60070,-0.053592,-0.419,12.7582,"Apr 18, 17",0.26553054406617865
2017-04-19,12.7639,12.8354,12.755,12.8354,83286,83286,0.107184,0.842,12.791,"Apr 19, 17",0.2761891504931593
2017-04-20,12.8443,12.8711,12.7282,12.7818,56537,56537,-0.053592,-0.418,12.7893,"Apr 20, 17",0.27085984727966905
2017-04-21,12.7728,12.8979,12.7486,12.8443,61685,61685,0.062524,0.489,12.8408,"Apr 21, 17",0.2770740534521158
2017-04-24,12.9068,13.1033,12.8914,12.9783,53193,53193,0.13398,1.043,12.9943,"Apr 24, 17",0.2903973114858415
2017-04-25,12.9961,13.1301,12.9157,13.0587,65877,65877,0.080388,0.619,13.0407,"Apr 25, 17",0.2983912663060769
2017-04-26,13.0497,13.1658,13.0497,13.0587,62921,62921,0,0,13.1155,"Apr 26, 17",0.2983912663060769
2017-04-27,13.0765,13.1569,13.0408,13.148,77408,77408,0.089321,0.684,13.0976,"Apr 27, 17",0.3072701240852687
2017-04-28,13.148,13.2194,13.0408,13.0676,41549,41549,-0.080388,-0.611,13.0977,"Apr 28, 17",0.29927616926503336
2017-05-01,13.0676,13.1658,13.0676,13.1122,49850,49850,0.04466,0.342,13.1269,"May 1, 17",0.30371062678969124
2017-05-02,13.148,13.1569,12.9336,12.9693,52795,52795,-0.142913,-1.09,13.0482,"May 2, 17",0.28950246579700917
2017-05-03,12.9693,12.9693,12.8354,12.8354,50320,50320,-0.13398,-1.033,12.886,"May 3, 17",0.2761891504931593
2017-05-04,12.7818,12.9068,12.6388,12.6746,39524,39524,-0.160776,-1.253,12.7437,"May 4, 17",0.2602012408526884
2017-05-05,12.6567,12.7728,12.612,12.746,26389,26389,0.071456,0.564,12.678,"May 5, 17",0.2673003499840916
2017-05-08,12.746,12.7818,12.6929,12.7728,25995,25995,0.026796,0.21,12.7404,"May 8, 17",0.2699650015908367
2017-05-09,12.746,12.8264,12.746,12.7639,34209,34209,-0.008932,-0.07,12.7637,"May 9, 17",0.2690800986318802
2017-05-10,12.746,12.8532,12.7282,12.7639,62094,62094,0,0,12.7898,"May 10, 17",0.2690800986318802
2017-05-11,12.7818,12.8532,12.7192,12.7192,40963,40963,-0.044661,-0.35,12.7787,"May 11, 17",0.26463569837734646
2017-05-12,12.7282,12.748,12.5763,12.5763,33922,33922,-0.142913,-1.124,12.6518,"May 12, 17",0.2504275373846642
2017-05-15,12.6835,12.755,12.6549,12.6746,53005,53005,0.098254,0.781,12.6978,"May 15, 17",0.2602012408526884
2017-05-16,12.6299,12.7639,12.6299,12.7103,36684,36684,0.035728,0.282,12.7139,"May 16, 17",0.26375079541838997
2017-05-17,12.6478,12.6835,12.5138,12.5138,39895,39895,-0.196506,-1.546,12.6083,"May 17, 17",0.24421333121221753
2017-05-18,12.4691,12.5763,12.4245,12.5138,29848,29848,0,0,12.5429,"May 18, 17",0.24421333121221753
2017-05-19,12.5585,12.755,12.5585,12.6656,31830,31830,0.151845,1.213,12.696,"May 19, 17",0.25930639516385606
2017-05-22,12.7371,12.7728,12.6219,12.6478,56962,56962,-0.017864,-0.141,12.6887,"May 22, 17",0.2575365892459433
2017-05-23,12.7103,12.8219,12.6925,12.7371,57545,57545,0.08932,0.706,12.7458,"May 23, 17",0.2664154470251351
2017-05-24,12.7371,12.7907,12.7282,12.7639,28374,28374,0.026797,0.21,12.7668,"May 24, 17",0.2690800986318802
2017-05-25,12.7907,12.8264,12.7371,12.7907,31449,31449,0.026795,0.21,12.7872,"May 25, 17",0.2717447502386254
2017-05-26,12.746,12.755,12.6746,12.7192,36943,36943,-0.071456,-0.559,12.7259,"May 26, 17",0.26463569837734646
2017-05-30,12.6656,12.8443,12.6567,12.7907,38430,38430,0.071456,0.562,12.7545,"May 30, 17",0.2717447502386254
2017-05-31,12.755,12.755,12.612,12.7014,66227,66227,-0.08932,-0.698,12.6571,"May 31, 17",0.26286589245943354
2017-06-01,12.6567,12.7282,12.6299,12.7014,47225,47225,0,0,12.683,"Jun 1, 17",0.26286589245943354
2017-06-02,12.6656,12.8315,12.6656,12.746,45622,45622,0.044661,0.352,12.7735,"Jun 2, 17",0.2673003499840916
2017-06-05,12.7103,12.7639,12.6835,12.7549,20443,20443,0.008841,0.069,12.7324,"Jun 5, 17",0.26818525294304785
2017-06-06,12.6835,12.7639,12.6835,12.7192,26793,26793,-0.035638,-0.279,12.7304,"Jun 6, 17",0.26463569837734646
2017-06-07,12.6835,12.7639,12.6835,12.746,37314,37314,0.026797,0.211,12.7258,"Jun 7, 17",0.2673003499840916
2017-06-08,12.7371,12.7639,12.6746,12.746,43405,43405,0,0,12.7235,"Jun 8, 17",0.2673003499840916
2017-06-09,12.7282,12.755,12.6835,12.7192,28770,28770,-0.026797,-0.21,12.7251,"Jun 9, 17",0.26463569837734646
2017-06-12,12.7818,12.7818,12.7014,12.746,19877,19877,0.026797,0.211,12.7395,"Jun 12, 17",0.2673003499840916
2017-06-13,12.8086,12.8086,12.7371,12.7639,33777,33777,0.017864,0.14,12.7703,"Jun 13, 17",0.2690800986318802
2017-06-14,12.8264,12.8621,12.7818,12.8175,39463,39463,0.053591,0.42,12.8171,"Jun 14, 17",0.27440940184537066
2017-06-15,12.7996,12.8371,12.7371,12.7996,20739,20739,-0.017862,-0.139,12.7873,"Jun 15, 17",0.2726296531975818
2017-06-16,12.8443,12.9067,12.7996,12.8443,24004,24004,0.044659,0.349,12.8464,"Jun 16, 17",0.2770740534521158
2017-06-19,12.8979,13.0943,12.8722,12.9068,54447,54447,0.062524,0.487,12.9267,"Jun 19, 17",0.2832882596245625
2017-06-20,12.8889,12.9068,12.746,12.9068,47248,47248,0,0,12.8735,"Jun 20, 17",0.2832882596245625
2017-06-21,12.9616,13.0346,12.8511,12.8612,43274,43274,-0.045644,-0.354,12.908,"Jun 21, 17",0.27875437480114534
2017-06-22,12.9251,12.9707,12.8155,12.8703,58273,58273,0.00913,0.071,12.8954,"Jun 22, 17",0.27965916321985357
2017-06-23,12.9251,13.0346,12.8703,13.0072,30351,30351,0.136917,1.064,12.9233,"Jun 23, 17",0.29327076041998074
2017-06-26,13.0163,13.1076,12.9251,12.9251,43546,43546,-0.082151,-0.632,13.0039,"Jun 26, 17",0.28510777919185487
2017-06-27,12.9616,13.0225,12.9478,12.9707,31767,31767,0.045639,0.353,12.987,"Jun 27, 17",0.289641664015272
2017-06-28,12.989,13.0528,12.9392,13.0255,40214,40214,0.054767,0.422,13.0115,"Jun 28, 17",0.2950902799872731
2017-06-29,12.9798,13.0437,12.8795,12.9707,36593,36593,-0.054767,-0.42,12.979,"Jun 29, 17",0.289641664015272
2017-06-30,12.9798,13.0437,12.9251,12.9798,59441,59441,0.009128,0.07,12.9937,"Jun 30, 17",0.2905464524339801
2017-07-03,13.0346,13.281,12.9753,13.2628,111866,111866,0.282964,2.18,13.212,"Jul 3, 17",0.3186843779828189
2017-07-05,13.2719,13.3084,13.135,13.135,52308,52308,-0.12779,-0.964,13.2454,"Jul 5, 17",0.3059775692013998
2017-07-06,13.0802,13.173,12.9251,12.9342,45567,45567,-0.200813,-1.529,13.0109,"Jul 6, 17",0.2860125676105631
2017-07-07,12.9159,13.208,12.9068,12.9524,45250,45250,0.018255,0.141,13.0017,"Jul 7, 17",0.2878221444479796
2017-07-10,12.9707,13.0072,12.8703,13.0072,93946,93946,0.054768,0.423,12.9453,"Jul 10, 17",0.29327076041998074
2017-07-11,12.9981,13.0072,12.9501,13.0072,58481,58481,0,0,12.9876,"Jul 11, 17",0.29327076041998074
2017-07-12,13.0255,13.2354,13.0255,13.1898,51377,51377,0.182558,1.404,13.1438,"Jul 12, 17",0.3114261851734011
2017-07-13,13.1441,13.2308,13.062,13.062,55838,55838,-0.127791,-0.969,13.1707,"Jul 13, 17",0.29871937639198204
2017-07-14,13.0711,13.281,13.0528,13.2354,61095,61095,0.17343,1.328,13.2335,"Jul 14, 17",0.31596006999681825
2017-07-17,13.2902,13.3084,13.2354,13.2902,51162,51162,0.054767,0.414,13.2847,"Jul 17, 17",0.32140868596881955
2017-07-18,13.3267,13.3267,13.2445,13.281,39705,39705,-0.009129,-0.069,13.279,"Jul 18, 17",0.3204939548202354
2017-07-19,13.3084,13.3358,13.2354,13.2537,29880,29880,-0.027383,-0.206,13.2707,"Jul 19, 17",0.3177795895641106
2017-07-20,13.2902,13.3358,13.2656,13.3267,33536,33536,0.073023,0.551,13.2923,"Jul 20, 17",0.3250377823735284
2017-07-21,13.3267,13.3389,13.2579,13.281,37029,37029,-0.04564,-0.342,13.2986,"Jul 21, 17",0.3204939548202354
2017-07-24,13.2902,13.3358,13.208,13.208,23792,23792,-0.073021,-0.55,13.2676,"Jul 24, 17",0.3132357620108176
2017-07-25,13.2628,13.2993,13.2288,13.2537,27190,27190,0.045638,0.346,13.2604,"Jul 25, 17",0.3177795895641106
2017-07-26,13.3267,13.3267,13.1806,13.1806,48314,48314,-0.073023,-0.551,13.2554,"Jul 26, 17",0.31051145402481695
2017-07-27,13.2628,13.2628,13.1533,13.1533,54645,54645,-0.027383,-0.208,13.2017,"Jul 27, 17",0.3077970887686922
2017-07-28,13.2172,13.2537,13.1076,13.2172,30825,30825,0.063895,0.486,13.1796,"Jul 28, 17",0.31415049315940174
2017-07-31,13.1806,13.247,13.1806,13.2354,31075,31075,0.018256,0.138,13.2219,"Jul 31, 17",0.31596006999681825
2017-08-01,13.2628,13.2902,13.1745,13.1898,54399,54399,-0.045639,-0.345,13.2182,"Aug 1, 17",0.3114261851734011
2017-08-02,13.2172,13.2537,13.1806,13.2537,48992,48992,0.063894,0.484,13.2323,"Aug 2, 17",0.3177795895641106
2017-08-03,13.1989,13.2445,13.1624,13.2354,34296,34296,-0.018255,-0.138,13.2034,"Aug 3, 17",0.31596006999681825
2017-08-04,13.2354,13.2354,13.156,13.208,35818,35818,-0.027383,-0.207,13.1931,"Aug 4, 17",0.3132357620108176
2017-08-07,13.1806,13.1898,13.135,13.1487,40869,40869,-0.059333,-0.449,13.1686,"Aug 7, 17",0.3073397231944001
2017-08-08,13.0802,13.1441,12.9707,12.9707,43096,43096,-0.177993,-1.354,13.0684,"Aug 8, 17",0.289641664015272
2017-08-09,13.062,13.0711,12.8977,12.8977,43060,43060,-0.073022,-0.563,12.9951,"Aug 9, 17",0.2823834712058542
2017-08-10,12.8885,13.0346,12.4322,12.6877,101325,101325,-0.209941,-1.628,12.6404,"Aug 10, 17",0.2615037384664332
2017-08-11,12.423,12.7334,12.3683,12.706,52484,52484,0.018255,0.144,12.6309,"Aug 11, 17",0.2633232580337256
2017-08-14,12.7608,12.8703,12.7608,12.8703,38396,38396,0.164303,1.293,12.8239,"Aug 14, 17",0.27965916321985357
2017-08-15,12.8885,12.9159,12.7699,12.7699,47893,47893,-0.100407,-0.78,12.8347,"Aug 15, 17",0.26967666242443517
2017-08-16,12.8703,12.9159,12.8323,12.8703,31577,31577,0.100407,0.786,12.8814,"Aug 16, 17",0.27965916321985357
2017-08-17,12.8794,12.8794,12.6969,12.7151,47025,47025,-0.155175,-1.206,12.7922,"Aug 17, 17",0.26422804645243386
2017-08-18,12.6969,12.7699,12.5782,12.6421,80313,80313,-0.073024,-0.574,12.7002,"Aug 18, 17",0.25696985364301606
2017-08-21,12.6695,12.6969,12.5965,12.633,36918,36918,-0.009127,-0.072,12.6357,"Aug 21, 17",0.25606506522430783
2017-08-22,12.6695,12.7242,12.5599,12.6786,37488,37488,0.04564,0.361,12.6688,"Aug 22, 17",0.26059895004772493
2017-08-23,12.6969,12.8338,12.6238,12.6238,47246,47246,-0.054767,-0.432,12.7486,"Aug 23, 17",0.2551503340757237
2017-08-24,12.6421,12.852,12.6147,12.6969,46018,46018,0.073022,0.578,12.7144,"Aug 24, 17",0.26241846961501736
2017-08-25,12.7242,12.8969,12.6695,12.779,64605,64605,0.082151,0.647,12.8125,"Aug 25, 17",0.2705814508431434
2017-08-28,12.9342,12.9707,12.829,12.9068,36555,36555,0.127791,1,12.881,"Aug 28, 17",0.2832882596245625
2017-08-29,12.8794,12.9068,12.8064,12.9068,46093,46093,0,0,12.8531,"Aug 29, 17",0.2832882596245625
2017-08-30,12.8429,12.9433,12.8338,12.8885,40687,40687,-0.018256,-0.141,12.8895,"Aug 30, 17",0.2814687400572701
2017-08-31,12.9159,13.0255,12.852,13.0255,57576,57576,0.136917,1.062,12.9678,"Aug 31, 17",0.2950902799872731
2017-09-01,13.0255,13.1259,13.0163,13.0528,27141,27141,0.027383,0.21,13.0834,"Sep 1, 17",0.2978046452433979
2017-09-05,13.0528,13.1031,12.8703,12.9159,30638,30638,-0.136917,-1.049,13.0112,"Sep 5, 17",0.2841930480432707
2017-09-06,12.9068,13.0528,12.8794,12.9798,66386,66386,0.063895,0.495,12.9924,"Sep 6, 17",0.2905464524339801
2017-09-07,12.9981,13.0985,12.9707,13.0437,56043,56043,0.063895,0.492,13.0319,"Sep 7, 17",0.2968998568246896
2017-09-08,13.0163,13.0437,12.9342,12.9342,36524,36524,-0.109534,-0.84,13.0004,"Sep 8, 17",0.2860125676105631
2017-09-11,12.9981,13.1259,12.9981,13.0802,42214,42214,0.146046,1.129,13.0696,"Sep 11, 17",0.30052895322939854
2017-09-12,13.0894,13.1076,13.0638,13.0985,48188,48188,0.018256,0.14,13.0913,"Sep 12, 17",0.3023484727966909
2017-09-13,13.0346,13.1624,13.0346,13.1533,43967,43967,0.054767,0.418,13.1367,"Sep 13, 17",0.3077970887686922
2017-09-14,13.135,13.1715,13.1104,13.1624,27959,27959,0.009127,0.069,13.1523,"Sep 14, 17",0.30870187718740044
2017-09-15,13.1715,13.1952,13.1441,13.1898,26877,26877,0.027385,0.208,13.1841,"Sep 15, 17",0.3114261851734011
2017-09-18,13.1806,13.2083,13.1441,13.1806,41581,41581,-0.009129,-0.069,13.1782,"Sep 18, 17",0.31051145402481695
2017-09-19,13.1989,13.2263,13.1442,13.1989,50487,50487,0.018257,0.139,13.1843,"Sep 19, 17",0.3123309735921094
2017-09-20,13.1715,13.4088,13.1715,13.4088,78227,78227,0.20994,1.591,13.2742,"Sep 20, 17",0.3332007636016543
2017-09-21,13.3622,13.3622,13.1664,13.2037,43794,43794,-0.205139,-1.53,13.2521,"Sep 21, 17",0.3128082246261532
2017-09-22,13.185,13.4182,13.185,13.3063,31843,31843,0.102571,0.777,13.2577,"Sep 22, 17",0.3230094654788418
2017-09-25,13.3809,13.3809,13.2969,13.3529,29495,29495,0.046622,0.35,13.3232,"Sep 25, 17",0.327642777601018
2017-09-26,13.3995,13.427,13.3157,13.3995,39926,39926,0.046624,0.349,13.3732,"Sep 26, 17",0.3322760897231943
2017-09-27,13.4461,13.4741,13.2981,13.4088,28661,28661,0.009325,0.07,13.3739,"Sep 27, 17",0.3332007636016543
2017-09-28,13.4741,13.4741,13.3156,13.3995,39973,39973,-0.009325,-0.07,13.3826,"Sep 28, 17",0.3322760897231943
2017-09-29,13.4368,13.558,13.4368,13.558,64783,64783,0.158519,1.183,13.5097,"Sep 29, 17",0.34803531657651915
2017-10-02,13.6606,13.6606,13.4741,13.4741,74820,74820,-0.083922,-0.619,13.5617,"Oct 2, 17",0.3396933662106267
2017-10-03,13.5207,13.6326,13.4648,13.5674,89325,89325,0.093247,0.692,13.5802,"Oct 3, 17",0.34896993318485503
2017-10-04,13.5114,13.586,13.4834,13.5487,63369,63369,-0.018649,-0.137,13.528,"Oct 4, 17",0.3471106426980591
2017-10-05,13.5207,13.642,13.5207,13.614,51263,51263,0.065272,0.482,13.5977,"Oct 5, 17",0.35360324530703147
2017-10-06,13.614,13.6886,13.614,13.6886,40341,40341,0.074597,0.548,13.6621,"Oct 6, 17",0.3610205217944637
2017-10-09,13.6606,13.7166,13.6466,13.6979,32602,32602,0.009325,0.068,13.6857,"Oct 9, 17",0.36194519567292394
2017-10-10,13.6979,13.6979,13.558,13.558,68880,68880,-0.13987,-1.021,13.6493,"Oct 10, 17",0.34803531657651915
2017-10-11,13.5487,13.6979,13.5394,13.6606,30622,30622,0.102572,0.757,13.6402,"Oct 11, 17",0.35823655742920774
2017-10-12,13.614,13.6606,13.586,13.586,62742,62742,-0.074598,-0.546,13.6304,"Oct 12, 17",0.3508192809417753
2017-10-13,13.6047,13.6326,13.5768,13.614,26691,26691,0.027974,0.206,13.6126,"Oct 13, 17",0.35360324530703147
2017-10-16,13.5767,13.614,13.5487,13.558,15151,15151,-0.055948,-0.411,13.5844,"Oct 16, 17",0.34803531657651915
2017-10-17,13.5021,13.5711,13.4834,13.5207,30272,30272,-0.037298,-0.275,13.5222,"Oct 17, 17",0.34432667833280295
2017-10-18,13.5394,13.586,13.4741,13.5114,64378,64378,-0.009325,-0.069,13.5231,"Oct 18, 17",0.3434020044543429
2017-10-19,13.5301,13.5394,13.3902,13.4182,75312,75312,-0.093247,-0.69,13.4574,"Oct 19, 17",0.3341353802099904
2017-10-20,13.4741,13.4834,13.3436,13.3436,41777,41777,-0.074597,-0.556,13.4407,"Oct 20, 17",0.326718103722558
2017-10-23,13.3342,13.4806,13.2596,13.4376,38333,38333,0.093993,0.704,13.417,"Oct 23, 17",0.3360642698059178
2017-10-24,13.4461,13.5207,13.3342,13.4741,57256,57256,0.036552,0.272,13.4672,"Oct 24, 17",0.3396933662106267
2017-10-25,13.4368,13.4368,13.2787,13.3485,98475,98475,-0.125603,-0.932,13.373,"Oct 25, 17",0.32720529748647775
2017-10-26,13.3622,13.4088,13.3063,13.3436,71932,71932,-0.004942,-0.037,13.3463,"Oct 26, 17",0.326718103722558
2017-10-27,13.3342,13.4088,13.2969,13.3063,45765,45765,-0.037298,-0.28,13.3336,"Oct 27, 17",0.3230094654788418
2017-10-30,13.241,13.3995,13.2037,13.222,45504,45504,-0.084295,-0.633,13.2774,"Oct 30, 17",0.3146277441934456
2017-10-31,13.2969,13.3342,13.1944,13.3342,38011,38011,0.112268,0.849,13.2517,"Oct 31, 17",0.3257834871142219
2017-11-01,13.2969,13.3063,13.0732,13.213,81285,81285,-0.121219,-0.909,13.159,"Nov 1, 17",0.3137328985046132
2017-11-02,13.2223,13.2223,13.0545,13.1198,85513,85513,-0.093247,-0.706,13.1404,"Nov 2, 17",0.3044662742602608
2017-11-03,13.1477,13.1664,13.1011,13.1291,26452,26452,0.009324,0.071,13.1305,"Nov 3, 17",0.3053909481387208
2017-11-06,13.1198,13.1888,13.0825,13.1384,34255,34255,0.009326,0.071,13.1247,"Nov 6, 17",0.306315622017181
2017-11-07,13.1011,13.2317,13.0639,13.1291,46596,46596,-0.009326,-0.071,13.1669,"Nov 7, 17",0.3053909481387208
2017-11-08,13.1011,13.1757,13.0639,13.1105,44917,44917,-0.018649,-0.142,13.1154,"Nov 8, 17",0.3035416003818007
2017-11-09,13.0359,13.0825,12.9613,13.0452,42795,42795,-0.065272,-0.498,13.014,"Nov 9, 17",0.29704899777282834
2017-11-10,12.9986,13.0265,12.9571,12.9706,45500,45500,-0.074598,-0.572,12.9935,"Nov 10, 17",0.28963172128539594
2017-11-13,12.9426,12.9986,12.8641,12.896,28382,28382,-0.074597,-0.575,12.9175,"Nov 13, 17",0.2822144447979637
2017-11-14,12.84,12.84,12.7217,12.8121,19158,19158,-0.083922,-0.651,12.7972,"Nov 14, 17",0.27387249443207107
2017-11-15,12.7748,12.7748,12.6723,12.7375,26718,26718,-0.074596,-0.582,12.7348,"Nov 15, 17",0.26645521794463883
2017-11-16,12.7561,12.8494,12.7188,12.8121,54282,54282,0.074596,0.586,12.7831,"Nov 16, 17",0.27387249443207107
2017-11-17,12.7934,12.8867,12.7934,12.8307,31963,31963,0.018649,0.146,12.8407,"Nov 17, 17",0.2757218421889913
2017-11-20,12.868,12.883,12.7748,12.8027,70110,70110,-0.027973,-0.218,12.8287,"Nov 20, 17",0.2729378778237352
2017-11-21,12.8121,12.9601,12.8027,12.8867,44291,44291,0.083922,0.656,12.9011,"Nov 21, 17",0.2812897709195035
2017-11-22,12.924,12.924,12.7561,12.8494,156433,156433,-0.037299,-0.289,12.8179,"Nov 22, 17",0.27758113267578727
2017-11-24,12.8867,12.924,12.8307,12.8867,23666,23666,0.037299,0.29,12.8843,"Nov 24, 17",0.2812897709195035
2017-11-27,13.0452,13.0452,12.84,12.8494,57630,57630,-0.037299,-0.289,12.8576,"Nov 27, 17",0.27758113267578727
2017-11-28,12.8214,12.8307,12.7561,12.8214,42933,42933,-0.027974,-0.218,12.8034,"Nov 28, 17",0.2747971683105313
2017-11-29,12.8214,12.868,12.7654,12.8121,52280,52280,-0.009325,-0.073,12.8011,"Nov 29, 17",0.27387249443207107
2017-11-30,12.7934,12.924,12.7934,12.8307,89365,89365,0.018649,0.146,12.8587,"Nov 30, 17",0.2757218421889913
2017-12-01,12.8121,12.9519,12.8121,12.8307,78055,78055,0,0,12.866,"Dec 1, 17",0.2757218421889913
2017-12-04,12.868,12.9333,12.7654,12.7654,162407,162407,-0.065272,-0.509,12.8383,"Dec 4, 17",0.26922923958001893
2017-12-05,12.8214,12.868,12.7933,12.8027,67454,67454,0.037299,0.292,12.8411,"Dec 5, 17",0.2729378778237352
2017-12-06,12.8027,12.8307,12.7748,12.7748,51435,51435,-0.027974,-0.219,12.8117,"Dec 6, 17",0.27016385618835503
2017-12-07,12.7654,12.868,12.7561,12.7934,75504,75504,0.018649,0.146,12.8267,"Dec 7, 17",0.2720132039452751
2017-12-08,12.8307,12.8586,12.7748,12.8121,70178,70178,0.018649,0.146,12.8091,"Dec 8, 17",0.27387249443207107
2017-12-11,12.7748,12.868,12.7748,12.868,50706,50706,0.055948,0.437,12.853,"Dec 11, 17",0.2794304804327075
2017-12-12,12.8307,12.9613,12.8307,12.8773,85865,85865,0.009325,0.072,12.8776,"Dec 12, 17",0.2803551543111676
2017-12-13,12.8773,12.9613,12.8494,12.9146,136096,136096,0.037299,0.29,12.881,"Dec 13, 17",0.2840637925548838
2017-12-14,12.9659,13.0079,12.8587,12.924,70976,70976,0.009324,0.072,12.9381,"Dec 14, 17",0.2849984091632197
2017-12-15,13.0265,13.0638,12.9146,12.9799,60952,60952,0.055948,0.433,13.0095,"Dec 15, 17",0.2905563951638562
2017-12-18,13.0452,13.1198,12.9892,13.1198,148575,148575,0.13987,1.078,13.0495,"Dec 18, 17",0.3044662742602608
2017-12-19,13.1105,13.1477,13.0452,13.0545,65502,65502,-0.065273,-0.498,13.1029,"Dec 19, 17",0.2979736716512886
2017-12-20,13.0452,13.0825,13.0172,13.0452,52785,52785,-0.009324,-0.071,13.045,"Dec 20, 17",0.29704899777282834
2017-12-21,12.9985,13.1119,12.9404,12.988,112181,112181,-0.057212,-0.439,13.0254,"Dec 21, 17",0.2913617562838051
2017-12-22,13.0261,13.1215,12.988,13.1215,67543,67543,0.133504,1.028,13.0136,"Dec 22, 17",0.30463530066815125
2017-12-26,13.0643,13.0829,12.9498,13.0452,73736,73736,-0.076288,-0.581,13.0319,"Dec 26, 17",0.29704899777282834
2017-12-27,13.0261,13.1405,13.0261,13.1024,74474,74474,0.057216,0.439,13.0948,"Dec 27, 17",0.30273623926185156
2017-12-28,13.0643,13.255,13.0643,13.255,110223,110223,0.152575,1.164,13.1826,"Dec 28, 17",0.3179088450524976
2017-12-29,13.3789,13.3789,13.2664,13.3027,85170,85170,0.04768,0.36,13.3029,"Dec 29, 17",0.3226515272033088
2018-01-02,13.3313,13.4552,13.2931,13.4552,101004,101004,0.152575,1.147,13.4032,"Jan 2, 18",0.3378141902640788
2018-01-03,13.4552,13.4981,13.4171,13.4552,92332,92332,0,0,13.4569,"Jan 3, 18",0.3378141902640788
2018-01-04,13.4266,13.522,13.4266,13.4838,90263,90263,0.028608,0.213,13.4917,"Jan 4, 18",0.34065781100859044
2018-01-05,13.5029,13.522,13.3789,13.4838,80790,80790,0,0,13.4363,"Jan 5, 18",0.34065781100859044
2018-01-08,13.4648,13.5411,13.4409,13.522,45990,45990,0.038143,0.283,13.4959,"Jan 8, 18",0.3444559338211899
2018-01-09,13.5029,13.5697,13.4266,13.4457,134594,134594,-0.076287,-0.564,13.48,"Jan 9, 18",0.33686963092586697
2018-01-10,13.4075,13.4743,13.3981,13.4552,57173,57173,0.009536,0.071,13.4339,"Jan 10, 18",0.3378141902640788
2018-01-11,13.4552,13.5601,13.4552,13.5411,67374,67374,0.085823,0.638,13.5188,"Jan 11, 18",0.3463549952274896
2018-01-12,13.5124,13.684,13.5124,13.6459,61020,61020,0.104896,0.775,13.6231,"Jan 12, 18",0.35677497613744813
2018-01-16,13.7318,13.789,13.6173,13.6364,79419,79419,-0.009536,-0.07,13.6896,"Jan 16, 18",0.3558304167992363
2018-01-17,13.6746,13.6841,13.6117,13.6826,45233,45233,0.046154,0.338,13.6616,"Jan 17, 18",0.36042395800190896
2018-01-18,13.6841,13.7318,13.5983,13.6459,307968,307968,-0.036618,-0.268,13.6946,"Jan 18, 18",0.35677497613744813
2018-01-19,13.665,13.7222,13.6555,13.7222,48485,48485,0.076287,0.559,13.6808,"Jan 19, 18",0.3643612790327712
2018-01-22,13.7413,13.8176,13.707,13.789,49375,49375,0.066752,0.486,13.7761,"Jan 22, 18",0.37100302258988216
2018-01-23,13.8176,13.9025,13.8082,13.8939,69407,69407,0.104896,0.761,13.8513,"Jan 23, 18",0.38143294622971674
2018-01-24,13.9034,14.0178,13.8891,13.9225,66242,66242,0.028607,0.206,13.9485,"Jan 24, 18",0.3842765669742283
2018-01-25,13.9416,13.9511,13.8662,13.8939,40182,40182,-0.028607,-0.205,13.9121,"Jan 25, 18",0.38143294622971674
2018-01-26,13.9225,14.0655,13.8748,14.0655,51136,51136,0.171647,1.235,13.9503,"Jan 26, 18",0.3984946706967864
2018-01-29,13.9797,14.0083,13.8176,13.8176,45075,45075,-0.247935,-1.763,13.9057,"Jan 29, 18",0.3738466433343938
2018-01-30,13.7032,13.7413,13.5601,13.5601,48490,48490,-0.257471,-1.863,13.6317,"Jan 30, 18",0.3482441139039134
2018-01-31,13.5792,13.6555,13.4743,13.4743,61463,61463,-0.085823,-0.633,13.5315,"Jan 31, 18",0.33971325167037847
2018-02-01,13.4457,13.5983,13.4075,13.4648,29444,29444,-0.009536,-0.071,13.5466,"Feb 1, 18",0.33876869233216667
2018-02-02,13.3694,13.4171,13.1788,13.274,45498,45498,-0.190719,-1.416,13.2879,"Feb 2, 18",0.3197979637289212
2018-02-05,13.1596,13.1596,12.3109,12.7782,175821,175821,-0.49587,-3.736,12.7687,"Feb 5, 18",0.27050190900413607
2018-02-06,12.6065,12.9403,12.4921,12.9403,131161,131161,0.162111,1.269,12.7796,"Feb 6, 18",0.2866190741329939
2018-02-07,12.9689,13.1501,12.9498,12.9975,60390,60390,0.057216,0.442,13.0655,"Feb 7, 18",0.29230631562201714
2018-02-08,12.9594,12.9594,12.6542,12.6924,59398,59398,-0.30515,-2.348,12.8471,"Feb 8, 18",0.2619710467706012
2018-02-09,12.7591,12.8068,12.5302,12.7496,80183,80183,0.057215,0.451,12.6555,"Feb 9, 18",0.2676582882596244
2018-02-12,12.8068,12.9594,12.719,12.864,49431,49431,0.114432,0.898,12.8153,"Feb 12, 18",0.279032771237671
2018-02-13,12.8068,12.9689,12.8068,12.9117,41313,41313,0.04768,0.371,12.8765,"Feb 13, 18",0.2837754533884822
2018-02-14,12.8354,13.0547,12.8354,13.0356,30407,30407,0.123967,0.96,12.9665,"Feb 14, 18",0.29609449570474067
2018-02-15,13.0643,13.1215,13.0193,13.1119,66289,66289,0.076288,0.585,13.0647,"Feb 15, 18",0.3036807986000636
2018-02-16,13.1501,13.2075,13.1119,13.131,48893,48893,0.019071,0.145,13.1533,"Feb 16, 18",0.3055798600063633
2018-02-20,13.0547,13.1307,12.9314,12.9498,41151,41151,-0.181183,-1.38,13.0548,"Feb 20, 18",0.2875636334712057
2018-02-21,12.9784,13.0547,12.8449,12.864,39144,39144,-0.085823,-0.663,12.9691,"Feb 21, 18",0.279032771237671
2018-02-22,12.8068,12.9021,12.721,12.721,78432,78432,-0.143039,-1.112,12.8381,"Feb 22, 18",0.26481466751511284
2018-02-23,12.7496,12.8449,12.7496,12.7877,80247,80247,0.066751,0.525,12.7918,"Feb 23, 18",0.2714464683423479
2018-02-26,12.7972,12.9021,12.7972,12.8831,36219,36219,0.09536,0.746,12.8716,"Feb 26, 18",0.2809318326439707
2018-02-27,12.8735,12.9689,12.7782,12.7972,34910,34910,-0.085824,-0.666,12.853,"Feb 27, 18",0.2723910276805599
2018-02-28,12.864,12.864,12.5971,12.6351,46985,46985,-0.162111,-1.267,12.721,"Feb 28, 18",0.25627386255170204
2018-03-01,12.5875,12.6637,12.4063,12.4253,80136,80136,-0.209791,-1.66,12.5422,"Mar 1, 18",0.23541401527203298
2018-03-02,12.3395,12.5112,12.3363,12.5016,51199,51199,0.076288,0.614,12.4066,"Mar 2, 18",0.24300031816735593
2018-03-05,12.4253,12.6733,12.4253,12.6733,49406,49406,0.171647,1.373,12.5936,"Mar 5, 18",0.2600719853643015
2018-03-06,12.6733,12.6733,12.5493,12.6161,56781,56781,-0.057216,-0.451,12.6004,"Mar 6, 18",0.25438474387527826
2018-03-07,12.5493,12.6351,12.5217,12.6256,36134,36134,0.009536,0.076,12.5797,"Mar 7, 18",0.25532930321349023
2018-03-08,12.7019,12.7019,12.5684,12.6256,39922,39922,0,0,12.6249,"Mar 8, 18",0.25532930321349023
2018-03-09,12.7782,12.7782,12.7114,12.7782,47456,47456,0.152575,1.208,12.7637,"Mar 9, 18",0.27050190900413607
2018-03-12,12.8259,12.8259,12.721,12.7591,55819,55819,-0.019072,-0.149,12.7586,"Mar 12, 18",0.26860284759783637
2018-03-13,12.864,12.864,12.6828,12.7305,58316,58316,-0.028608,-0.224,12.7795,"Mar 13, 18",0.2657592268533247
2018-03-14,12.8068,12.8068,12.6161,12.6733,62460,62460,-0.057215,-0.449,12.6827,"Mar 14, 18",0.2600719853643015
2018-03-15,12.7114,12.7114,12.3872,12.5875,93963,93963,-0.085824,-0.677,12.5404,"Mar 15, 18",0.2515411231307667
2018-03-16,12.5684,12.6447,12.5684,12.6447,55491,55491,0.057216,0.455,12.6082,"Mar 16, 18",0.25722836461978993
2018-03-19,12.6351,12.6351,12.3014,12.4158,71304,71304,-0.228863,-1.81,12.3943,"Mar 19, 18",0.23446945593382118
2018-03-20,12.4921,12.4921,12.3823,12.4253,73639,73639,0.009536,0.077,12.4308,"Mar 20, 18",0.23541401527203298
2018-03-21,12.3967,12.5398,12.3967,12.473,81823,81823,0.04768,0.384,12.4818,"Mar 21, 18",0.2401566974228444
2018-03-22,12.3851,12.434,12.2679,12.307,81070,81070,-0.166051,-1.331,12.3556,"Mar 22, 18",0.2236517658288259
2018-03-23,12.346,12.3949,12.0432,12.0433,91227,91227,-0.26372,-2.143,12.1974,"Mar 23, 18",0.19743278714603876
2018-03-26,12.2288,12.2484,12.0335,12.1409,66137,66137,0.097674,0.811,12.0966,"Mar 26, 18",0.20713689150493153
2018-03-27,12.1702,12.2777,12.014,12.0628,62353,62353,-0.07814,-0.644,12.1514,"Mar 27, 18",0.19937161947184204
2018-03-28,12.1312,12.18,12.0452,12.1214,49676,49676,0.058605,0.486,12.1253,"Mar 28, 18",0.2051980591791281
2018-03-29,12.18,12.3851,12.1312,12.3265,94403,94403,0.205116,1.692,12.2509,"Mar 29, 18",0.22559059815462917
2018-04-02,12.3558,12.4144,11.9358,12.0237,104261,104261,-0.30279,-2.456,12.1597,"Apr 2, 18",0.19548401209035943
2018-04-03,12.1312,12.2386,11.9846,12.18,108806,108806,0.156279,1.3,12.1189,"Apr 3, 18",0.21102449888641414
2018-04-04,12.053,12.307,12.0335,12.2972,76042,76042,0.117209,0.962,12.1534,"Apr 4, 18",0.22267737830098625
2018-04-05,12.3558,12.3949,12.2386,12.3949,57582,57582,0.097674,0.794,12.3429,"Apr 5, 18",0.2323914253897549
2018-04-06,12.2972,12.3753,12.1605,12.2093,36923,36923,-0.185581,-1.497,12.254,"Apr 6, 18",0.21393771874005724
2018-04-09,12.2874,12.307,12.1507,12.1898,72943,72943,-0.019535,-0.16,12.2525,"Apr 9, 18",0.2119988864142538
2018-04-10,12.2874,12.434,12.2874,12.3656,42021,42021,0.175814,1.442,12.3782,"Apr 10, 18",0.22947820553611195
2018-04-11,12.3851,12.4144,12.3439,12.3949,40348,40348,0.029302,0.237,12.3919,"Apr 11, 18",0.2323914253897549
2018-04-12,12.4242,12.4828,12.3949,12.3949,47110,47110,0,0,12.4409,"Apr 12, 18",0.2323914253897549
2018-04-13,12.4926,12.4926,12.4063,12.4535,32764,32764,0.058605,0.473,12.443,"Apr 13, 18",0.23821786509704096
2018-04-16,12.5121,12.6229,12.5121,12.5316,22589,22589,0.07814,0.627,12.5433,"Apr 16, 18",0.24598313713013029
2018-04-17,12.5902,12.7172,12.5902,12.6586,22922,22922,0.126976,1.013,12.6642,"Apr 17, 18",0.25861040407254204
2018-04-18,12.6977,12.6977,12.5609,12.5707,45704,45704,-0.087907,-0.694,12.6123,"Apr 18, 18",0.24987074451161306
2018-04-19,12.5121,12.6,12.4945,12.5316,53156,53156,-0.039069,-0.311,12.5539,"Apr 19, 18",0.24598313713013029
2018-04-20,12.5707,12.7465,12.4437,12.7465,70785,70785,0.214883,1.715,12.4929,"Apr 20, 18",0.267350063633471
2018-04-23,12.6879,12.7074,12.5121,12.5414,43374,43374,-0.205116,-1.609,12.5811,"Apr 23, 18",0.24695752465796994
2018-04-24,12.6293,12.6293,12.2777,12.2972,72665,72665,-0.244186,-1.947,12.4195,"Apr 24, 18",0.22267737830098625
2018-04-25,12.3167,12.3753,12.2679,12.3753,37780,37780,0.078139,0.635,12.3109,"Apr 25, 18",0.23044265033407557
2018-04-26,12.346,12.4926,12.346,12.4828,36623,36623,0.107442,0.868,12.4307,"Apr 26, 18",0.2411310849506839
2018-04-27,12.434,12.5219,12.434,12.5121,39002,39002,0.029303,0.235,12.4909,"Apr 27, 18",0.244044304804327
2018-04-30,12.5219,12.6,12.4437,12.4437,19978,19978,-0.068372,-0.546,12.5453,"Apr 30, 18",0.23724347756920128
2018-05-01,12.3851,12.4535,12.3558,12.3753,37191,37191,-0.068373,-0.549,12.4006,"May 1, 18",0.23044265033407557
2018-05-02,12.4437,12.4437,12.3392,12.3753,39835,39835,0,0,12.4016,"May 2, 18",0.23044265033407557
2018-05-03,12.4926,12.4926,12.2874,12.346,53145,53145,-0.029302,-0.237,12.3906,"May 3, 18",0.22752943048043262
2018-05-04,12.346,12.5219,12.346,12.4926,20054,20054,0.146512,1.187,12.4631,"May 4, 18",0.24210547247852357
2018-05-07,12.5609,12.6098,12.5316,12.5512,31513,31513,0.058604,0.469,12.5727,"May 7, 18",0.24793191218580962
2018-05-08,12.5414,12.5902,12.4926,12.5805,37717,37717,0.029303,0.233,12.5354,"May 8, 18",0.25084513203945275
2018-05-09,12.5902,12.6879,12.5812,12.6488,21241,21241,0.068372,0.543,12.6335,"May 9, 18",0.25763601654470236
2018-05-10,12.766,12.7856,12.7074,12.7367,29509,29509,0.087907,0.695,12.7325,"May 10, 18",0.26637567610563156
2018-05-11,12.7953,12.8735,12.7758,12.8344,25208,25208,0.097674,0.767,12.8228,"May 11, 18",0.2760897231944002
2018-05-14,12.8344,12.8735,12.7856,12.7856,17347,17347,-0.048837,-0.381,12.8224,"May 14, 18",0.27123767101495383
2018-05-15,12.7563,12.8051,12.7172,12.7856,24007,24007,0,0,12.757,"May 15, 18",0.27123767101495383
2018-05-16,12.7758,12.8344,12.7074,12.7074,36258,36258,-0.07814,-0.611,12.7513,"May 16, 18",0.26346245625198844
2018-05-17,12.727,12.7779,12.7074,12.7074,18027,18027,0,0,12.7436,"May 17, 18",0.26346245625198844
2018-05-18,12.7172,12.7856,12.6781,12.7758,25474,25474,0.068373,0.538,12.7569,"May 18, 18",0.27026328348711415
2018-05-21,12.8246,12.9321,12.7857,12.9028,30522,30522,0.126976,0.994,12.8878,"May 21, 18",0.28289055042952577
2018-05-22,12.9907,12.9907,12.893,12.893,39283,39283,-0.009767,-0.076,12.9202,"May 22, 18",0.28191616290168625
2018-05-23,12.8637,12.9516,12.8192,12.9321,21782,21782,0.03907,0.303,12.8766,"May 23, 18",0.2858037702831689
2018-05-24,12.9809,12.9809,12.854,12.9321,32736,32736,0,0,12.8964,"May 24, 18",0.2858037702831689
2018-05-25,12.9223,12.9223,12.7758,12.8246,22211,22211,-0.107442,-0.831,12.8232,"May 25, 18",0.27511533566656055
2018-05-29,12.766,12.7977,12.6977,12.7563,24085,24085,-0.068372,-0.533,12.7405,"May 29, 18",0.2683244511613107
2018-05-30,12.7758,12.9419,12.7758,12.7953,53507,53507,0.039069,0.306,12.8556,"May 30, 18",0.2722021158129174
2018-05-31,12.8442,12.8442,12.7196,12.7856,29190,29190,-0.009767,-0.076,12.7638,"May 31, 18",0.27123767101495383
2018-06-01,12.7172,12.854,12.7172,12.854,29591,29591,0.068372,0.535,12.8081,"Jun 1, 18",0.27803849825007937
2018-06-04,12.8833,12.9049,12.8563,12.893,16535,16535,0.03907,0.304,12.885,"Jun 4, 18",0.28191616290168625
2018-06-05,12.8833,12.9516,12.7465,12.9321,95920,95920,0.03907,0.303,12.8396,"Jun 5, 18",0.2858037702831689
2018-06-06,12.9223,12.9419,12.8735,12.9419,45291,45291,0.009767,0.076,12.9151,"Jun 6, 18",0.2867781578110085
2018-06-07,12.9614,13.0298,12.9126,13.0005,24327,24327,0.058605,0.453,12.9787,"Jun 7, 18",0.2926045975182946
2018-06-08,12.9419,13.0298,12.9419,13.0102,45431,45431,0.009767,0.075,12.9877,"Jun 8, 18",0.2935690423162582
2018-06-11,13.02,13.1088,12.9419,13.1079,52919,52919,0.097674,0.751,13.0662,"Jun 11, 18",0.303283089405027
2018-06-12,13.0884,13.1274,13.0493,13.0884,34052,34052,-0.019534,-0.149,13.0897,"Jun 12, 18",0.3013442570792236
2018-06-13,13.1567,13.1567,13.0005,13.0102,32405,32405,-0.07814,-0.597,13.0418,"Jun 13, 18",0.2935690423162582
2018-06-14,13.0688,13.1177,12.9809,13.1177,58338,58338,0.107442,0.826,13.0578,"Jun 14, 18",0.30425747693286653
2018-06-15,13.0298,13.0776,12.9419,13.02,47471,47471,-0.097674,-0.745,12.9978,"Jun 15, 18",0.29454342984409787
2018-06-18,13.0005,13.0981,12.9467,13.0981,62313,62313,0.078139,0.6,13.0317,"Jun 18, 18",0.30230870187718734
2018-06-19,13.0298,13.0493,12.9907,13.0395,41668,41668,-0.058605,-0.447,13.0159,"Jun 19, 18",0.2964822621699013
2018-06-20,13.1274,13.1274,13.0063,13.02,44412,44412,-0.019534,-0.15,13.029,"Jun 20, 18",0.29454342984409787
2018-06-21,13.04,13.04,12.88,12.9,49360,49360,-0.119998,-0.922,12.928,"Jun 21, 18",0.28261215399300027
2018-06-22,12.87,13.02,12.87,12.97,34886,34886,0.07,0.543,12.9743,"Jun 22, 18",0.28957206490614057
2018-06-25,12.96,12.96,12.6,12.7,29824,29824,-0.27,-2.082,12.8259,"Jun 25, 18",0.2627266942411707
2018-06-26,12.79,12.79,12.68,12.76,63690,63690,0.06,0.472,12.7073,"Jun 26, 18",0.26869233216671956
2018-06-27,12.76,12.82,12.6538,12.66,38196,38196,-0.1,-0.784,12.7405,"Jun 27, 18",0.2587496022908049
2018-06-28,12.66,12.74,12.64,12.74,38954,38954,0.08,0.632,12.6686,"Jun 28, 18",0.2667037861915367
2018-06-29,12.77,12.9,12.7638,12.85,64196,64196,0.11,0.863,12.8487,"Jun 29, 18",0.2776407890550428
2018-07-02,12.85,12.89,12.77,12.87,73484,73484,0.02,0.156,12.8292,"Jul 2, 18",0.27962933503022575
2018-07-03,12.93,13.04,12.87,12.99,78166,78166,0.12,0.932,12.9896,Jul 3,0.2915606108813235
2018-07-05,13.05,13.0799,12.98,13.03,24940,24940,0.04,0.308,13.0513,Jul 5,0.2955377028316893
2018-07-06,12.93,13.04,12.93,12.98,51201,51201,-0.05,-0.384,12.9929,Jul 6,0.29056633789373204
2018-07-09,13.09,13.2,12.98,13.11,68578,68578,0.13,1.002,13.1177,Jul 9,0.3034918867324211
2018-07-10,13.09,13.18,13.09,13.13,30111,30111,0.02,0.153,13.1254,Jul 10,0.30548043270760417
2018-07-11,13.09,13.14,13.049,13.14,40212,40212,0.01,0.076,13.1059,Jul 11,0.30647470569519564
2018-07-12,13.14,13.16,13.0507,13.13,23426,23426,-0.01,-0.076,13.1039,Jul 12,0.30548043270760417
2018-07-13,13.13,13.18,13.1,13.18,25896,25896,0.05,0.381,13.1515,Jul 13,0.3104517976455614
2018-07-16,13.14,13.15,13.0812,13.1,18782,18782,-0.08,-0.607,13.1272,Jul 16,0.30249761374482964
2018-07-17,13.14,13.2,13.1262,13.19,43312,43312,0.09,0.687,13.1693,Jul 17,0.3114460706331529
2018-07-18,13.2,13.31,13.1323,13.31,73733,73733,0.12,0.91,13.2343,Jul 18,0.32337734648425065
2018-07-19,13.31,13.45,13.285,13.38,84187,84187,0.07,0.526,13.3984,Jul 19,0.330337257397391
2018-07-20,13.41,13.44,13.2946,13.36,27040,27040,-0.02,-0.149,13.3891,Jul 20,0.32834871142220795
2018-07-23,13.42,13.47,13.41,13.43,39400,39400,0.07,0.524,13.4366,Jul 23,0.33530862233534825
2018-07-24,13.5,13.57,13.405,13.42,40208,40208,-0.01,-0.074,13.4953,Jul 24,0.33431434934775683
2018-07-25,13.42,13.5,13.31,13.36,51631,51631,-0.06,-0.447,13.3766,Jul 25,0.32834871142220795
2018-07-26,13.35,13.44,13.35,13.43,18185,18185,0.07,0.524,13.4079,Jul 26,0.33530862233534825
2018-07-27,13.51,13.55,13.33,13.39,38726,38726,-0.04,-0.298,13.4531,Jul 27,0.3313315303849825
2018-07-30,13.4,13.47,13.33,13.38,16567,16567,-0.01,-0.075,13.3708,Jul 30,0.330337257397391
2018-07-31,13.42,13.49,13.42,13.45,27889,27889,0.07,0.523,13.4739,Jul 31,0.3372971683105312
2018-08-01,13.48,13.57,13.46,13.57,24055,24055,0.12,0.892,13.5063,Aug 1,0.34922844416162896
2018-08-02,13.45,13.65,13.36,13.58,43626,43626,0.01,0.074,13.5299,Aug 2,0.3502227171492204