date,open,high,low,close,volume,unadjustedVolume,change,changePercent,vwap,label,changeOverTime
2013-08-05,0.97,1.04,0.97,1.04,1150084,1150084,0.07,7.216,1.0182,"Aug 5, 13",0
2013-08-06,1.05,1.05,0.99,1.04,655777,655777,0,0,1.0179,"Aug 6, 13",0
2013-08-07,1.04,1.05,1,1.05,145880,145880,0.01,0.962,1.0381,"Aug 7, 13",0.009615384615384623
2013-08-08,1.02,1.05,0.99,1.05,206824,206824,0,0,1.0413,"Aug 8, 13",0.009615384615384623
2013-08-09,1,1.08,1,1.04,263143,263143,-0.01,-0.952,1.0414,"Aug 9, 13",0
2013-08-12,1.04,1.04,1,1.02,283629,283629,-0.02,-1.923,1.0179,"Aug 12, 13",-0.019230769230769246
2013-08-13,1,1.03,1,1.02,235960,235960,0,0,1.0207,"Aug 13, 13",-0.019230769230769246
2013-08-14,1,1.04,0.99,1.01,1492687,1492687,-0.01,-0.98,1.016,"Aug 14, 13",-0.028846153846153872
2013-08-15,1.01,1.04,1.01,1.025,1694418,1694418,0.015,1.485,1.0175,"Aug 15, 13",-0.014423076923077042
2013-08-16,1.05,1.05,1.01,1.04,461245,461245,0.015,1.463,1.024,"Aug 16, 13",0
2013-08-19,1.02,1.03,1.01,1.02,708002,708002,-0.02,-1.923,1.0211,"Aug 19, 13",-0.019230769230769246
2013-08-20,1.02,1.04,1.01,1.02,661443,661443,0,0,1.0217,"Aug 20, 13",-0.019230769230769246
2013-08-21,1.03,1.03,1.02,1.02,244127,244127,0,0,1.0235,"Aug 21, 13",-0.019230769230769246
2013-08-22,1.02,1.03,1.02,1.03,207441,207441,0.01,0.98,1.0245,"Aug 22, 13",-0.009615384615384623
2013-08-23,1.02,1.03,1.02,1.02,318353,318353,-0.01,-0.971,1.0238,"Aug 23, 13",-0.019230769230769246
2013-08-26,1,1.03,1,1.02,216439,216439,0,0,1.0209,"Aug 26, 13",-0.019230769230769246
2013-08-27,1.02,1.03,1.01,1.03,372788,372788,0.01,0.98,1.0212,"Aug 27, 13",-0.009615384615384623
2013-08-28,1.02,1.03,1.01,1.02,98566,98566,-0.01,-0.971,1.0227,"Aug 28, 13",-0.019230769230769246
2013-08-29,1.02,1.04,1.02,1.03,115017,115017,0.01,0.98,1.0291,"Aug 29, 13",-0.009615384615384623
2013-08-30,1.02,1.05,1.02,1.02,251698,251698,-0.01,-0.971,1.0246,"Aug 30, 13",-0.019230769230769246
2013-09-03,1.02,1.03,1.02,1.03,530106,530106,0.01,0.98,1.0217,"Sep 3, 13",-0.009615384615384623
2013-09-04,1.01,1.05,1.01,1.02,265332,265332,-0.01,-0.971,1.0234,"Sep 4, 13",-0.019230769230769246
2013-09-05,1.02,1.04,1.02,1.02,40463,40463,0,0,1.0277,"Sep 5, 13",-0.019230769230769246
2013-09-06,1.02,1.05,1.01,1.04,532822,532822,0.02,1.961,1.0244,"Sep 6, 13",0
2013-09-09,1.03,1.04,1.02,1.02,328020,328020,-0.02,-1.923,1.0298,"Sep 9, 13",-0.019230769230769246
2013-09-10,1.03,1.04,1.02,1.03,443998,443998,0.01,0.98,1.03,"Sep 10, 13",-0.009615384615384623
2013-09-11,1.02,1.15,1.02,1.13,273626,273626,0.1,9.709,1.0898,"Sep 11, 13",0.0865384615384614
2013-09-12,1.15,1.2,1.12,1.16,698237,698237,0.03,2.655,1.1621,"Sep 12, 13",0.11538461538461527
2013-09-13,1.25,1.25,1.16,1.19,544172,544172,0.03,2.586,1.1943,"Sep 13, 13",0.14423076923076913
2013-09-16,1.16,1.3,1.16,1.27,1057310,1057310,0.08,6.723,1.2541,"Sep 16, 13",0.22115384615384612
2013-09-17,1.29,1.42,1.28,1.38,1871055,1871055,0.11,8.661,1.3585,"Sep 17, 13",0.32692307692307676
2013-09-18,1.39,1.42,1.36,1.38,3467237,3467237,0,0,1.3862,"Sep 18, 13",0.32692307692307676
2013-09-19,1.4,1.42,1.37,1.37,420675,420675,-0.01,-0.725,1.3956,"Sep 19, 13",0.31730769230769235
2013-09-20,1.36,1.4,1.09,1.28,728036,728036,-0.09,-6.569,1.2227,"Sep 20, 13",0.23076923076923075
2013-09-23,1.38,1.38,1.22,1.28,112129,112129,0,0,1.2522,"Sep 23, 13",0.23076923076923075
2013-09-24,1.32,1.32,1.2,1.27,141139,141139,-0.01,-0.781,1.2771,"Sep 24, 13",0.22115384615384612
2013-09-25,1.3,1.3,1.21,1.25,194428,194428,-0.02,-1.575,1.2507,"Sep 25, 13",0.20192307692307687
2013-09-26,1.1,1.25,1.1,1.24,226798,226798,-0.01,-0.8,1.2285,"Sep 26, 13",0.19230769230769226
2013-09-27,1.15,1.28,1.15,1.24,255247,255247,0,0,1.2243,"Sep 27, 13",0.19230769230769226
2013-09-30,1.23,1.28,1.19,1.22,103564,103564,-0.02,-1.613,1.2123,"Sep 30, 13",0.17307692307692302
2013-10-01,1.2,1.28,1.2,1.24,129225,129225,0.02,1.639,1.2451,"Oct 1, 13",0.19230769230769226
2013-10-02,1.2,1.26,1.2,1.24,100741,100741,0,0,1.223,"Oct 2, 13",0.19230769230769226
2013-10-03,1.25,1.25,1.22,1.22,78293,78293,-0.02,-1.613,1.2292,"Oct 3, 13",0.17307692307692302
2013-10-04,1.22,1.24,1.21,1.22,118646,118646,0,0,1.2187,"Oct 4, 13",0.17307692307692302
2013-10-07,1.22,1.25,1.22,1.22,70558,70558,0,0,1.2257,"Oct 7, 13",0.17307692307692302
2013-10-08,1.22,1.22,1.2,1.21,125039,125039,-0.01,-0.82,1.2083,"Oct 8, 13",0.16346153846153838
2013-10-09,1.24,1.24,1.16,1.19,304990,304990,-0.02,-1.653,1.1972,"Oct 9, 13",0.14423076923076913
2013-10-10,1.19,1.2,1.18,1.18,171713,171713,-0.01,-0.84,1.1888,"Oct 10, 13",0.13461538461538453
2013-10-11,1.25,1.25,1.17,1.18,312777,312777,0,0,1.1805,"Oct 11, 13",0.13461538461538453
2013-10-14,1.18,1.22,1.17,1.215,650327,650327,0.035,2.966,1.1865,"Oct 14, 13",0.1682692307692308
2013-10-15,1.18,1.23,1.18,1.19,71985,71985,-0.025,-2.058,1.1928,"Oct 15, 13",0.14423076923076913
2013-10-16,1.2,1.23,1.08,1.19,306057,306057,0,0,1.1642,"Oct 16, 13",0.14423076923076913
2013-10-17,1.11,1.2,1.11,1.19,229900,229900,0,0,1.144,"Oct 17, 13",0.14423076923076913
2013-10-18,1.27,1.27,1.15,1.19,29147,29147,0,0,1.1653,"Oct 18, 13",0.14423076923076913
2013-10-21,1.2,1.2,1.15,1.17,143803,143803,-0.02,-1.681,1.1717,"Oct 21, 13",0.12499999999999989
2013-10-22,1.17,1.19,1.135,1.16,91325,91325,-0.01,-0.855,1.1633,"Oct 22, 13",0.11538461538461527
2013-10-23,1.17,1.2,1.16,1.17,105839,105839,0.01,0.862,1.1683,"Oct 23, 13",0.12499999999999989
2013-10-24,1.15,1.23,1.15,1.18,113122,113122,0.01,0.855,1.174,"Oct 24, 13",0.13461538461538453
2013-10-25,1.18,1.2,1.14,1.18,56718,56718,0,0,1.1641,"Oct 25, 13",0.13461538461538453
2013-10-28,1.15,1.18,1.12,1.15,161891,161891,-0.03,-2.542,1.1365,"Oct 28, 13",0.10576923076923064
2013-10-29,1.1,1.15,1.1,1.12,203254,203254,-0.03,-2.609,1.1245,"Oct 29, 13",0.07692307692307698
2013-10-30,1.09,1.14,1.05,1.11,175104,175104,-0.01,-0.893,1.0839,"Oct 30, 13",0.06730769230769236
2013-10-31,1.05,1.15,1.05,1.1,68598,68598,-0.01,-0.901,1.0899,"Oct 31, 13",0.057692307692307744
2013-11-01,1.09,1.1,1.07,1.09,168753,168753,-0.01,-0.909,1.0887,"Nov 1, 13",0.04807692307692312
2013-11-04,1.05,1.09,1,1.04,214629,214629,-0.05,-4.587,1.0362,"Nov 4, 13",0
2013-11-05,1.01,1.05,0.995,1.05,213630,213630,0.01,0.962,1.0151,"Nov 5, 13",0.009615384615384623
2013-11-06,1,1.06,1,1.05,169975,169975,0,0,1.0387,"Nov 6, 13",0.009615384615384623
2013-11-07,1.01,1.03,1.01,1.01,45172,45172,-0.04,-3.81,1.0158,"Nov 7, 13",-0.028846153846153872
2013-11-08,1,1.06,1,1.04,130862,130862,0.03,2.97,1.0234,"Nov 8, 13",0
2013-11-11,0.99,1.18,0.99,1.17,212870,212870,0.13,12.5,1.0853,"Nov 11, 13",0.12499999999999989
2013-11-12,1.2,1.2,1.05,1.17,123736,123736,0,0,1.1598,"Nov 12, 13",0.12499999999999989
2013-11-13,1.06,1.17,1.06,1.13,130590,130590,-0.04,-3.419,1.125,"Nov 13, 13",0.0865384615384614
2013-11-14,1.15,1.15,1.1,1.14,199544,199544,0.01,0.885,1.1197,"Nov 14, 13",0.09615384615384602
2013-11-15,1.1,1.18,1.1,1.18,36903,36903,0.04,3.509,1.1449,"Nov 15, 13",0.13461538461538453
2013-11-18,1.14,1.17,1.05,1.07,220457,220457,-0.11,-9.322,1.0769,"Nov 18, 13",0.028846153846153872
2013-11-19,1.07,1.15,1.06,1.15,65418,65418,0.08,7.477,1.0773,"Nov 19, 13",0.10576923076923064
2013-11-20,1.07,1.16,1.07,1.14,54241,54241,-0.01,-0.87,1.1344,"Nov 20, 13",0.09615384615384602
2013-11-21,1.14,1.18,1.12,1.15,195490,195490,0.01,0.877,1.1531,"Nov 21, 13",0.10576923076923064
2013-11-22,1.12,1.17,1.12,1.13,100689,100689,-0.02,-1.739,1.1498,"Nov 22, 13",0.0865384615384614
2013-11-25,1.05,1.14,1.05,1.14,55193,55193,0.01,0.885,1.1313,"Nov 25, 13",0.09615384615384602
2013-11-26,1.05,1.16,1.05,1.14,26243,26243,0,0,1.1404,"Nov 26, 13",0.09615384615384602
2013-11-27,1.08,1.16,1.08,1.13,11292,11292,-0.01,-0.877,1.1365,"Nov 27, 13",0.0865384615384614
2013-11-29,1.2,1.2,1.13,1.15,42099,42099,0.02,1.77,1.1527,"Nov 29, 13",0.10576923076923064
2013-12-02,1.09,1.18,1.09,1.14,71417,71417,-0.01,-0.87,1.1473,"Dec 2, 13",0.09615384615384602
2013-12-03,1.08,1.15,1.08,1.13,83378,83378,-0.01,-0.877,1.1316,"Dec 3, 13",0.0865384615384614
2013-12-04,1.1,1.13,1.1,1.12,103913,103913,-0.01,-0.885,1.1161,"Dec 4, 13",0.07692307692307698
2013-12-05,1.14,1.14,1.09,1.12,213488,213488,0,0,1.1119,"Dec 5, 13",0.07692307692307698
2013-12-06,1.08,1.13,1.08,1.1,168207,168207,-0.02,-1.786,1.1085,"Dec 6, 13",0.057692307692307744
2013-12-09,1.1,1.81,1.1,1.65,11692974,11692974,0.55,50,1.4457,"Dec 9, 13",0.5865384615384615
2013-12-10,1.55,1.73,1.55,1.68,2143153,2143153,0.03,1.818,2.4114,"Dec 10, 13",0.6153846153846153
2013-12-11,1.65,1.8,1.6,1.76,1604010,1604010,0.08,4.762,1.7213,"Dec 11, 13",0.6923076923076923
2013-12-12,1.75,2.13,1.7,2.06,7709169,7709169,0.3,17.045,1.9972,"Dec 12, 13",0.9807692307692307
2013-12-13,2.24,2.24,2.02,2.13,2392032,2392032,0.07,3.398,2.1538,"Dec 13, 13",1.048076923076923
2013-12-16,2.245,2.28,1.7,2.28,1767748,1767748,0.15,7.042,2.2314,"Dec 16, 13",1.192307692307692
2013-12-17,2.3,2.6,2.29,2.5,2943370,2943370,0.22,9.649,2.474,"Dec 17, 13",1.4038461538461537
2013-12-18,2.375,2.8,2.375,2.67,2795705,2795705,0.17,6.8,2.6666,"Dec 18, 13",1.567307692307692
2013-12-19,2.845,2.85,2.515,2.66,1503773,1503773,-0.01,-0.375,2.7728,"Dec 19, 13",1.5576923076923077
2013-12-20,2.635,2.7,2.3,2.52,2108570,2108570,-0.14,-5.263,2.5415,"Dec 20, 13",1.423076923076923
2013-12-23,2.4,2.5,2.39,2.5,605238,605238,-0.02,-0.794,2.4577,"Dec 23, 13",1.4038461538461537
2013-12-24,2.46,2.6,2.42,2.56,199140,199140,0.06,2.4,2.5095,"Dec 24, 13",1.4615384615384615
2013-12-26,2.6,2.72,2.6,2.68,513284,513284,0.12,4.688,2.6836,"Dec 26, 13",1.576923076923077
2013-12-27,2.68,2.84,2.68,2.71,303235,303235,0.03,1.119,2.7249,"Dec 27, 13",1.6057692307692306
2013-12-30,2.74,2.82,2.73,2.77,374727,374727,0.06,2.214,2.7856,"Dec 30, 13",1.6634615384615383
2013-12-31,2.77,2.84,2.77,2.82,442745,442745,0.05,1.805,2.8165,"Dec 31, 13",1.7115384615384612
2014-01-02,2.9,2.94,2.85,2.87,863049,863049,0.05,1.773,3.1383,"Jan 2, 14",1.7596153846153846
2014-01-03,2.955,2.955,2.87,2.94,484136,484136,0.07,2.439,2.9091,"Jan 3, 14",1.8269230769230769
2014-01-06,2.95,3,2.7,2.75,898873,898873,-0.19,-6.463,2.8554,"Jan 6, 14",1.6442307692307692
2014-01-07,2.74,2.75,2.6,2.69,573469,573469,-0.06,-2.182,2.6668,"Jan 7, 14",1.5865384615384615
2014-01-08,2.69,2.7,2.62,2.68,362990,362990,-0.01,-0.372,2.9021,"Jan 8, 14",1.576923076923077
2014-01-09,2.7,2.73,2.64,2.68,587301,587301,0,0,2.6918,"Jan 9, 14",1.576923076923077
2014-01-10,2.6,2.74,2.6,2.7,221734,221734,0.02,0.746,2.6958,"Jan 10, 14",1.5961538461538463
2014-01-13,2.66,2.7,2.51,2.65,429318,429318,-0.05,-1.852,2.6119,"Jan 13, 14",1.548076923076923
2014-01-14,2.7,2.7,2.6,2.64,192295,192295,-0.01,-0.377,2.6399,"Jan 14, 14",1.5384615384615385
2014-01-15,2.67,2.67,2.55,2.59,161419,161419,-0.05,-1.894,2.5982,"Jan 15, 14",1.4903846153846152
2014-01-16,2.6,2.6,2.31,2.42,2142598,2142598,-0.17,-6.564,2.9613,"Jan 16, 14",1.3269230769230769
2014-01-17,2.43,2.49,2.41,2.41,455833,455833,-0.01,-0.413,2.4436,"Jan 17, 14",1.3173076923076923
2014-01-21,2.37,2.5,2.37,2.44,447097,447097,0.03,1.245,2.4363,"Jan 21, 14",1.346153846153846
2014-01-22,2.45,2.46,2.42,2.44,528313,528313,0,0,2.4398,"Jan 22, 14",1.346153846153846
2014-01-23,2.45,2.49,2.38,2.44,123846,123846,0,0,2.4164,"Jan 23, 14",1.346153846153846
2014-01-24,2.48,2.5,2.35,2.46,1064108,1064108,0.02,0.82,2.4557,"Jan 24, 14",1.3653846153846152
2014-01-27,2.4,2.56,2.4,2.49,890913,890913,0.03,1.22,2.504,"Jan 27, 14",1.3942307692307694
2014-01-28,2.55,2.55,2.47,2.48,320173,320173,-0.01,-0.402,2.5025,"Jan 28, 14",1.3846153846153846
2014-01-29,2.39,2.5,2.39,2.49,212146,212146,0.01,0.403,2.4918,"Jan 29, 14",1.3942307692307694
2014-01-30,2.6,2.6,2.45,2.5,238148,238148,0.01,0.402,2.4895,"Jan 30, 14",1.4038461538461537
2014-01-31,2.59,2.88,2.55,2.55,2411206,2411206,0.05,2,2.6877,"Jan 31, 14",1.4519230769230766
2014-02-03,2.65,2.65,2.52,2.56,231730,231730,0.01,0.392,2.5699,"Feb 3, 14",1.4615384615384615
2014-02-04,2.6,2.6,2.5,2.51,228788,228788,-0.05,-1.953,2.5432,"Feb 4, 14",1.413461538461538
2014-02-05,2.55,2.55,2.35,2.43,408985,408985,-0.08,-3.187,2.4382,"Feb 5, 14",1.3365384615384617
2014-02-06,2.4,2.46,2.38,2.42,296806,296806,-0.01,-0.412,2.4006,"Feb 6, 14",1.3269230769230769
2014-02-07,2.35,2.46,2.35,2.4,191299,191299,-0.02,-0.826,2.3877,"Feb 7, 14",1.3076923076923075
2014-02-10,2.32,2.55,2.32,2.53,818277,818277,0.13,5.417,2.4306,"Feb 10, 14",1.4326923076923075
2014-02-11,2.6,2.745,2.55,2.7,1300501,1300501,0.17,6.719,2.6941,"Feb 11, 14",1.5961538461538463
2014-02-12,2.75,2.75,2.65,2.71,186563,186563,0.01,0.37,2.7041,"Feb 12, 14",1.6057692307692306
2014-02-13,2.73,2.78,2.67,2.71,625349,625349,0,0,2.7391,"Feb 13, 14",1.6057692307692306
2014-02-14,2.71,2.79,2.685,2.7,675354,675354,-0.01,-0.369,2.7515,"Feb 14, 14",1.5961538461538463
2014-02-18,2.7,2.75,2.65,2.69,188013,188013,-0.01,-0.37,2.6962,"Feb 18, 14",1.5865384615384615
2014-02-19,2.72,2.74,2.67,2.68,311925,311925,-0.01,-0.372,2.6988,"Feb 19, 14",1.576923076923077
2014-02-20,2.7,2.71,2.65,2.7,374006,374006,0.02,0.746,2.6795,"Feb 20, 14",1.5961538461538463
2014-02-21,2.72,2.72,2.65,2.7,145896,145896,0,0,2.6838,"Feb 21, 14",1.5961538461538463
2014-02-24,2.67,2.72,2.67,2.7,152077,152077,0,0,2.6948,"Feb 24, 14",1.5961538461538463
2014-02-25,2.68,2.72,2.67,2.71,243369,243369,0.01,0.37,2.6918,"Feb 25, 14",1.6057692307692306
2014-02-26,2.68,2.8,2.68,2.7,855842,855842,-0.01,-0.369,2.7168,"Feb 26, 14",1.5961538461538463
2014-02-27,2.68,2.75,2.68,2.7,374339,374339,0,0,2.7011,"Feb 27, 14",1.5961538461538463
2014-02-28,2.7,2.79,2.69,2.74,309378,309378,0.04,1.481,2.7363,"Feb 28, 14",1.6346153846153848
2014-03-03,2.71,2.8,2.71,2.75,411042,411042,0.01,0.365,2.7478,"Mar 3, 14",1.6442307692307692
2014-03-04,2.75,2.92,2.75,2.84,4114322,4114322,0.09,3.273,2.8262,"Mar 4, 14",1.7307692307692306
2014-03-05,2.9,3.15,2.9,3.04,2631997,2631997,0.2,7.042,3.0537,"Mar 5, 14",1.923076923076923
2014-03-06,3.04,3.29,3.04,3.21,2831235,2831235,0.17,5.592,3.2221,"Mar 6, 14",2.0865384615384612
2014-03-07,3.22,3.34,3.15,3.3,1188274,1188274,0.09,2.804,3.2381,"Mar 7, 14",2.173076923076923
2014-03-10,3.3,3.49,3.27,3.49,641276,641276,0.19,5.758,3.3884,"Mar 10, 14",2.355769230769231
2014-03-11,3.555,3.74,3,3.31,1517823,1517823,-0.18,-5.158,3.5057,"Mar 11, 14",2.1826923076923075
2014-03-12,3.5,3.5,3.2,3.3,536128,536128,-0.01,-0.302,3.3023,"Mar 12, 14",2.173076923076923
2014-03-13,3.35,3.35,3.18,3.18,548266,548266,-0.12,-3.636,3.2226,"Mar 13, 14",2.057692307692308
2014-03-14,3.2,3.35,3.08,3.35,451162,451162,0.17,5.346,3.1771,"Mar 14, 14",2.2211538461538463
2014-03-17,3.48,3.51,3.4,3.43,340724,340724,0.08,2.388,3.46,"Mar 17, 14",2.298076923076923
2014-03-18,3.5,3.55,3.41,3.45,616170,616170,0.02,0.583,3.492,"Mar 18, 14",2.3173076923076925
2014-03-19,3.55,3.55,3.26,3.4,321945,321945,-0.05,-1.449,3.4004,"Mar 19, 14",2.269230769230769
2014-03-20,3.45,3.45,3.33,3.36,175207,175207,-0.04,-1.176,3.3788,"Mar 20, 14",2.2307692307692304
2014-03-21,3.35,3.36,3.15,3.25,436600,436600,-0.11,-3.274,3.2427,"Mar 21, 14",2.125
2014-03-24,3.16,3.325,3.15,3.25,501902,501902,0,0,3.2227,"Mar 24, 14",2.125
2014-03-25,3.18,3.3,3.18,3.24,159177,159177,-0.01,-0.308,3.2427,"Mar 25, 14",2.1153846153846154
2014-03-26,3.27,3.3,3.18,3.19,246828,246828,-0.05,-1.543,3.2148,"Mar 26, 14",2.067307692307692
2014-03-27,3.23,3.25,3.17,3.2,115129,115129,0.01,0.313,3.201,"Mar 27, 14",2.076923076923077
2014-03-28,3.24,3.26,3.17,3.25,168633,168633,0.05,1.562,3.2138,"Mar 28, 14",2.125
2014-03-31,3.25,3.26,3.19,3.25,273596,273596,0,0,3.237,"Mar 31, 14",2.125
2014-04-01,3.26,3.27,3.18,3.23,87677,87677,-0.02,-0.615,3.2405,"Apr 1, 14",2.105769230769231
2014-04-02,3.25,3.495,3.2,3.38,290697,290697,0.15,4.644,3.3675,"Apr 2, 14",2.25
2014-04-03,3.41,3.47,3.3,3.38,136395,136395,0,0,3.4171,"Apr 3, 14",2.25
2014-04-04,3.4,3.45,3.29,3.29,112139,112139,-0.09,-2.663,3.3622,"Apr 4, 14",2.1634615384615383
2014-04-07,3.26,3.45,3.23,3.3,234227,234227,0.01,0.304,3.2778,"Apr 7, 14",2.173076923076923
2014-04-08,3.25,3.35,3.25,3.3,153754,153754,0,0,3.3092,"Apr 8, 14",2.173076923076923
2014-04-09,3.26,3.33,3.25,3.29,130062,130062,-0.01,-0.303,3.2704,"Apr 9, 14",2.1634615384615383
2014-04-10,3.25,3.28,3.21,3.28,260900,260900,-0.01,-0.304,3.2409,"Apr 10, 14",2.1538461538461537
2014-04-11,3.21,3.26,3.2,3.25,298199,298199,-0.03,-0.915,3.2202,"Apr 11, 14",2.125
2014-04-14,3.21,3.22,3.105,3.15,285067,285067,-0.1,-3.077,3.1904,"Apr 14, 14",2.0288461538461537
2014-04-15,3.15,3.2,2.99,3.02,408651,408651,-0.13,-4.127,3.0636,"Apr 15, 14",1.9038461538461537
2014-04-16,3.01,3.17,3.01,3.12,148714,148714,0.1,3.311,3.0641,"Apr 16, 14",2
2014-04-17,3.15,3.2,3.05,3.1,149887,149887,-0.02,-0.641,3.1193,"Apr 17, 14",1.9807692307692308
2014-04-21,3.05,3.15,3.01,3.09,271145,271145,-0.01,-0.323,3.0705,"Apr 21, 14",1.9711538461538458
2014-04-22,3.07,3.15,3.05,3.15,105218,105218,0.06,1.942,3.113,"Apr 22, 14",2.0288461538461537
2014-04-23,3,3.16,3,3.15,52691,52691,0,0,3.1226,"Apr 23, 14",2.0288461538461537
2014-04-24,3.08,3.18,3.08,3.11,100436,100436,-0.04,-1.27,3.1083,"Apr 24, 14",1.9903846153846152
2014-04-25,3.08,3.1,3.04,3.07,185024,185024,-0.04,-1.286,3.0689,"Apr 25, 14",1.9519230769230766
2014-04-28,3.02,3.07,3.02,3.06,200620,200620,-0.01,-0.326,3.4253,"Apr 28, 14",1.9423076923076923
2014-04-29,3.005,3.12,3,3.04,246732,246732,-0.02,-0.654,3.3605,"Apr 29, 14",1.923076923076923
2014-04-30,3.1,3.1,2.74,3,1250016,1250016,-0.04,-1.316,2.8696,"Apr 30, 14",1.8846153846153846
2014-05-01,3,3.02,2.8,2.95,125512,125512,-0.05,-1.667,2.9659,"May 1, 14",1.8365384615384617
2014-05-02,2.8,2.99,2.8,2.92,115526,115526,-0.03,-1.017,2.9027,"May 2, 14",1.8076923076923075
2014-05-05,2.8,2.98,2.8,2.93,310890,310890,0.01,0.342,2.8521,"May 5, 14",1.8173076923076923
2014-05-06,2.85,2.93,2.77,2.8,113449,113449,-0.13,-4.437,2.85,"May 6, 14",1.692307692307692
2014-05-07,2.75,2.8,2.6,2.75,402420,402420,-0.05,-1.786,2.7163,"May 7, 14",1.6442307692307692
2014-05-08,2.7,2.74,2.7,2.73,160632,160632,-0.02,-0.727,2.7152,"May 8, 14",1.625
2014-05-09,2.7,2.75,2.7,2.73,175355,175355,0,0,2.7059,"May 9, 14",1.625
2014-05-12,2.74,2.74,2.65,2.68,238808,238808,-0.05,-1.832,2.6882,"May 12, 14",1.576923076923077
2014-05-13,2.66,2.68,2.62,2.68,356472,356472,0,0,2.6548,"May 13, 14",1.576923076923077
2014-05-14,2.68,2.68,2.6,2.68,348414,348414,0,0,2.6342,"May 14, 14",1.576923076923077
2014-05-15,2.65,2.68,2.62,2.67,193721,193721,-0.01,-0.373,2.6539,"May 15, 14",1.567307692307692
2014-05-16,2.67,2.68,2.55,2.6,312711,312711,-0.07,-2.622,3.0332,"May 16, 14",1.5
2014-05-19,2.68,2.7,2.52,2.56,279839,279839,-0.04,-1.538,2.5775,"May 19, 14",1.4615384615384615
2014-05-20,2.55,2.62,2.55,2.58,102982,102982,0.02,0.781,2.5722,"May 20, 14",1.4807692307692308
2014-05-21,2.5,2.7,2.5,2.68,124959,124959,0.1,3.876,2.6406,"May 21, 14",1.576923076923077
2014-05-22,2.68,2.85,2.65,2.85,190370,190370,0.17,6.343,2.7594,"May 22, 14",1.7403846153846154
2014-05-23,2.87,2.95,2.8,2.91,132046,132046,0.06,2.105,2.8352,"May 23, 14",1.7980769230769231
2014-05-27,2.91,3.1,2.87,2.91,227307,227307,0,0,3.0232,"May 27, 14",1.7980769230769231
2014-05-28,2.88,2.98,2.86,2.9,50532,50532,-0.01,-0.344,2.8907,"May 28, 14",1.7884615384615383
2014-05-29,2.9,2.96,2.88,2.94,19679,19679,0.04,1.379,2.9233,"May 29, 14",1.8269230769230769
2014-05-30,2.895,2.98,2.85,2.94,59007,59007,0,0,2.8904,"May 30, 14",1.8269230769230769
2014-06-02,2.8,2.92,2.8,2.9,63206,63206,-0.04,-1.361,2.8664,"Jun 2, 14",1.7884615384615383
2014-06-03,2.85,2.9,2.85,2.89,86844,86844,-0.01,-0.345,2.8751,"Jun 3, 14",1.778846153846154
2014-06-04,2.8,2.89,2.78,2.79,173109,173109,-0.1,-3.46,2.8435,"Jun 4, 14",1.6826923076923077
2014-06-05,2.8,2.8,2.605,2.76,280160,280160,-0.03,-1.075,2.7398,"Jun 5, 14",1.6538461538461535
2014-06-06,2.6,2.87,2.6,2.82,148122,148122,0.06,2.174,2.7764,"Jun 6, 14",1.7115384615384612
2014-06-09,2.69,2.8,2.6,2.8,144345,144345,-0.02,-0.709,2.7042,"Jun 9, 14",1.692307692307692
2014-06-10,2.69,2.82,2.69,2.75,97499,97499,-0.05,-1.786,2.7187,"Jun 10, 14",1.6442307692307692
2014-06-11,2.69,2.89,2.69,2.84,261598,261598,0.09,3.273,2.783,"Jun 11, 14",1.7307692307692306
2014-06-12,2.75,3.06,2.75,3.06,335020,335020,0.22,7.746,2.9796,"Jun 12, 14",1.9423076923076923
2014-06-13,3.01,3.09,2.99,2.99,131523,131523,-0.07,-2.288,3.0174,"Jun 13, 14",1.875
2014-06-16,3,3.06,2.945,2.98,161222,161222,-0.01,-0.334,3.0202,"Jun 16, 14",1.8653846153846152
2014-06-17,2.98,3.05,2.76,2.89,114687,114687,-0.09,-3.02,2.9368,"Jun 17, 14",1.778846153846154
2014-06-18,2.92,2.93,2.82,2.9,106040,106040,0.01,0.346,2.9079,"Jun 18, 14",1.7884615384615383
2014-06-19,2.87,2.91,2.82,2.83,115279,115279,-0.07,-2.414,2.8749,"Jun 19, 14",1.721153846153846
2014-06-20,2.82,2.85,2.75,2.8,229437,229437,-0.03,-1.06,2.7639,"Jun 20, 14",1.692307692307692
2014-06-23,2.8,2.85,2.75,2.77,235454,235454,-0.03,-1.071,2.7758,"Jun 23, 14",1.6634615384615383
2014-06-24,2.77,2.8,2.75,2.8,77226,77226,0.03,1.083,2.7586,"Jun 24, 14",1.692307692307692
2014-06-25,2.76,2.8,2.75,2.8,101129,101129,0,0,2.7544,"Jun 25, 14",1.692307692307692
2014-06-26,2.75,2.8,2.75,2.75,156670,156670,-0.05,-1.786,2.754,"Jun 26, 14",1.6442307692307692
2014-06-27,2.7,2.82,2.7,2.82,99995,99995,0.07,2.545,2.7798,"Jun 27, 14",1.7115384615384612
2014-06-30,2.75,2.87,2.75,2.83,68910,68910,0.01,0.355,2.8155,"Jun 30, 14",1.721153846153846
2014-07-01,2.72,2.95,2.72,2.88,133996,133996,0.05,1.767,2.8924,"Jul 1, 14",1.769230769230769
2014-07-02,2.75,2.95,2.75,2.91,84992,84992,0.03,1.042,2.9231,"Jul 2, 14",1.7980769230769231
2014-07-03,2.82,2.94,2.81,2.92,61534,61534,0.01,0.344,2.8637,"Jul 3, 14",1.8076923076923075
2014-07-07,2.84,2.89,2.79,2.81,94018,94018,-0.11,-3.767,2.8341,"Jul 7, 14",1.7019230769230769
2014-07-08,2.87,2.87,2.79,2.79,87476,87476,-0.02,-0.712,2.7973,"Jul 8, 14",1.6826923076923077
2014-07-09,2.77,2.8,2.75,2.78,34648,34648,-0.01,-0.358,2.7759,"Jul 9, 14",1.673076923076923
2014-07-10,2.75,2.8,2.74,2.77,61035,61035,-0.01,-0.36,2.7711,"Jul 10, 14",1.6634615384615383
2014-07-11,2.7,2.8,2.7,2.8,117468,117468,0.03,1.083,2.7551,"Jul 11, 14",1.692307692307692
2014-07-14,2.8,2.8,2.75,2.8,157834,157834,0,0,2.7674,"Jul 14, 14",1.692307692307692
2014-07-15,2.77,2.9,2.77,2.82,69414,69414,0.02,0.714,2.8558,"Jul 15, 14",1.7115384615384612
2014-07-16,2.8,2.9,2.8,2.9,214076,214076,0.08,2.837,2.8752,"Jul 16, 14",1.7884615384615383
2014-07-17,2.9,2.9,2.8,2.82,24755,24755,-0.08,-2.759,2.844,"Jul 17, 14",1.7115384615384612
2014-07-18,2.81,2.85,2.74,2.8,166001,166001,-0.02,-0.709,2.7987,"Jul 18, 14",1.692307692307692
2014-07-21,2.8,2.85,2.75,2.77,132207,132207,-0.03,-1.071,2.7821,"Jul 21, 14",1.6634615384615383
2014-07-22,2.75,2.85,2.75,2.78,53304,53304,0.01,0.361,2.7803,"Jul 22, 14",1.673076923076923
2014-07-23,2.75,2.78,2.75,2.76,221556,221556,-0.02,-0.719,2.7531,"Jul 23, 14",1.6538461538461535
2014-07-24,2.75,2.81,2.75,2.77,109833,109833,0.01,0.362,2.7516,"Jul 24, 14",1.6634615384615383
2014-07-25,2.7,2.85,2.7,2.75,87947,87947,-0.02,-0.722,2.751,"Jul 25, 14",1.6442307692307692
2014-07-28,2.75,2.76,2.75,2.75,93797,93797,0,0,2.7514,"Jul 28, 14",1.6442307692307692
2014-07-29,2.75,2.76,2.75,2.75,275805,275805,0,0,2.7519,"Jul 29, 14",1.6442307692307692
2014-07-30,2.75,2.76,2.75,2.75,69330,69330,0,0,2.751,"Jul 30, 14",1.6442307692307692
2014-07-31,2.75,2.76,2.7,2.72,141283,141283,-0.03,-1.091,2.7245,"Jul 31, 14",1.6153846153846154
2014-08-01,2.72,2.75,2.7,2.7,123130,123130,-0.02,-0.735,2.7282,"Aug 1, 14",1.5961538461538463
2014-08-04,2.675,2.7,2.62,2.7,166117,166117,0,0,2.6624,"Aug 4, 14",1.5961538461538463
2014-08-05,2.65,2.7,2.65,2.69,79994,79994,-0.01,-0.37,2.684,"Aug 5, 14",1.5865384615384615
2014-08-06,2.69,2.7,2.68,2.69,146691,146691,0,0,2.6818,"Aug 6, 14",1.5865384615384615
2014-08-07,2.7,2.72,2.6,2.69,98322,98322,0,0,2.6852,"Aug 7, 14",1.5865384615384615
2014-08-08,2.67,2.71,2.67,2.71,50794,50794,0.02,0.743,2.6881,"Aug 8, 14",1.6057692307692306
2014-08-11,2.69,2.72,2.69,2.72,103973,103973,0.01,0.369,2.7088,"Aug 11, 14",1.6153846153846154
2014-08-12,2.71,2.72,2.68,2.72,163713,163713,0,0,2.6999,"Aug 12, 14",1.6153846153846154
2014-08-13,2.6,2.72,2.6,2.71,101648,101648,-0.01,-0.368,2.6857,"Aug 13, 14",1.6057692307692306
2014-08-14,2.7,2.72,2.65,2.72,183563,183563,0.01,0.369,2.6907,"Aug 14, 14",1.6153846153846154
2014-08-15,2.72,2.72,2.68,2.71,237135,237135,-0.01,-0.368,2.7007,"Aug 15, 14",1.6057692307692306
2014-08-18,2.7,2.73,2.7,2.73,93095,93095,0.02,0.738,2.7091,"Aug 18, 14",1.625
2014-08-19,2.73,2.775,2.7,2.71,85822,85822,-0.02,-0.733,2.7372,"Aug 19, 14",1.6057692307692306
2014-08-20,2.7,2.8,2.7,2.77,89469,89469,0.06,2.214,2.7519,"Aug 20, 14",1.6634615384615383
2014-08-21,2.72,2.81,2.72,2.77,34264,34264,0,0,2.7733,"Aug 21, 14",1.6634615384615383
2014-08-22,2.77,2.84,2.76,2.84,93729,93729,0.07,2.527,2.7881,"Aug 22, 14",1.7307692307692306
2014-08-25,2.84,2.85,2.77,2.81,92802,92802,-0.03,-1.056,2.8146,"Aug 25, 14",1.7019230769230769
2014-08-26,2.77,2.87,2.7,2.7,185911,185911,-0.11,-3.915,2.7772,"Aug 26, 14",1.5961538461538463
2014-08-27,2.78,2.78,2.7,2.75,81378,81378,0.05,1.852,2.7052,"Aug 27, 14",1.6442307692307692
2014-08-28,2.75,2.8,2.7,2.72,116436,116436,-0.03,-1.091,2.7174,"Aug 28, 14",1.6153846153846154
2014-08-29,2.68,2.75,2.65,2.75,127377,127377,0.03,1.103,2.6956,"Aug 29, 14",1.6442307692307692
2014-09-02,2.65,2.77,2.65,2.75,87968,87968,0,0,2.7049,"Sep 2, 14",1.6442307692307692
2014-09-03,2.7,2.75,2.7,2.74,174103,174103,-0.01,-0.364,2.7008,"Sep 3, 14",1.6346153846153848
2014-09-04,2.68,2.75,2.68,2.74,58902,58902,0,0,2.7127,"Sep 4, 14",1.6346153846153848
2014-09-05,2.65,2.73,2.65,2.7,128273,128273,-0.04,-1.46,2.7028,"Sep 5, 14",1.5961538461538463
2014-09-08,2.7,2.73,2.7,2.72,42692,42692,0.02,0.741,2.7027,"Sep 8, 14",1.6153846153846154
2014-09-09,2.65,2.73,2.65,2.71,98120,98120,-0.01,-0.368,2.7037,"Sep 9, 14",1.6057692307692306
2014-09-10,2.65,2.73,2.65,2.69,105841,105841,-0.02,-0.738,2.6973,"Sep 10, 14",1.5865384615384615
2014-09-11,2.675,2.73,2.65,2.65,314631,314631,-0.04,-1.487,2.6931,"Sep 11, 14",1.548076923076923
2014-09-12,2.64,2.72,2.64,2.68,49125,49125,0.03,1.132,2.679,"Sep 12, 14",1.576923076923077
2014-09-15,2.66,2.7,2.63,2.68,472443,472443,0,0,2.6549,"Sep 15, 14",1.576923076923077
2014-09-16,2.65,2.68,2.63,2.65,417090,417090,-0.03,-1.119,2.6472,"Sep 16, 14",1.548076923076923
2014-09-17,2.65,2.67,2.6,2.64,231233,231233,-0.01,-0.377,2.6251,"Sep 17, 14",1.5384615384615385
2014-09-18,2.64,2.64,2.6,2.62,150156,150156,-0.02,-0.758,2.6005,"Sep 18, 14",1.5192307692307692
2014-09-19,2.6,2.61,2.53,2.57,289673,289673,-0.05,-1.908,2.5617,"Sep 19, 14",1.4711538461538458
2014-09-22,2.52,2.57,2.42,2.54,169717,169717,-0.03,-1.167,2.5087,"Sep 22, 14",1.4423076923076923
2014-09-23,2.5,2.55,2.39,2.43,376009,376009,-0.11,-4.331,2.4395,"Sep 23, 14",1.3365384615384617
2014-09-24,2.4,2.43,2.25,2.32,562800,562800,-0.11,-4.527,2.3578,"Sep 24, 14",1.2307692307692306
2014-09-25,2.31,2.35,2.31,2.35,236919,236919,0.03,1.293,2.3406,"Sep 25, 14",1.2596153846153846
2014-09-26,2.35,2.75,2.35,2.69,233105,233105,0.34,14.468,2.5322,"Sep 26, 14",1.5865384615384615
2014-09-29,2.6,2.69,2.55,2.69,66331,66331,0,0,2.618,"Sep 29, 14",1.5865384615384615
2014-09-30,2.6,2.7,2.55,2.67,120961,120961,-0.02,-0.743,2.6316,"Sep 30, 14",1.567307692307692
2014-10-01,2.56,2.66,2.4,2.45,383932,383932,-0.22,-8.24,2.5184,"Oct 1, 14",1.3557692307692308
2014-10-02,2.3,2.65,2.3,2.46,160914,160914,0.01,0.408,2.4799,"Oct 2, 14",1.3653846153846152
2014-10-03,2.45,2.55,2.42,2.5,80635,80635,0.04,1.626,2.4685,"Oct 3, 14",1.4038461538461537
2014-10-06,2.5,2.5,2.41,2.42,44952,44952,-0.08,-3.2,2.4285,"Oct 6, 14",1.3269230769230769
2014-10-07,2.32,2.48,2.32,2.37,163480,163480,-0.05,-2.066,2.3628,"Oct 7, 14",1.278846153846154
2014-10-08,2.32,2.36,2.3,2.35,159730,159730,-0.02,-0.844,2.3375,"Oct 8, 14",1.2596153846153846
2014-10-09,2.29,3.305,2.29,2.3,217180,217180,-0.05,-2.128,2.3052,"Oct 9, 14",1.2115384615384612
2014-10-10,2.26,2.3,2.13,2.17,271789,271789,-0.13,-5.652,2.2136,"Oct 10, 14",1.0865384615384615
2014-10-13,2.14,2.225,2,2.05,666590,666590,-0.12,-5.53,2.0198,"Oct 13, 14",0.9711538461538459
2014-10-14,2.01,2.2,2,2.09,207568,207568,0.04,1.951,2.0249,"Oct 14, 14",1.0096153846153844
2014-10-15,2.1,2.15,2.07,2.08,213184,213184,-0.01,-0.478,2.0971,"Oct 15, 14",1
2014-10-16,2.05,2.18,2.05,2.08,126626,126626,0,0,2.0674,"Oct 16, 14",1
2014-10-17,2.11,2.39,2.11,2.39,82833,82833,0.31,14.904,2.1911,"Oct 17, 14",1.2980769230769231
2014-10-20,2.35,2.41,2.2,2.21,128950,128950,-0.18,-7.531,2.2519,"Oct 20, 14",1.125
2014-10-21,2.2,2.25,2.06,2.2,89032,89032,-0.01,-0.452,2.153,"Oct 21, 14",1.1153846153846154
2014-10-22,2.16,2.25,2.16,2.16,46759,46759,-0.04,-1.818,2.1931,"Oct 22, 14",1.076923076923077
2014-10-23,2.16,2.25,2.16,2.23,86012,86012,0.07,3.241,2.1984,"Oct 23, 14",1.1442307692307692
2014-10-24,2.21,2.25,2.17,2.25,38920,38920,0.02,0.897,2.2079,"Oct 24, 14",1.1634615384615383
2014-10-27,2.2,2.33,2.2,2.25,125998,125998,0,0,2.228,"Oct 27, 14",1.1634615384615383
2014-10-28,2.1,2.25,2.1,2.21,129528,129528,-0.04,-1.778,2.1998,"Oct 28, 14",1.125
2014-10-29,2.2,2.22,2.1,2.2,35095,35095,-0.01,-0.452,2.148,"Oct 29, 14",1.1153846153846154
2014-10-30,2.15,2.2,2.1,2.12,48000,48000,-0.08,-3.636,2.148,"Oct 30, 14",1.0384615384615385
2014-10-31,1.95,2.2,1.95,2.15,42018,42018,0.03,1.415,2.1599,"Oct 31, 14",1.067307692307692
2014-11-03,2.15,2.15,2,2.03,281873,281873,-0.12,-5.581,2.0449,"Nov 3, 14",0.9519230769230766
2014-11-04,2.01,2.06,1.95,2,4295365,4295365,-0.03,-1.478,1.9897,"Nov 4, 14",0.923076923076923
2014-11-05,2.005,2.15,2,2.12,230782,230782,0.12,6,2.0695,"Nov 5, 14",1.0384615384615385
2014-11-06,2.12,2.15,2.06,2.08,92119,92119,-0.04,-1.887,2.1195,"Nov 6, 14",1
2014-11-07,2,2.05,2,2.04,84988,84988,-0.04,-1.923,2.0247,"Nov 7, 14",0.9615384615384615
2014-11-10,2.01,2.05,1.95,2,247484,247484,-0.04,-1.961,1.9788,"Nov 10, 14",0.923076923076923
2014-11-11,1.95,2,1.95,2,33228,33228,0,0,1.9824,"Nov 11, 14",0.923076923076923
2014-11-12,1.99,1.99,1.95,1.98,306826,306826,-0.02,-1,1.9793,"Nov 12, 14",0.9038461538461537
2014-11-13,1.95,1.98,1.775,1.9,567396,567396,-0.08,-4.04,1.8357,"Nov 13, 14",0.8269230769230768
2014-11-14,1.85,1.85,1.79,1.83,256630,256630,-0.07,-3.684,1.8145,"Nov 14, 14",0.7596153846153846
2014-11-17,1.84,1.84,1.62,1.75,229261,229261,-0.08,-4.372,1.7558,"Nov 17, 14",0.6826923076923076
2014-11-18,1.75,1.79,1.72,1.75,167721,167721,0,0,1.7684,"Nov 18, 14",0.6826923076923076
2014-11-19,1.8,1.8,1.75,1.78,90703,90703,0.03,1.714,1.7776,"Nov 19, 14",0.7115384615384615
2014-11-20,1.72,1.78,1.7,1.75,396323,396323,-0.03,-1.685,1.7461,"Nov 20, 14",0.6826923076923076
2014-11-21,1.75,1.8,1.7,1.74,87305,87305,-0.01,-0.571,1.7355,"Nov 21, 14",0.673076923076923
2014-11-24,1.7,1.84,1.7,1.82,92026,92026,0.08,4.598,1.7755,"Nov 24, 14",0.75
2014-11-25,1.8,1.85,1.78,1.85,136676,136676,0.03,1.648,1.8105,"Nov 25, 14",0.7788461538461539
2014-11-26,1.83,2,1.8,2,225820,225820,0.15,8.108,1.9024,"Nov 26, 14",0.923076923076923
2014-11-28,2.01,2.05,1.9,2,136035,136035,0,0,2.0061,"Nov 28, 14",0.923076923076923
2014-12-01,1.93,2.29,1.93,2.2,627819,627819,0.2,10,2.1245,"Dec 1, 14",1.1153846153846154
2014-12-02,2.25,2.3,2,2,404646,404646,-0.2,-9.091,2.1396,"Dec 2, 14",0.923076923076923
2014-12-03,2.3,2.3,2.04,2.08,50736,50736,0.08,4,2.0653,"Dec 3, 14",1
2014-12-04,2.04,2.15,2.04,2.04,76391,76391,-0.04,-1.923,2.0552,"Dec 4, 14",0.9615384615384615
2014-12-05,2.04,2.1,2.02,2.03,103444,103444,-0.01,-0.49,2.0367,"Dec 5, 14",0.9519230769230766
2014-12-08,2,2.05,2,2.05,82948,82948,0.02,0.985,2.022,"Dec 8, 14",0.9711538461538459
2014-12-09,2.05,2.05,2,2.01,52910,52910,-0.04,-1.951,2.0121,"Dec 9, 14",0.9326923076923074
2014-12-10,2,2.04,2,2,88103,88103,-0.01,-0.498,2.0032,"Dec 10, 14",0.923076923076923
2014-12-11,1.98,2.03,1.98,2.01,131391,131391,0.01,0.5,2.001,"Dec 11, 14",0.9326923076923074
2014-12-12,2,2.05,2,2.02,123533,123533,0.01,0.498,2.0117,"Dec 12, 14",0.9423076923076923
2014-12-15,2,2.02,1.9,1.95,206455,206455,-0.07,-3.465,1.9949,"Dec 15, 14",0.8749999999999999
2014-12-16,1.8,1.95,1.8,1.9,56056,56056,-0.05,-2.564,1.9139,"Dec 16, 14",0.8269230769230768
2014-12-17,1.9,1.9,1.8,1.83,109422,109422,-0.07,-3.684,1.8376,"Dec 17, 14",0.7596153846153846
2014-12-18,1.8,1.95,1.8,1.82,114290,114290,-0.01,-0.546,1.8145,"Dec 18, 14",0.75
2014-12-19,1.88,1.88,1.81,1.88,125991,125991,0.06,3.297,1.8311,"Dec 19, 14",0.8076923076923075
2014-12-22,2.215,2.7,2.1,2.34,1910933,1910933,0.46,24.468,2.3783,"Dec 22, 14",1.2499999999999998
2014-12-23,2.31,2.4,2.05,2.14,1388203,1388203,-0.2,-8.547,2.1993,"Dec 23, 14",1.0576923076923077
2014-12-24,2.19,2.19,2.1,2.14,1167845,1167845,0,0,2.1329,"Dec 24, 14",1.0576923076923077
2014-12-26,2.15,2.17,2.1,2.1,269936,269936,-0.04,-1.869,2.1424,"Dec 26, 14",1.0192307692307692
2014-12-29,2.1,2.18,2.06,2.1,488037,488037,0,0,2.1088,"Dec 29, 14",1.0192307692307692
2014-12-30,2.12,2.15,2.07,2.11,567240,567240,0.01,0.476,2.1047,"Dec 30, 14",1.0288461538461537
2014-12-31,2.02,2.11,2,2.05,1611893,1611893,-0.06,-2.844,2.038,"Dec 31, 14",0.9711538461538459
2015-01-02,2.15,2.25,2.1,2.2,1638580,1638580,0.15,7.317,2.1907,"Jan 2, 15",1.1153846153846154
2015-01-05,2.2,2.4,2.15,2.2,671089,671089,0,0,2.201,"Jan 5, 15",1.1153846153846154
2015-01-06,2.2,2.2,2.15,2.18,724655,724655,-0.02,-0.909,2.1778,"Jan 6, 15",1.0961538461538463
2015-01-07,2.16,2.19,2.11,2.19,1422297,1422297,0.01,0.459,2.1702,"Jan 7, 15",1.1057692307692306
2015-01-08,2.13,2.195,2.13,2.18,1539955,1539955,-0.01,-0.457,2.1757,"Jan 8, 15",1.0961538461538463
2015-01-09,2.2,2.2,2.17,2.19,394173,394173,0.01,0.459,2.1928,"Jan 9, 15",1.1057692307692306
2015-01-12,2.24,2.25,2.18,2.19,836416,836416,0,0,2.1929,"Jan 12, 15",1.1057692307692306
2015-01-13,2.195,2.21,2.18,2.18,307498,307498,-0.01,-0.457,2.1928,"Jan 13, 15",1.0961538461538463
2015-01-14,2.19,2.21,2.18,2.2,689373,689373,0.02,0.917,2.199,"Jan 14, 15",1.1153846153846154
2015-01-15,2.19,2.195,2.14,2.18,234499,234499,-0.02,-0.909,2.1656,"Jan 15, 15",1.0961538461538463
2015-01-16,2.12,2.2,2.12,2.18,68230,68230,0,0,2.1694,"Jan 16, 15",1.0961538461538463
2015-01-20,2.1,2.2,2.1,2.19,209927,209927,0.01,0.459,2.1854,"Jan 20, 15",1.1057692307692306
2015-01-21,2.2,2.2,2.15,2.18,79355,79355,-0.01,-0.457,2.1718,"Jan 21, 15",1.0961538461538463
2015-01-22,2.15,2.18,2.14,2.18,161441,161441,0,0,2.1547,"Jan 22, 15",1.0961538461538463
2015-01-23,2.19,2.2,2.15,2.2,617062,617062,0.02,0.917,2.1919,"Jan 23, 15",1.1153846153846154
2015-01-26,2.2,2.2,2.11,2.15,178110,178110,-0.05,-2.273,2.1601,"Jan 26, 15",1.067307692307692
2015-01-27,2.11,2.16,2.1,2.16,225481,225481,0.01,0.465,2.1442,"Jan 27, 15",1.076923076923077
2015-01-28,2.15,2.2,2.15,2.18,323174,323174,0.02,0.926,2.1637,"Jan 28, 15",1.0961538461538463
2015-01-29,2.15,2.2,2.15,2.15,192591,192591,-0.03,-1.376,2.1562,"Jan 29, 15",1.067307692307692
2015-01-30,2.17,2.17,2.14,2.15,348361,348361,0,0,2.1622,"Jan 30, 15",1.067307692307692
2015-02-02,2.12,2.18,2.12,2.15,162680,162680,0,0,2.158,"Feb 2, 15",1.067307692307692
2015-02-03,2.12,2.17,2.12,2.15,304602,304602,0,0,2.1574,"Feb 3, 15",1.067307692307692
2015-02-04,2.17,2.17,2.15,2.16,177494,177494,0.01,0.465,2.1586,"Feb 4, 15",1.076923076923077
2015-02-05,2.16,2.17,2.15,2.15,145272,145272,-0.01,-0.463,2.1596,"Feb 5, 15",1.067307692307692
2015-02-06,2.17,2.22,2.15,2.19,2716316,2716316,0.04,1.86,2.1851,"Feb 6, 15",1.1057692307692306
2015-02-09,2.19,2.2,2.18,2.2,247692,247692,0.01,0.457,2.1962,"Feb 9, 15",1.1153846153846154
2015-02-10,2.15,2.23,2.15,2.22,145161,145161,0.02,0.909,2.1977,"Feb 10, 15",1.1346153846153848
2015-02-11,2.23,2.23,2.18,2.2,424534,424534,-0.02,-0.901,2.2008,"Feb 11, 15",1.1153846153846154
2015-02-12,2.2,2.2,2.19,2.2,147995,147995,0,0,2.1992,"Feb 12, 15",1.1153846153846154
2015-02-13,2.2,2.2,2.18,2.2,218598,218598,0,0,2.1986,"Feb 13, 15",1.1153846153846154
2015-02-17,2.19,2.2,2.15,2.17,126845,126845,-0.03,-1.364,2.1808,"Feb 17, 15",1.0865384615384615
2015-02-18,2.15,2.2,2.15,2.2,122619,122619,0.03,1.382,2.1696,"Feb 18, 15",1.1153846153846154
2015-02-19,2.16,2.2,2.16,2.18,177745,177745,-0.02,-0.909,2.1833,"Feb 19, 15",1.0961538461538463
2015-02-20,2.18,2.2,2.16,2.2,61851,61851,0.02,0.917,2.1874,"Feb 20, 15",1.1153846153846154
2015-02-23,2.15,2.2,2.15,2.2,62520,62520,0,0,2.1639,"Feb 23, 15",1.1153846153846154
2015-02-24,2.18,2.2,2.15,2.2,522104,522104,0,0,2.1816,"Feb 24, 15",1.1153846153846154
2015-02-25,2.15,2.41,2.15,2.32,493629,493629,0.12,5.455,2.243,"Feb 25, 15",1.2307692307692306
2015-02-26,2.36,2.64,2.32,2.55,815402,815402,0.23,9.914,2.4228,"Feb 26, 15",1.4519230769230766
2015-02-27,2.59,2.6,2.5,2.55,561396,561396,0,0,2.5687,"Feb 27, 15",1.4519230769230766
2015-03-02,2.55,2.6,2.54,2.55,371620,371620,0,0,2.5584,"Mar 2, 15",1.4519230769230766
2015-03-03,2.5,2.58,2.5,2.55,431039,431039,0,0,2.5529,"Mar 3, 15",1.4519230769230766
2015-03-04,2.55,2.55,2.5,2.52,67334,67334,-0.03,-1.176,2.5153,"Mar 4, 15",1.423076923076923
2015-03-05,2.54,2.54,2.4,2.48,96038,96038,-0.04,-1.587,2.4479,"Mar 5, 15",1.3846153846153846
2015-03-06,2.4,2.44,2.34,2.44,226671,226671,-0.04,-1.613,2.408,"Mar 6, 15",1.346153846153846
2015-03-09,2.45,2.48,2.39,2.42,229288,229288,-0.02,-0.82,2.4208,"Mar 9, 15",1.3269230769230769
2015-03-10,2.43,2.43,2.4,2.42,115195,115195,0,0,2.4177,"Mar 10, 15",1.3269230769230769
2015-03-11,2.37,2.42,2.37,2.39,390137,390137,-0.03,-1.24,2.3988,"Mar 11, 15",1.2980769230769231
2015-03-12,2.41,2.41,2.35,2.38,219437,219437,-0.01,-0.418,2.3918,"Mar 12, 15",1.2884615384615383
2015-03-13,2.35,2.375,2.24,2.32,263745,263745,-0.06,-2.521,2.328,"Mar 13, 15",1.2307692307692306
2015-03-16,2.3,2.35,2.24,2.35,341085,341085,0.03,1.293,2.3059,"Mar 16, 15",1.2596153846153846
2015-03-17,2.35,2.4,2.32,2.35,244614,244614,0,0,2.3498,"Mar 17, 15",1.2596153846153846
2015-03-18,2.35,2.35,2.3,2.34,376816,376816,-0.01,-0.426,2.3353,"Mar 18, 15",1.2499999999999998
2015-03-19,2.35,2.35,2.33,2.33,182863,182863,-0.01,-0.427,2.3391,"Mar 19, 15",1.2403846153846154
2015-03-20,2.35,2.35,2.3,2.33,262767,262767,0,0,2.3295,"Mar 20, 15",1.2403846153846154
2015-03-23,2.4,2.4,2.28,2.37,167623,167623,0.04,1.717,2.2998,"Mar 23, 15",1.278846153846154
2015-03-24,2.3,2.37,2.3,2.32,157531,157531,-0.05,-2.11,2.3417,"Mar 24, 15",1.2307692307692306
2015-03-25,2.32,2.32,2.28,2.29,285610,285610,-0.03,-1.293,2.2952,"Mar 25, 15",1.2019230769230769
2015-03-26,2.25,2.3,2.25,2.28,64495,64495,-0.01,-0.437,2.2648,"Mar 26, 15",1.192307692307692
2015-03-27,2.3,2.3,2.24,2.26,236923,236923,-0.02,-0.877,2.2531,"Mar 27, 15",1.173076923076923
2015-03-30,2.26,2.3,2.23,2.25,414732,414732,-0.01,-0.442,2.2503,"Mar 30, 15",1.1634615384615383
2015-03-31,2.21,2.3,2.2,2.2,219088,219088,-0.05,-2.222,2.2413,"Mar 31, 15",1.1153846153846154
2015-04-01,2.18,2.21,2.17,2.2,274113,274113,0,0,2.1939,"Apr 1, 15",1.1153846153846154
2015-04-02,2.17,2.29,2.16,2.27,500758,500758,0.07,3.182,2.2087,"Apr 2, 15",1.1826923076923077
2015-04-06,2.28,2.39,2.25,2.35,199692,199692,0.08,3.524,2.3364,"Apr 6, 15",1.2596153846153846
2015-04-07,2.3,2.435,2.3,2.4,395259,395259,0.05,2.128,2.3952,"Apr 7, 15",1.3076923076923075
2015-04-08,2.45,2.5,2.39,2.49,283450,283450,0.09,3.75,2.4233,"Apr 8, 15",1.3942307692307694
2015-04-09,2.42,2.5,2.4,2.48,56968,56968,-0.01,-0.402,2.4655,"Apr 9, 15",1.3846153846153846
2015-04-10,2.5,2.5,2.42,2.5,98489,98489,0.02,0.806,2.4787,"Apr 10, 15",1.4038461538461537
2015-04-13,2.46,2.5,2.4,2.49,397575,397575,-0.01,-0.4,2.4346,"Apr 13, 15",1.3942307692307694
2015-04-14,2.5,2.5,2.41,2.47,196022,196022,-0.02,-0.803,2.4272,"Apr 14, 15",1.375
2015-04-15,2.4,2.49,2.4,2.45,253757,253757,-0.02,-0.81,2.4483,"Apr 15, 15",1.3557692307692308
2015-04-16,2.43,2.5,2.43,2.48,224191,224191,0.03,1.224,2.4721,"Apr 16, 15",1.3846153846153846
2015-04-17,2.455,2.49,2.45,2.48,341904,341904,0,0,2.4688,"Apr 17, 15",1.3846153846153846
2015-04-20,2.45,2.51,2.45,2.5,155099,155099,0.02,0.806,2.4948,"Apr 20, 15",1.4038461538461537
2015-04-21,2.51,2.65,2.5,2.57,893965,893965,0.07,2.8,2.6001,"Apr 21, 15",1.4711538461538458
2015-04-22,2.59,2.63,2.53,2.55,320881,320881,-0.02,-0.778,2.5959,"Apr 22, 15",1.4519230769230766
2015-04-23,2.55,2.6,2.55,2.59,235200,235200,0.04,1.569,2.5896,"Apr 23, 15",1.4903846153846152
2015-04-24,2.595,2.63,2.59,2.61,596301,596301,0.02,0.772,2.6045,"Apr 24, 15",1.5096153846153844
2015-04-27,2.61,2.68,2.6,2.65,230838,230838,0.04,1.533,2.639,"Apr 27, 15",1.548076923076923
2015-04-28,2.64,2.67,2.6,2.6,558650,558650,-0.05,-1.887,2.6356,"Apr 28, 15",1.5
2015-04-29,2.6,2.6,2.45,2.58,592519,592519,-0.02,-0.769,2.516,"Apr 29, 15",1.4807692307692308
2015-04-30,2.59,2.6,2.52,2.58,199596,199596,0,0,2.5576,"Apr 30, 15",1.4807692307692308
2015-05-01,2.52,2.68,2.52,2.65,1020306,1020306,0.07,2.713,2.636,"May 1, 15",1.548076923076923
2015-05-04,2.64,2.76,2.64,2.71,835863,835863,0.06,2.264,2.6968,"May 4, 15",1.6057692307692306
2015-05-05,2.71,2.76,2.69,2.73,519238,519238,0.02,0.738,2.7493,"May 5, 15",1.625
2015-05-06,2.72,2.75,2.7,2.72,395796,395796,-0.01,-0.366,2.713,"May 6, 15",1.6153846153846154
2015-05-07,2.75,2.79,2.73,2.76,429716,429716,0.04,1.471,2.7692,"May 7, 15",1.6538461538461535
2015-05-08,2.75,2.77,2.71,2.74,136006,136006,-0.02,-0.725,2.7303,"May 8, 15",1.6346153846153848
2015-05-11,2.73,2.75,2.71,2.72,156235,156235,-0.02,-0.73,2.7417,"May 11, 15",1.6153846153846154
2015-05-12,2.71,2.723,2.69,2.7,447994,447994,-0.02,-0.735,2.7028,"May 12, 15",1.5961538461538463
2015-05-13,2.71,2.73,2.69,2.704,170336,170336,0.004,0.148,2.7116,"May 13, 15",1.6
2015-05-14,2.71,2.73,2.695,2.73,276544,276544,0.026,0.962,2.7077,"May 14, 15",1.625
2015-05-15,2.71,2.77,2.71,2.76,415662,415662,0.03,1.099,2.7401,"May 15, 15",1.6538461538461535
2015-05-18,2.77,3.01,2.75,3.01,1180923,1180923,0.25,9.058,2.8969,"May 18, 15",1.894230769230769
2015-05-19,3,3.13,2.96,3,546998,546998,-0.01,-0.332,3.0328,"May 19, 15",1.8846153846153846
2015-05-20,3.02,3.03,2.88,2.99,339937,339937,-0.01,-0.333,2.9525,"May 20, 15",1.875
2015-05-21,2.95,2.99,2.92,2.94,318324,318324,-0.05,-1.672,2.9498,"May 21, 15",1.8269230769230769
2015-05-22,2.92,2.96,2.86,2.93,199049,199049,-0.01,-0.34,2.9083,"May 22, 15",1.8173076923076923
2015-05-26,2.895,2.911,2.81,2.84,187731,187731,-0.09,-3.072,2.8487,"May 26, 15",1.7307692307692306
2015-05-27,2.85,2.85,2.76,2.78,164235,164235,-0.06,-2.113,2.8073,"May 27, 15",1.673076923076923
2015-05-28,2.76,2.77,2.64,2.76,710609,710609,-0.02,-0.719,2.6795,"May 28, 15",1.6538461538461535
2015-05-29,2.75,2.9,2.71,2.85,137535,137535,0.09,3.261,2.8507,"May 29, 15",1.7403846153846154
2015-06-01,2.86,2.9,2.78,2.8,83297,83297,-0.05,-1.754,2.8656,"Jun 1, 15",1.692307692307692
2015-06-02,2.78,2.85,2.78,2.83,72507,72507,0.03,1.071,2.8266,"Jun 2, 15",1.721153846153846
2015-06-03,2.83,2.89,2.78,2.88,97704,97704,0.05,1.767,2.8431,"Jun 3, 15",1.769230769230769
2015-06-04,2.87,2.9,2.8,2.81,278215,278215,-0.07,-2.431,2.828,"Jun 4, 15",1.7019230769230769
2015-06-05,2.82,2.83,2.81,2.82,97775,97775,0.01,0.356,2.8194,"Jun 5, 15",1.7115384615384612
2015-06-08,2.8,2.84,2.786,2.8,92583,92583,-0.02,-0.709,2.8009,"Jun 8, 15",1.692307692307692
2015-06-09,2.79,2.794,2.69,2.7501,483536,483536,-0.0499,-1.782,2.7508,"Jun 9, 15",1.6443269230769233
2015-06-10,2.75,2.8,2.74,2.75,184350,184350,-0.0001,-0.004,2.765,"Jun 10, 15",1.6442307692307692
2015-06-11,2.75,2.8,2.75,2.8,157966,157966,0.05,1.818,2.7665,"Jun 11, 15",1.692307692307692
2015-06-12,2.8,2.81,2.75,2.78,126193,126193,-0.02,-0.714,2.7868,"Jun 12, 15",1.673076923076923
2015-06-15,2.78,2.8,2.75,2.7899,43938,43938,0.0099,0.356,2.774,"Jun 15, 15",1.6825961538461536
2015-06-16,2.79,2.8,2.75,2.77,50460,50460,-0.0199,-0.713,2.7623,"Jun 16, 15",1.6634615384615383
2015-06-17,2.77,2.77,2.75,2.75,292781,292781,-0.02,-0.722,2.7533,"Jun 17, 15",1.6442307692307692
2015-06-18,2.7799,2.8,2.76,2.77,210862,210862,0.02,0.727,2.7907,"Jun 18, 15",1.6634615384615383
2015-06-19,2.77,2.79,2.73,2.76,70331,70331,-0.01,-0.361,2.7516,"Jun 19, 15",1.6538461538461535
2015-06-22,2.752,2.79,2.75,2.75,54936,54936,-0.01,-0.362,2.7559,"Jun 22, 15",1.6442307692307692
2015-06-23,2.75,2.79,2.74,2.77,78084,78084,0.02,0.727,2.7672,"Jun 23, 15",1.6634615384615383
2015-06-24,2.75,2.762,2.71,2.732,856842,856842,-0.038,-1.372,2.7447,"Jun 24, 15",1.6269230769230771
2015-06-25,2.73,2.75,2.6,2.63,323911,323911,-0.102,-3.734,2.6961,"Jun 25, 15",1.5288461538461537
2015-06-26,2.63,2.64,2.6,2.64,143155,143155,0.01,0.38,2.6212,"Jun 26, 15",1.5384615384615385
2015-06-29,2.59,2.64,2.55,2.59,182087,182087,-0.05,-1.894,2.6039,"Jun 29, 15",1.4903846153846152
2015-06-30,2.58,2.64,2.58,2.61,131082,131082,0.02,0.772,2.6189,"Jun 30, 15",1.5096153846153844
2015-07-01,2.62,2.7,2.59,2.62,316344,316344,0.01,0.383,2.6092,"Jul 1, 15",1.5192307692307692
2015-07-02,2.61,2.62,2.54,2.59,199477,199477,-0.03,-1.145,2.5923,"Jul 2, 15",1.4903846153846152
2015-07-06,2.54,2.63,2.5,2.58,1060229,1060229,-0.01,-0.386,2.5927,"Jul 6, 15",1.4807692307692308
2015-07-07,2.56,2.584,2.42,2.531,434517,434517,-0.049,-1.899,2.4869,"Jul 7, 15",1.4336538461538462
2015-07-08,2.51,2.54,2.455,2.54,286729,286729,0.009,0.356,2.5005,"Jul 8, 15",1.4423076923076923
2015-07-09,2.53,2.58,2.5,2.53,184320,184320,-0.01,-0.394,2.5368,"Jul 9, 15",1.4326923076923075
2015-07-10,2.54,2.56,2.53,2.55,139341,139341,0.02,0.791,2.5439,"Jul 10, 15",1.4519230769230766
2015-07-13,2.54,2.56,2.53,2.56,85358,85358,0.01,0.392,2.5436,"Jul 13, 15",1.4615384615384615
2015-07-14,2.54,2.57,2.52,2.56,126473,126473,0,0,2.5477,"Jul 14, 15",1.4615384615384615
2015-07-15,2.555,2.62,2.55,2.58,139404,139404,0.02,0.781,2.569,"Jul 15, 15",1.4807692307692308
2015-07-16,2.56,2.75,2.56,2.75,225019,225019,0.17,6.589,2.6376,"Jul 16, 15",1.6442307692307692
2015-07-17,2.73,2.86,2.73,2.84,435180,435180,0.09,3.273,2.8151,"Jul 17, 15",1.7307692307692306
2015-07-20,2.8,2.9,2.8,2.87,1909222,1909222,0.03,1.056,2.87,"Jul 20, 15",1.7596153846153846
2015-07-21,2.87,2.87,2.74,2.75,431115,431115,-0.12,-4.181,2.766,"Jul 21, 15",1.6442307692307692
2015-07-22,2.75,2.76,2.63,2.6499,2986405,2986405,-0.1001,-3.64,2.6833,"Jul 22, 15",1.5479807692307692
2015-07-23,2.63,2.65,2.52,2.6,493158,493158,-0.0499,-1.883,2.5939,"Jul 23, 15",1.5
2015-07-24,2.6,2.6,2.52,2.56,103229,103229,-0.04,-1.538,2.5514,"Jul 24, 15",1.4615384615384615
2015-07-27,2.57,2.59,2.42,2.55,180079,180079,-0.01,-0.391,2.5003,"Jul 27, 15",1.4519230769230766
2015-07-28,2.53,2.58,2.45,2.49,93308,93308,-0.06,-2.353,2.4906,"Jul 28, 15",1.3942307692307694
2015-07-29,2.45,2.5,2.45,2.49,121902,121902,0,0,2.4761,"Jul 29, 15",1.3942307692307694
2015-07-30,2.49,2.52,2.46,2.52,67349,67349,0.03,1.205,2.488,"Jul 30, 15",1.423076923076923
2015-07-31,2.49,2.55,2.49,2.53,56889,56889,0.01,0.397,2.5253,"Jul 31, 15",1.4326923076923075
2015-08-03,2.52,2.54,2.46,2.47,67472,67472,-0.06,-2.372,2.5182,"Aug 3, 15",1.375
2015-08-04,2.47,2.62,2.42,2.47,125762,125762,0,0,2.5466,"Aug 4, 15",1.375
2015-08-05,2.477,2.51,2.45,2.49,199045,199045,0.02,0.81,2.4881,"Aug 5, 15",1.3942307692307694
2015-08-06,2.48,2.5,2.4,2.45,297726,297726,-0.04,-1.606,2.4523,"Aug 6, 15",1.3557692307692308
2015-08-07,2.44,2.49,2.39,2.41,296051,296051,-0.04,-1.633,2.4062,"Aug 7, 15",1.3173076923076923
2015-08-10,2.4,2.401,2.35,2.39,156416,156416,-0.02,-0.83,2.3796,"Aug 10, 15",1.2980769230769231
2015-08-11,2.37,2.4,2.24,2.35,440352,440352,-0.04,-1.674,2.3199,"Aug 11, 15",1.2596153846153846
2015-08-12,2.27,2.39,2.27,2.35,148697,148697,0,0,2.327,"Aug 12, 15",1.2596153846153846
2015-08-13,2.36,2.474,2.34,2.44,175818,175818,0.09,3.83,2.3909,"Aug 13, 15",1.346153846153846
2015-08-14,2.44,2.44,2.35,2.372,103530,103530,-0.068,-2.787,2.3961,"Aug 14, 15",1.2807692307692307
2015-08-17,2.39,2.39,2.28,2.34,184605,184605,-0.032,-1.349,2.3253,"Aug 17, 15",1.2499999999999998
2015-08-18,2.32,2.35,2.29,2.32,330131,330131,-0.02,-0.855,2.3079,"Aug 18, 15",1.2307692307692306
2015-08-19,2.3,2.32,2.29,2.32,337402,337402,0,0,2.305,"Aug 19, 15",1.2307692307692306
2015-08-20,2.32,2.34,2.31,2.33,213193,213193,0.01,0.431,2.3253,"Aug 20, 15",1.2403846153846154
2015-08-21,2.34,2.34,2.25,2.276,258536,258536,-0.054,-2.318,2.2956,"Aug 21, 15",1.1884615384615382
2015-08-24,2.29,2.34,2.12,2.27,314940,314940,-0.006,-0.264,2.237,"Aug 24, 15",1.1826923076923077
2015-08-25,2.27,2.38,2.26,2.31,184975,184975,0.04,1.762,2.3273,"Aug 25, 15",1.221153846153846
2015-08-26,2.35,2.36,2.33,2.35,122774,122774,0.04,1.732,2.3448,"Aug 26, 15",1.2596153846153846
2015-08-27,2.354,2.354,2.3,2.33,258630,258630,-0.02,-0.851,2.3279,"Aug 27, 15",1.2403846153846154
2015-08-28,2.32,2.34,2.28,2.31,118789,118789,-0.02,-0.858,2.3029,"Aug 28, 15",1.221153846153846
2015-08-31,2.3,2.33,2.26,2.3,100278,100278,-0.01,-0.433,2.2914,"Aug 31, 15",1.2115384615384612
2015-09-01,2.29,2.33,2.27,2.3,254044,254044,0,0,2.2933,"Sep 1, 15",1.2115384615384612
2015-09-02,2.3,2.3,2.26,2.27,141260,141260,-0.03,-1.304,2.2725,"Sep 2, 15",1.1826923076923077
2015-09-03,2.29,2.29,2.27,2.27,46116,46116,0,0,2.2724,"Sep 3, 15",1.1826923076923077
2015-09-04,2.27,2.27,2.26,2.26,81500,81500,-0.01,-0.441,2.264,"Sep 4, 15",1.173076923076923
2015-09-08,2.25,2.32,2.25,2.32,181719,181719,0.06,2.655,2.2936,"Sep 8, 15",1.2307692307692306
2015-09-09,2.31,2.553,2.31,2.51,282024,282024,0.19,8.19,2.4363,"Sep 9, 15",1.413461538461538
2015-09-10,2.51,2.52,2.43,2.49,119051,119051,-0.02,-0.797,2.4825,"Sep 10, 15",1.3942307692307694
2015-09-11,2.45,2.52,2.42,2.52,218196,218196,0.03,1.205,2.4617,"Sep 11, 15",1.423076923076923
2015-09-14,2.52,2.52,2.46,2.52,58717,58717,0,0,2.4967,"Sep 14, 15",1.423076923076923
2015-09-15,2.5,2.55,2.45,2.48,123654,123654,-0.04,-1.587,2.4933,"Sep 15, 15",1.3846153846153846
2015-09-16,2.48,2.54,2.48,2.51,218828,218828,0.03,1.21,2.5044,"Sep 16, 15",1.413461538461538
2015-09-17,2.5,2.52,2.5,2.51,86577,86577,0,0,2.5041,"Sep 17, 15",1.413461538461538
2015-09-18,2.5,2.6,2.49,2.6,483570,483570,0.09,3.586,2.5094,"Sep 18, 15",1.5
2015-09-21,2.51,2.6,2.51,2.52,115143,115143,-0.08,-3.077,2.5209,"Sep 21, 15",1.423076923076923
2015-09-22,2.513,2.53,2.48,2.48,66560,66560,-0.04,-1.587,2.5027,"Sep 22, 15",1.3846153846153846
2015-09-23,2.48,2.49,2.42,2.42,97123,97123,-0.06,-2.419,2.4335,"Sep 23, 15",1.3269230769230769
2015-09-24,2.46,2.55,2.43,2.43,485003,485003,0.01,0.413,2.486,"Sep 24, 15",1.3365384615384617
2015-09-25,2.58,2.78,2.579,2.69,1176599,1176599,0.26,10.7,2.724,"Sep 25, 15",1.5865384615384615
2015-09-28,2.98,2.98,2.59,2.69,272932,272932,0,0,2.7263,"Sep 28, 15",1.5865384615384615
2015-09-29,2.74,2.74,2.55,2.65,360936,360936,-0.04,-1.487,2.6213,"Sep 29, 15",1.548076923076923
2015-09-30,2.68,2.68,2.55,2.6,232377,232377,-0.05,-1.887,2.5996,"Sep 30, 15",1.5
2015-10-01,2.55,2.616,2.55,2.57,80038,80038,-0.03,-1.154,2.5741,"Oct 1, 15",1.4711538461538458
2015-10-02,2.62,2.63,2.56,2.5832,149734,149734,0.0132,0.514,2.6046,"Oct 2, 15",1.4838461538461538
2015-10-05,2.57,2.6,2.57,2.57,133449,133449,-0.0132,-0.511,2.5785,"Oct 5, 15",1.4711538461538458
2015-10-06,2.6,2.6,2.57,2.59,162937,162937,0.02,0.778,2.579,"Oct 6, 15",1.4903846153846152
2015-10-07,2.6,2.6,2.57,2.59,328310,328310,0,0,2.5807,"Oct 7, 15",1.4903846153846152
2015-10-08,2.57,2.6,2.57,2.59,167959,167959,0,0,2.5833,"Oct 8, 15",1.4903846153846152
2015-10-09,2.6,2.6,2.57,2.58,99913,99913,-0.01,-0.386,2.5874,"Oct 9, 15",1.4807692307692308
2015-10-12,2.58,2.59,2.57,2.58,129915,129915,0,0,2.5815,"Oct 12, 15",1.4807692307692308
2015-10-13,2.57,2.59,2.525,2.59,149026,149026,0.01,0.388,2.5811,"Oct 13, 15",1.4903846153846152
2015-10-14,2.54,2.54,2.39,2.5,464093,464093,-0.09,-3.475,2.5092,"Oct 14, 15",1.4038461538461537
2015-10-15,2.51,2.5104,2.42,2.46,587908,587908,-0.04,-1.6,2.4755,"Oct 15, 15",1.3653846153846152
2015-10-16,2.45,2.53,2.41,2.5,1198673,1198673,0.04,1.626,2.453,"Oct 16, 15",1.4038461538461537
2015-10-19,2.5,2.56,2.47,2.47,472974,472974,-0.03,-1.2,2.5171,"Oct 19, 15",1.375
2015-10-20,2.46,2.46,2.4,2.43,242146,242146,-0.04,-1.619,2.4462,"Oct 20, 15",1.3365384615384617
2015-10-21,2.4,2.46,2.4,2.44,258751,258751,0.01,0.412,2.4397,"Oct 21, 15",1.346153846153846
2015-10-22,2.42,2.4697,2.42,2.45,646400,646400,0.01,0.41,2.4531,"Oct 22, 15",1.3557692307692308
2015-10-23,2.445,2.48,2.42,2.44,247815,247815,-0.01,-0.408,2.442,"Oct 23, 15",1.346153846153846
2015-10-26,2.41,2.445,2.4,2.43,270200,270200,-0.01,-0.41,2.4279,"Oct 26, 15",1.3365384615384617
2015-10-27,2.46,2.46,2.37,2.4,565475,565475,-0.03,-1.235,2.4064,"Oct 27, 15",1.3076923076923075
2015-10-28,2.404,2.42,2.35,2.37,494430,494430,-0.03,-1.25,2.3702,"Oct 28, 15",1.278846153846154
2015-10-29,2.29,2.37,2.28,2.37,1021022,1021022,0,0,2.3416,"Oct 29, 15",1.278846153846154
2015-10-30,2.37,2.37,2.31,2.34,251730,251730,-0.03,-1.266,2.3251,"Oct 30, 15",1.2499999999999998
2015-11-02,2.31,2.35,2.31,2.35,214628,214628,0.01,0.427,2.3287,"Nov 2, 15",1.2596153846153846
2015-11-03,2.35,2.3899,2.32,2.33,128891,128891,-0.02,-0.851,2.3489,"Nov 3, 15",1.2403846153846154
2015-11-04,2.32,2.35,2.31,2.34,90131,90131,0.01,0.429,2.3312,"Nov 4, 15",1.2499999999999998
2015-11-05,2.34,2.36,2.32,2.36,86876,86876,0.02,0.855,2.3401,"Nov 5, 15",1.269230769230769
2015-11-06,2.36,2.4,2.32,2.34,103126,103126,-0.02,-0.847,2.3396,"Nov 6, 15",1.2499999999999998
2015-11-09,2.331,2.35,2.32,2.35,91894,91894,0.01,0.427,2.3343,"Nov 9, 15",1.2596153846153846
2015-11-10,2.31,2.331,2.26,2.33,244580,244580,-0.02,-0.851,2.3048,"Nov 10, 15",1.2403846153846154
2015-11-11,2.32,2.35,2.259,2.35,132323,132323,0.02,0.858,2.2948,"Nov 11, 15",1.2596153846153846
2015-11-12,2.28,2.32,2.28,2.31,94952,94952,-0.04,-1.702,2.2997,"Nov 12, 15",1.221153846153846
2015-11-13,2.25,2.3,2.25,2.29,243719,243719,-0.02,-0.866,2.2722,"Nov 13, 15",1.2019230769230769
2015-11-16,2.29,2.4,2.29,2.35,177877,177877,0.06,2.62,2.346,"Nov 16, 15",1.2596153846153846
2015-11-17,2.32,2.45,2.3,2.37,449903,449903,0.02,0.851,2.3754,"Nov 17, 15",1.278846153846154
2015-11-18,2.35,2.4,2.34,2.4,285961,285961,0.03,1.266,2.3809,"Nov 18, 15",1.3076923076923075
2015-11-19,2.37,2.425,2.35,2.4,247117,247117,0,0,2.3956,"Nov 19, 15",1.3076923076923075
2015-11-20,2.4,2.45,2.35,2.43,170142,170142,0.03,1.25,2.4026,"Nov 20, 15",1.3365384615384617
2015-11-23,2.43,2.43,2.375,2.38,80823,80823,-0.05,-2.058,2.3903,"Nov 23, 15",1.2884615384615383
2015-11-24,2.4,2.4299,2.32,2.37,289163,289163,-0.01,-0.42,2.3808,"Nov 24, 15",1.278846153846154
2015-11-25,2.37,2.47,2.37,2.44,212685,212685,0.07,2.954,2.4208,"Nov 25, 15",1.346153846153846
2015-11-27,2.41,2.44,2.4,2.44,77393,77393,0,0,2.4324,"Nov 27, 15",1.346153846153846
2015-11-30,2.41,2.472,2.41,2.45,245138,245138,0.01,0.41,2.4284,"Nov 30, 15",1.3557692307692308
2015-12-01,2.44,2.48,2.34,2.48,363494,363494,0.03,1.224,2.4193,"Dec 1, 15",1.3846153846153846
2015-12-02,2.49,2.49,2.42,2.43,129176,129176,-0.05,-2.016,2.4506,"Dec 2, 15",1.3365384615384617
2015-12-03,2.42,2.46,2.42,2.44,201768,201768,0.01,0.412,2.4475,"Dec 3, 15",1.346153846153846
2015-12-04,2.44,2.44,2.4138,2.42,215316,215316,-0.02,-0.82,2.4218,"Dec 4, 15",1.3269230769230769
2015-12-07,2.39,2.65,2.39,2.57,743210,743210,0.15,6.198,2.5426,"Dec 7, 15",1.4711538461538458
2015-12-08,2.57,2.94,2.57,2.89,1561241,1561241,0.32,12.451,2.7871,"Dec 8, 15",1.778846153846154
2015-12-09,2.82,2.89,2.75,2.83,668801,668801,-0.06,-2.076,2.8285,"Dec 9, 15",1.721153846153846
2015-12-10,2.78,2.85,2.72,2.81,446828,446828,-0.02,-0.707,2.7862,"Dec 10, 15",1.7019230769230769
2015-12-11,2.66,2.8,2.63,2.64,702202,702202,-0.17,-6.05,2.7139,"Dec 11, 15",1.5384615384615385
2015-12-14,2.61,2.81,2.61,2.64,1111499,1111499,0,0,2.7125,"Dec 14, 15",1.5384615384615385
2015-12-15,2.64,2.71,2.57,2.58,965272,965272,-0.06,-2.273,2.601,"Dec 15, 15",1.4807692307692308
2015-12-16,2.59,2.76,2.59,2.73,830694,830694,0.15,5.814,2.7112,"Dec 16, 15",1.625
2015-12-17,2.73,2.81,2.72,2.78,816689,816689,0.05,1.832,2.7827,"Dec 17, 15",1.673076923076923
2015-12-18,2.78,2.81,2.35,2.38,4510718,4510718,-0.4,-14.388,2.4633,"Dec 18, 15",1.2884615384615383
2015-12-21,2.51,2.543,2.321,2.35,1484688,1484688,-0.03,-1.261,2.3866,"Dec 21, 15",1.2596153846153846
2015-12-22,2.39,2.5,2.34,2.425,268414,268414,0.075,3.191,2.4188,"Dec 22, 15",1.331730769230769
2015-12-23,2.46,2.46,2.4,2.46,200415,200415,0.035,1.443,2.4289,"Dec 23, 15",1.3653846153846152
2015-12-24,2.46,2.46,2.4,2.42,66871,66871,-0.04,-1.626,2.4214,"Dec 24, 15",1.3269230769230769
2015-12-28,2.41,2.45,2.41,2.42,216465,216465,0,0,2.4233,"Dec 28, 15",1.3269230769230769
2015-12-29,2.4,2.49,2.4,2.47,187201,187201,0.05,2.066,2.4535,"Dec 29, 15",1.375
2015-12-30,2.5,2.5,2.42,2.45,144707,144707,-0.02,-0.81,2.4378,"Dec 30, 15",1.3557692307692308
2015-12-31,2.45,2.59,2.43,2.59,315492,315492,0.14,5.714,2.5244,"Dec 31, 15",1.4903846153846152
2016-01-04,2.55,2.58,2.42,2.58,484027,484027,-0.01,-0.386,2.5177,"Jan 4, 16",1.4807692307692308
2016-01-05,2.53,2.64,2.47,2.49,233697,233697,-0.09,-3.488,2.5554,"Jan 5, 16",1.3942307692307694
2016-01-06,2.53,2.54,2.43,2.46,232176,232176,-0.03,-1.205,2.4647,"Jan 6, 16",1.3653846153846152
2016-01-07,2.44,2.44,2.395,2.44,269692,269692,-0.02,-0.813,2.4168,"Jan 7, 16",1.346153846153846
2016-01-08,2.48,2.48,2.39,2.41,169378,169378,-0.03,-1.23,2.4222,"Jan 8, 16",1.3173076923076923
2016-01-11,2.41,2.49,2.375,2.46,345702,345702,0.05,2.075,2.4131,"Jan 11, 16",1.3653846153846152
2016-01-12,2.44,2.48,2.37,2.4,125946,125946,-0.06,-2.439,2.403,"Jan 12, 16",1.3076923076923075
2016-01-13,2.45,2.45,2.34,2.36,279568,279568,-0.04,-1.667,2.3777,"Jan 13, 16",1.269230769230769
2016-01-14,2.4,2.4,2.3,2.32,243253,243253,-0.04,-1.695,2.3254,"Jan 14, 16",1.2307692307692306
2016-01-15,2.3,2.31,2.23,2.29,423023,423023,-0.03,-1.293,2.2683,"Jan 15, 16",1.2019230769230769
2016-01-19,2.3,2.374,2.22,2.23,294587,294587,-0.06,-2.62,2.2699,"Jan 19, 16",1.1442307692307692
2016-01-20,2.21,2.23,2.0802,2.14,538415,538415,-0.09,-4.036,2.1511,"Jan 20, 16",1.0576923076923077
2016-01-21,2.16,2.18,2.05,2.16,435616,435616,0.02,0.935,2.1368,"Jan 21, 16",1.076923076923077
2016-01-22,2.19,2.35,2.19,2.25,225376,225376,0.09,4.167,2.2515,"Jan 22, 16",1.1634615384615383
2016-01-25,2.25,2.315,2.25,2.27,62353,62353,0.02,0.889,2.278,"Jan 25, 16",1.1826923076923077
2016-01-26,2.29,2.31,2.271,2.29,142177,142177,0.02,0.881,2.2962,"Jan 26, 16",1.2019230769230769
2016-01-27,2.3,2.35,2.28,2.29,132591,132591,0,0,2.2964,"Jan 27, 16",1.2019230769230769
2016-01-28,2.31,2.34,2.26,2.27,159053,159053,-0.02,-0.873,2.299,"Jan 28, 16",1.1826923076923077
2016-01-29,2.26,2.45,2.26,2.42,292299,292299,0.15,6.608,2.3562,"Jan 29, 16",1.3269230769230769
2016-02-01,2.39,2.51,2.38,2.5,547877,547877,0.08,3.306,2.4721,"Feb 1, 16",1.4038461538461537
2016-02-02,2.5,2.52,2.422,2.48,423950,423950,-0.02,-0.8,2.4723,"Feb 2, 16",1.3846153846153846
2016-02-03,2.51,2.57,2.45,2.52,377993,377993,0.04,1.613,2.5035,"Feb 3, 16",1.423076923076923
2016-02-04,2.53,2.58,2.45,2.52,610106,610106,0,0,2.5118,"Feb 4, 16",1.423076923076923
2016-02-05,2.53,2.53,2.45,2.48,297288,297288,-0.04,-1.587,2.4963,"Feb 5, 16",1.3846153846153846
2016-02-08,2.44,2.45,2.35,2.4,364920,364920,-0.08,-3.226,2.3864,"Feb 8, 16",1.3076923076923075
2016-02-09,2.36,2.39,2.31,2.39,615767,615767,-0.01,-0.417,2.3693,"Feb 9, 16",1.2980769230769231
2016-02-10,2.4,2.42,2.37,2.38,188689,188689,-0.01,-0.418,2.3839,"Feb 10, 16",1.2884615384615383
2016-02-11,2.34,2.38,2.3,2.33,358983,358983,-0.05,-2.101,2.3394,"Feb 11, 16",1.2403846153846154
2016-02-12,2.33,2.4,2.33,2.35,449225,449225,0.02,0.858,2.3526,"Feb 12, 16",1.2596153846153846
2016-02-16,2.36,2.4,2.31,2.35,273836,273836,0,0,2.3635,"Feb 16, 16",1.2596153846153846
2016-02-17,2.35,2.4,2.33,2.34,139873,139873,-0.01,-0.426,2.3542,"Feb 17, 16",1.2499999999999998
2016-02-18,2.34,2.35,2.3,2.34,270773,270773,0,0,2.3305,"Feb 18, 16",1.2499999999999998
2016-02-19,2.34,2.47,2.31,2.39,174418,174418,0.05,2.137,2.382,"Feb 19, 16",1.2980769230769231
2016-02-22,2.41,2.44,2.332,2.44,513040,513040,0.05,2.092,2.3835,"Feb 22, 16",1.346153846153846
2016-02-23,2.44,2.44,2.3994,2.44,408313,408313,0,0,2.4237,"Feb 23, 16",1.346153846153846
2016-02-24,2.38,2.38,2.3,2.34,407327,407327,-0.1,-4.098,2.3504,"Feb 24, 16",1.2499999999999998
2016-02-25,2.34,2.39,2.34,2.36,147096,147096,0.02,0.855,2.3671,"Feb 25, 16",1.269230769230769
2016-02-26,2.36,2.36,2.33,2.35,171461,171461,-0.01,-0.424,2.3458,"Feb 26, 16",1.2596153846153846
2016-02-29,2.32,2.46,2.32,2.44,765191,765191,0.09,3.83,2.4241,"Feb 29, 16",1.346153846153846
2016-03-01,2.46,2.46,2.35,2.37,361612,361612,-0.07,-2.869,2.3774,"Mar 1, 16",1.278846153846154
2016-03-02,2.35,2.37,2.33,2.36,98958,98958,-0.01,-0.422,2.35,"Mar 2, 16",1.269230769230769
2016-03-03,2.34,2.35,2.325,2.33,415254,415254,-0.03,-1.271,2.3338,"Mar 3, 16",1.2403846153846154
2016-03-04,2.33,2.3799,2.295,2.3,386371,386371,-0.03,-1.288,2.3181,"Mar 4, 16",1.2115384615384612
2016-03-07,2.28,2.35,2.28,2.32,195611,195611,0.02,0.87,2.3322,"Mar 7, 16",1.2307692307692306
2016-03-08,2.32,2.36,2.28,2.28,323286,323286,-0.04,-1.724,2.3105,"Mar 8, 16",1.192307692307692
2016-03-09,2.29,2.35,2.28,2.32,202061,202061,0.04,1.754,2.3056,"Mar 9, 16",1.2307692307692306
2016-03-10,2.33,2.4,2.25,2.3,692573,692573,-0.02,-0.862,2.3253,"Mar 10, 16",1.2115384615384612
2016-03-11,2.3,2.39,2.3,2.33,108166,108166,0.03,1.304,2.3335,"Mar 11, 16",1.2403846153846154
2016-03-14,2.34,2.34,2.28,2.31,224881,224881,-0.02,-0.858,2.3053,"Mar 14, 16",1.221153846153846
2016-03-15,2.3,2.35,2.2944,2.32,243575,243575,0.01,0.433,2.3274,"Mar 15, 16",1.2307692307692306
2016-03-16,2.31,2.39,2.3,2.32,299490,299490,0,0,2.3118,"Mar 16, 16",1.2307692307692306
2016-03-17,2.32,2.35,2.275,2.32,315944,315944,0,0,2.2948,"Mar 17, 16",1.2307692307692306
2016-03-18,2.32,2.38,2.31,2.35,264296,264296,0.03,1.293,2.344,"Mar 18, 16",1.2596153846153846
2016-03-21,2.35,2.4,2.33,2.37,426362,426362,0.02,0.851,2.3607,"Mar 21, 16",1.278846153846154
2016-03-22,2.36,2.4,2.26,2.38,88590,88590,0.01,0.422,2.369,"Mar 22, 16",1.2884615384615383
2016-03-23,2.38,2.46,2.31,2.35,506899,506899,-0.03,-1.261,2.3583,"Mar 23, 16",1.2596153846153846
2016-03-24,2.35,2.44,2.3,2.33,252263,252263,-0.02,-0.851,2.3455,"Mar 24, 16",1.2403846153846154
2016-03-28,2.32,2.39,2.32,2.35,130274,130274,0.02,0.858,2.3382,"Mar 28, 16",1.2596153846153846
2016-03-29,2.33,2.37,2.31,2.33,250266,250266,-0.02,-0.851,2.338,"Mar 29, 16",1.2403846153846154
2016-03-30,2.33,2.39,2.3,2.31,299842,299842,-0.02,-0.858,2.3095,"Mar 30, 16",1.221153846153846
2016-03-31,2.33,2.37,2.325,2.34,707493,707493,0.03,1.299,2.3423,"Mar 31, 16",1.2499999999999998
2016-04-01,2.35,2.38,2.31,2.31,275741,275741,-0.03,-1.282,2.3397,"Apr 1, 16",1.221153846153846
2016-04-04,2.32,2.37,2.31,2.34,176351,176351,0.03,1.299,2.3429,"Apr 4, 16",1.2499999999999998
2016-04-05,2.34,2.38,2.3,2.35,265015,265015,0.01,0.427,2.3412,"Apr 5, 16",1.2596153846153846
2016-04-06,2.37,2.375,2.34,2.35,332984,332984,0,0,2.3578,"Apr 6, 16",1.2596153846153846
2016-04-07,2.33,2.35,2.31,2.33,279255,279255,-0.02,-0.851,2.3345,"Apr 7, 16",1.2403846153846154
2016-04-08,2.35,2.37,2.31,2.33,264739,264739,0,0,2.3295,"Apr 8, 16",1.2403846153846154
2016-04-11,2.34,2.37,2.3,2.31,278045,278045,-0.02,-0.858,2.3211,"Apr 11, 16",1.221153846153846
2016-04-12,2.3,2.36,2.29,2.35,303385,303385,0.04,1.732,2.3373,"Apr 12, 16",1.2596153846153846
2016-04-13,2.35,2.35,2.31,2.32,329758,329758,-0.03,-1.277,2.3212,"Apr 13, 16",1.2307692307692306
2016-04-14,2.31,2.36,2.265,2.32,260877,260877,0,0,2.3108,"Apr 14, 16",1.2307692307692306
2016-04-15,2.28,2.36,2.25,2.28,549651,549651,-0.04,-1.724,2.2776,"Apr 15, 16",1.192307692307692
2016-04-18,2.28,2.36,2.26,2.28,264391,264391,0,0,2.2889,"Apr 18, 16",1.192307692307692
2016-04-19,2.28,2.32,2.27,2.29,231121,231121,0.01,0.439,2.2846,"Apr 19, 16",1.2019230769230769
2016-04-20,2.29,2.3,2.25,2.28,241953,241953,-0.01,-0.437,2.2785,"Apr 20, 16",1.192307692307692
2016-04-21,2.28,2.3,2.2201,2.27,386795,386795,-0.01,-0.439,2.2626,"Apr 21, 16",1.1826923076923077
2016-04-22,2.25,2.31,2.25,2.28,218903,218903,0.01,0.441,2.2806,"Apr 22, 16",1.192307692307692
2016-04-25,2.28,2.32,2.28,2.3,228739,228739,0.02,0.877,2.2989,"Apr 25, 16",1.2115384615384612
2016-04-26,2.3,2.32,2.21,2.27,991765,991765,-0.03,-1.304,2.2546,"Apr 26, 16",1.1826923076923077
2016-04-27,2.25,2.26,2.16,2.19,1262425,1262425,-0.08,-3.524,2.2003,"Apr 27, 16",1.1057692307692306
2016-04-28,2.17,2.195,2.1201,2.16,2404676,2404676,-0.03,-1.37,2.1509,"Apr 28, 16",1.076923076923077
2016-04-29,2.16,2.25,2.16,2.23,352811,352811,0.07,3.241,2.2011,"Apr 29, 16",1.1442307692307692
2016-05-02,2.22,2.3,2.2184,2.25,451304,451304,0.02,0.897,2.2713,"May 2, 16",1.1634615384615383
2016-05-03,2.23,2.26,2.21,2.26,134961,134961,0.01,0.444,2.244,"May 3, 16",1.173076923076923
2016-05-04,2.23,2.295,2.2,2.29,274451,274451,0.03,1.327,2.2488,"May 4, 16",1.2019230769230769
2016-05-05,2.28,2.3,2.2401,2.29,168496,168496,0,0,2.2854,"May 5, 16",1.2019230769230769
2016-05-06,2.27,2.29,2.23,2.28,203584,203584,-0.01,-0.437,2.2611,"May 6, 16",1.192307692307692
2016-05-09,2.27,2.29,2.25,2.29,164693,164693,0.01,0.439,2.2688,"May 9, 16",1.2019230769230769
2016-05-10,2.28,2.2963,2.26,2.29,323441,323441,0,0,2.2769,"May 10, 16",1.2019230769230769
2016-05-11,2.26,2.3,2.26,2.3,146941,146941,0.01,0.437,2.2898,"May 11, 16",1.2115384615384612
2016-05-12,2.29,2.3,2.28,2.29,339751,339751,-0.01,-0.435,2.2881,"May 12, 16",1.2019230769230769
2016-05-13,2.27,2.34,2.27,2.31,497469,497469,0.02,0.873,2.3142,"May 13, 16",1.221153846153846
2016-05-16,2.3,2.37,2.28,2.37,338633,338633,0.06,2.597,2.3256,"May 16, 16",1.278846153846154
2016-05-17,2.39,2.405,2.36,2.38,303024,303024,0.01,0.422,2.3877,"May 17, 16",1.2884615384615383
2016-05-18,2.39,2.4,2.37,2.38,478118,478118,0,0,2.3813,"May 18, 16",1.2884615384615383
2016-05-19,2.39,2.4,2.3501,2.39,423731,423731,0.01,0.42,2.3804,"May 19, 16",1.2980769230769231
2016-05-20,2.39,2.39,2.34,2.34,302468,302468,-0.05,-2.092,2.366,"May 20, 16",1.2499999999999998
2016-05-23,2.35,2.39,2.25,2.3,297500,297500,-0.04,-1.709,2.302,"May 23, 16",1.2115384615384612
2016-05-24,2.31,2.33,2.27,2.31,221704,221704,0.01,0.435,2.3023,"May 24, 16",1.221153846153846
2016-05-25,2.3,2.37,2.26,2.36,302431,302431,0.05,2.165,2.3008,"May 25, 16",1.269230769230769
2016-05-26,2.34,2.38,2.31,2.35,338501,338501,-0.01,-0.424,2.3489,"May 26, 16",1.2596153846153846
2016-05-27,2.35,2.36,2.29,2.34,225793,225793,-0.01,-0.426,2.3389,"May 27, 16",1.2499999999999998
2016-05-31,2.31,2.4,2.3,2.37,1755027,1755027,0.03,1.282,2.3662,"May 31, 16",1.278846153846154
2016-06-01,2.39,2.445,2.25,2.35,676414,676414,-0.02,-0.844,2.3515,"Jun 1, 16",1.2596153846153846
2016-06-02,2.33,2.345,2.25,2.34,530509,530509,-0.01,-0.426,2.3,"Jun 2, 16",1.2499999999999998
2016-06-03,2.32,2.33,2.26,2.3,1167092,1167092,-0.04,-1.709,2.2671,"Jun 3, 16",1.2115384615384612
2016-06-06,2.28,2.35,2.28,2.33,289766,289766,0.03,1.304,2.3293,"Jun 6, 16",1.2403846153846154
2016-06-07,2.33,2.39,2.3,2.37,366878,366878,0.04,1.717,2.3534,"Jun 7, 16",1.278846153846154
2016-06-08,2.35,2.39,2.3,2.34,242814,242814,-0.03,-1.266,2.3537,"Jun 8, 16",1.2499999999999998
2016-06-09,2.33,2.37,2.27,2.33,504129,504129,-0.01,-0.427,2.3066,"Jun 9, 16",1.2403846153846154
2016-06-10,2.29,2.35,2.28,2.34,379205,379205,0.01,0.429,2.3127,"Jun 10, 16",1.2499999999999998
2016-06-13,2.3,2.33,2.18,2.22,1137559,1137559,-0.12,-5.128,2.2385,"Jun 13, 16",1.1346153846153848
2016-06-14,2.23,2.2699,2.105,2.13,616792,616792,-0.09,-4.054,2.1524,"Jun 14, 16",1.048076923076923
2016-06-15,2.12,2.14,2.045,2.11,1006379,1006379,-0.02,-0.939,2.1008,"Jun 15, 16",1.0288461538461537
2016-06-16,2.1,2.17,2.08,2.14,480059,480059,0.03,1.422,2.113,"Jun 16, 16",1.0576923076923077
2016-06-17,2.12,2.14,2.09,2.13,441426,441426,-0.01,-0.467,2.1167,"Jun 17, 16",1.048076923076923
2016-06-20,2.12,2.17,2.11,2.16,461774,461774,0.03,1.408,2.1531,"Jun 20, 16",1.076923076923077
2016-06-21,2.15,2.24,2.11,2.24,589642,589642,0.08,3.704,2.1773,"Jun 21, 16",1.153846153846154
2016-06-22,2.29,2.29,2.16,2.27,683883,683883,0.03,1.339,2.2469,"Jun 22, 16",1.1826923076923077
2016-06-23,2.28,2.43,2.28,2.38,1613828,1613828,0.11,4.846,2.3648,"Jun 23, 16",1.2884615384615383
2016-06-24,2.33,2.36,2.27,2.3,20695725,20695725,-0.08,-3.361,2.301,"Jun 24, 16",1.2115384615384612
2016-06-27,2.27,2.29,2.16,2.16,1088460,1088460,-0.14,-6.087,2.2076,"Jun 27, 16",1.076923076923077
2016-06-28,2.19,2.2,2.1,2.13,1200981,1200981,-0.03,-1.389,2.1393,"Jun 28, 16",1.048076923076923
2016-06-29,2.16,2.17,2.11,2.16,751460,751460,0.03,1.408,2.1499,"Jun 29, 16",1.076923076923077
2016-06-30,2.17,2.23,2.12,2.22,2311414,2311414,0.06,2.778,2.1793,"Jun 30, 16",1.1346153846153848
2016-07-01,2.19,2.28,2.18,2.24,651092,651092,0.02,0.901,2.2333,"Jul 1, 16",1.153846153846154
2016-07-05,2.24,2.25,2.16,2.22,656763,656763,-0.02,-0.893,2.2062,"Jul 5, 16",1.1346153846153848
2016-07-06,2.2,2.265,2.19,2.25,812245,812245,0.03,1.351,2.2459,"Jul 6, 16",1.1634615384615383
2016-07-07,2.25,2.25,2.2,2.22,533485,533485,-0.03,-1.333,2.2392,"Jul 7, 16",1.1346153846153848
2016-07-08,2.23,2.26,2.21,2.23,670746,670746,0.01,0.45,2.2368,"Jul 8, 16",1.1442307692307692
2016-07-11,2.24,2.25,2.2,2.23,618457,618457,0,0,2.2201,"Jul 11, 16",1.1442307692307692
2016-07-12,2.25,2.33,2.23,2.28,720968,720968,0.05,2.242,2.2852,"Jul 12, 16",1.192307692307692
2016-07-13,2.29,2.31,2.21,2.27,718928,718928,-0.01,-0.439,2.2686,"Jul 13, 16",1.1826923076923077
2016-07-14,2.28,2.28,2.24,2.25,324835,324835,-0.02,-0.881,2.2525,"Jul 14, 16",1.1634615384615383
2016-07-15,2.27,2.27,2.21,2.25,517538,517538,0,0,2.2493,"Jul 15, 16",1.1634615384615383
2016-07-18,2.23,2.3,2.22,2.3,463525,463525,0.05,2.222,2.2645,"Jul 18, 16",1.2115384615384612
2016-07-19,2.28,2.31,2.25,2.29,427736,427736,-0.01,-0.435,2.2816,"Jul 19, 16",1.2019230769230769
2016-07-20,2.28,2.31,2.2001,2.3,420865,420865,0.01,0.437,2.2821,"Jul 20, 16",1.2115384615384612
2016-07-21,2.31,2.34,2.26,2.31,490943,490943,0.01,0.435,2.2942,"Jul 21, 16",1.221153846153846
2016-07-22,2.3,2.3,2.27,2.29,242867,242867,-0.02,-0.866,2.2869,"Jul 22, 16",1.2019230769230769
2016-07-25,2.28,2.28,2.25,2.26,310731,310731,-0.03,-1.31,2.2627,"Jul 25, 16",1.173076923076923
2016-07-26,2.25,2.32,2.25,2.31,569686,569686,0.05,2.212,2.2982,"Jul 26, 16",1.221153846153846
2016-07-27,2.31,2.38,2.3,2.38,734475,734475,0.07,3.03,2.348,"Jul 27, 16",1.2884615384615383
2016-07-28,2.38,2.44,2.35,2.43,586939,586939,0.05,2.101,2.4177,"Jul 28, 16",1.3365384615384617
2016-07-29,2.41,2.455,2.35,2.42,1444438,1444438,-0.01,-0.412,2.4321,"Jul 29, 16",1.3269230769230769
2016-08-01,2.42,2.45,2.415,2.45,584579,584579,0.03,1.24,2.4303,"Aug 1, 16",1.3557692307692308
2016-08-02,2.44,2.46,2.4,2.4,481383,481383,-0.05,-2.041,2.4203,"Aug 2, 16",1.3076923076923075
2016-08-03,2.39,2.45,2.39,2.42,535831,535831,0.02,0.833,2.426,"Aug 3, 16",1.3269230769230769
2016-08-04,2.41,2.445,2.38,2.38,253179,253179,-0.04,-1.653,2.4131,"Aug 4, 16",1.2884615384615383
2016-08-05,2.41,2.41,2.32,2.33,935396,935396,-0.05,-2.101,2.3417,"Aug 5, 16",1.2403846153846154
2016-08-08,2.33,2.37,2.32,2.33,366483,366483,0,0,2.3451,"Aug 8, 16",1.2403846153846154
2016-08-09,2.33,2.35,2.3,2.31,219348,219348,-0.02,-0.858,2.315,"Aug 9, 16",1.221153846153846
2016-08-10,2.31,2.3189,2.28,2.3,342681,342681,-0.01,-0.433,2.2944,"Aug 10, 16",1.2115384615384612
2016-08-11,2.3,2.325,2.28,2.32,222920,222920,0.02,0.87,2.3053,"Aug 11, 16",1.2307692307692306
2016-08-12,2.32,2.33,2.29,2.33,443161,443161,0.01,0.431,2.3084,"Aug 12, 16",1.2403846153846154
2016-08-15,2.33,2.38,2.3,2.37,178750,178750,0.04,1.717,2.3488,"Aug 15, 16",1.278846153846154
2016-08-16,2.36,2.36,2.3,2.35,321529,321529,-0.02,-0.844,2.3365,"Aug 16, 16",1.2596153846153846
2016-08-17,2.35,2.35,2.24,2.29,546243,546243,-0.06,-2.553,2.2742,"Aug 17, 16",1.2019230769230769
2016-08-18,2.3,2.32,2.27,2.32,181408,181408,0.03,1.31,2.3024,"Aug 18, 16",1.2307692307692306
2016-08-19,2.32,2.35,2.28,2.3,347646,347646,-0.02,-0.862,2.3068,"Aug 19, 16",1.2115384615384612
2016-08-22,2.28,2.33,2.28,2.31,131820,131820,0.01,0.435,2.3059,"Aug 22, 16",1.221153846153846
2016-08-23,2.3,2.34,2.3,2.34,153271,153271,0.03,1.299,2.332,"Aug 23, 16",1.2499999999999998
2016-08-24,2.35,2.35,2.3,2.31,164935,164935,-0.03,-1.282,2.3151,"Aug 24, 16",1.221153846153846
2016-08-25,2.32,2.35,2.32,2.34,147843,147843,0.03,1.299,2.3419,"Aug 25, 16",1.2499999999999998
2016-08-26,2.36,2.4,2.3,2.35,195130,195130,0.01,0.427,2.3546,"Aug 26, 16",1.2596153846153846
2016-08-29,2.34,2.39,2.34,2.37,156748,156748,0.02,0.851,2.3719,"Aug 29, 16",1.278846153846154
2016-08-30,2.35,2.4,2.345,2.39,746090,746090,0.02,0.844,2.3768,"Aug 30, 16",1.2980769230769231
2016-08-31,2.4,2.5,2.364,2.49,713551,713551,0.1,4.184,2.4438,"Aug 31, 16",1.3942307692307694
2016-09-01,2.49,2.49,2.4101,2.48,280917,280917,-0.01,-0.402,2.4656,"Sep 1, 16",1.3846153846153846
2016-09-02,2.48,2.49,2.43,2.45,301168,301168,-0.03,-1.21,2.4685,"Sep 2, 16",1.3557692307692308
2016-09-06,2.44,2.49,2.4201,2.49,605547,605547,0.04,1.633,2.4675,"Sep 6, 16",1.3942307692307694
2016-09-07,2.47,2.49,2.44,2.44,905351,905351,-0.05,-2.008,2.4641,"Sep 7, 16",1.346153846153846
2016-09-08,2.44,2.49,2.44,2.49,988703,988703,0.05,2.049,2.4787,"Sep 8, 16",1.3942307692307694
2016-09-09,2.5,2.5,2.46,2.47,712435,712435,-0.02,-0.803,2.4783,"Sep 9, 16",1.375
2016-09-12,2.46,2.5,2.43,2.48,845203,845203,0.01,0.405,2.4689,"Sep 12, 16",1.3846153846153846
2016-09-13,2.4,2.5,2.4,2.45,963610,963610,-0.03,-1.21,2.4649,"Sep 13, 16",1.3557692307692308
2016-09-14,2.45,2.49,2.45,2.46,858481,858481,0.01,0.408,2.47,"Sep 14, 16",1.3653846153846152
2016-09-15,2.45,2.465,2.43,2.45,485341,485341,-0.01,-0.407,2.4488,"Sep 15, 16",1.3557692307692308
2016-09-16,2.49,2.49,2.34,2.38,4064559,4064559,-0.07,-2.857,2.4024,"Sep 16, 16",1.2884615384615383
2016-09-19,2.37,2.44,2.355,2.38,241091,241091,0,0,2.3876,"Sep 19, 16",1.2884615384615383
2016-09-20,2.33,2.4,2.33,2.34,341132,341132,-0.04,-1.681,2.3555,"Sep 20, 16",1.2499999999999998
2016-09-21,2.37,2.37,2.32,2.34,326689,326689,0,0,2.3371,"Sep 21, 16",1.2499999999999998
2016-09-22,2.33,2.37,2.29,2.3,711111,711111,-0.04,-1.709,2.3143,"Sep 22, 16",1.2115384615384612
2016-09-23,2.3,2.32,2.28,2.28,535787,535787,-0.02,-0.87,2.2935,"Sep 23, 16",1.192307692307692
2016-09-26,2.28,2.315,2.26,2.28,684949,684949,0,0,2.286,"Sep 26, 16",1.192307692307692
2016-09-27,2.27,2.2987,2.195,2.27,492841,492841,-0.01,-0.439,2.2585,"Sep 27, 16",1.1826923076923077
2016-09-28,2.26,2.285,2.2,2.24,4474951,4474951,-0.03,-1.322,2.2069,"Sep 28, 16",1.153846153846154
2016-09-29,2.24,2.29,2.23,2.25,1107084,1107084,0.01,0.446,2.2569,"Sep 29, 16",1.1634615384615383
2016-09-30,2.25,2.345,2.2499,2.34,2359472,2359472,0.09,4,2.2884,"Sep 30, 16",1.2499999999999998
2016-10-03,2.34,2.38,2.25,2.28,305313,305313,-0.06,-2.564,2.3008,"Oct 3, 16",1.192307692307692
2016-10-04,2.28,2.28,2.23,2.24,389781,389781,-0.04,-1.754,2.2436,"Oct 4, 16",1.153846153846154
2016-10-05,2.24,2.24,2.18,2.19,1159838,1159838,-0.05,-2.232,2.2107,"Oct 5, 16",1.1057692307692306
2016-10-06,2.19,2.19,2.15,2.18,586492,586492,-0.01,-0.457,2.1679,"Oct 6, 16",1.0961538461538463
2016-10-07,2.18,2.19,2.16,2.18,362252,362252,0,0,2.1772,"Oct 7, 16",1.0961538461538463
2016-10-10,2.17,2.24,2.16,2.24,315562,315562,0.06,2.752,2.204,"Oct 10, 16",1.153846153846154
2016-10-11,2.23,2.23,2.18,2.18,251155,251155,-0.06,-2.679,2.1886,"Oct 11, 16",1.0961538461538463
2016-10-12,2.19,2.19,2.17,2.18,287676,287676,0,0,2.1844,"Oct 12, 16",1.0961538461538463
2016-10-13,2.18,2.19,2.16,2.18,344812,344812,0,0,2.1793,"Oct 13, 16",1.0961538461538463
2016-10-14,2.17,2.19,2.14,2.14,552516,552516,-0.04,-1.835,2.1561,"Oct 14, 16",1.0576923076923077
2016-10-17,2.15,2.2,2.1,2.1,782751,782751,-0.04,-1.869,2.1345,"Oct 17, 16",1.0192307692307692
2016-10-18,2.15,2.15,2.05,2.15,363383,363383,0.05,2.381,2.1145,"Oct 18, 16",1.067307692307692
2016-10-19,2.15,2.15,2.05,2.15,455040,455040,0,0,2.1245,"Oct 19, 16",1.067307692307692
2016-10-20,2.05,2.15,2.05,2.1,252658,252658,-0.05,-2.326,2.0661,"Oct 20, 16",1.0192307692307692
2016-10-21,2.05,2.075,2,2.05,476140,476140,-0.05,-2.381,2.0299,"Oct 21, 16",0.9711538461538459
2016-10-24,2.1,2.1,2,2.05,401888,401888,0,0,2.0271,"Oct 24, 16",0.9711538461538459
2016-10-25,2,2.125,2,2.1,593130,593130,0.05,2.439,2.0582,"Oct 25, 16",1.0192307692307692
2016-10-26,2.05,2.15,2,2.1,539919,539919,0,0,2.0737,"Oct 26, 16",1.0192307692307692
2016-10-27,2.1,2.15,2.05,2.05,331075,331075,-0.05,-2.381,2.093,"Oct 27, 16",0.9711538461538459
2016-10-28,2.05,2.1,2.05,2.1,262864,262864,0.05,2.439,2.0623,"Oct 28, 16",1.0192307692307692
2016-10-31,2.1,2.15,2,2.1,624571,624571,0,0,2.0788,"Oct 31, 16",1.0192307692307692
2016-11-01,2.1,2.1,2.05,2.05,178093,178093,-0.05,-2.381,2.064,"Nov 1, 16",0.9711538461538459
2016-11-02,2,2.1,2,2,476597,476597,-0.05,-2.439,2.0417,"Nov 2, 16",0.923076923076923
2016-11-03,2.05,2.05,1.95,2,395871,395871,0,0,1.9999,"Nov 3, 16",0.923076923076923
2016-11-04,2,2.05,1.95,2,328447,328447,0,0,2.0136,"Nov 4, 16",0.923076923076923
2016-11-07,2,2.05,2,2.05,370006,370006,0.05,2.5,2.0124,"Nov 7, 16",0.9711538461538459
2016-11-08,2.05,2.05,1.4,1.9,3004809,3004809,-0.15,-7.317,1.8402,"Nov 8, 16",0.8269230769230768
2016-11-09,1.8,1.85,1.525,1.7,3445714,3445714,-0.2,-10.526,1.6765,"Nov 9, 16",0.6346153846153845
2016-11-10,1.75,1.8,1.5,1.65,1937496,1937496,-0.05,-2.941,1.6578,"Nov 10, 16",0.5865384615384615
2016-11-11,1.55,1.65,1.4,1.5,8383125,8383125,-0.15,-9.091,1.4609,"Nov 11, 16",0.44230769230769224
2016-11-14,1.55,1.55,1.4,1.5,1825326,1825326,0,0,1.4874,"Nov 14, 16",0.44230769230769224
2016-11-15,1.5,1.6,1.45,1.5,1635440,1635440,0,0,1.5165,"Nov 15, 16",0.44230769230769224
2016-11-16,1.45,1.65,1.45,1.65,1477004,1477004,0.15,10,1.5732,"Nov 16, 16",0.5865384615384615
2016-11-17,1.65,1.65,1.55,1.65,1388629,1388629,0,0,1.6132,"Nov 17, 16",0.5865384615384615
2016-11-18,1.65,1.65,1.55,1.6,1433589,1433589,-0.05,-3.03,1.5897,"Nov 18, 16",0.5384615384615385
2016-11-21,1.65,1.65,1.55,1.6,1309810,1309810,0,0,1.5857,"Nov 21, 16",0.5384615384615385
2016-11-22,1.65,1.75,1.55,1.7,1141679,1141679,0.1,6.25,1.6339,"Nov 22, 16",0.6346153846153845
2016-11-23,1.7,1.75,1.65,1.7,367517,367517,0,0,1.6965,"Nov 23, 16",0.6346153846153845
2016-11-25,1.7,1.75,1.7,1.75,215918,215918,0.05,2.941,1.7445,"Nov 25, 16",0.6826923076923076
2016-11-28,1.75,1.8,1.7,1.7,822406,822406,-0.05,-2.857,1.747,"Nov 28, 16",0.6346153846153845
2016-11-29,1.7,1.75,1.65,1.65,413048,413048,-0.05,-2.941,1.6944,"Nov 29, 16",0.5865384615384615
2016-11-30,1.65,1.75,1.6,1.7,1860062,1860062,0.05,3.03,1.6925,"Nov 30, 16",0.6346153846153845
2016-12-01,1.7,1.75,1.65,1.7,577719,577719,0,0,1.6767,"Dec 1, 16",0.6346153846153845
2016-12-02,1.65,1.65,1.45,1.55,1139109,1139109,-0.15,-8.824,1.5294,"Dec 2, 16",0.49038461538461536
2016-12-05,1.6,1.65,1.55,1.575,715195,715195,0.025,1.613,1.5861,"Dec 5, 16",0.5144230769230769
2016-12-06,1.6,1.65,1.55,1.65,828266,828266,0.075,4.762,1.6019,"Dec 6, 16",0.5865384615384615
2016-12-07,1.6,1.65,1.55,1.55,1252479,1252479,-0.1,-6.061,1.5988,"Dec 7, 16",0.49038461538461536
2016-12-08,1.55,1.6,1.5,1.55,1116219,1116219,0,0,1.5602,"Dec 8, 16",0.49038461538461536
2016-12-09,1.55,1.6,1.5,1.55,1388145,1388145,0,0,1.5632,"Dec 9, 16",0.49038461538461536
2016-12-12,1.6,1.6,1.5,1.55,1061563,1061563,0,0,1.5427,"Dec 12, 16",0.49038461538461536
2016-12-13,1.6,1.6,1.45,1.5,2043188,2043188,-0.05,-3.226,1.5106,"Dec 13, 16",0.44230769230769224
2016-12-14,1.5,1.5,1.35,1.5,1139896,1139896,0,0,1.4342,"Dec 14, 16",0.44230769230769224
2016-12-15,1.5,1.5,1.425,1.45,474245,474245,-0.05,-3.333,1.4766,"Dec 15, 16",0.39423076923076916
2016-12-16,1.5,1.55,1.4,1.5,1979099,1979099,0.05,3.448,1.4833,"Dec 16, 16",0.44230769230769224
2016-12-19,1.5,1.5,1.4,1.4,1906745,1906745,-0.1,-6.667,1.4303,"Dec 19, 16",0.34615384615384603
2016-12-20,1.4,1.5,1.35,1.5,734842,734842,0.1,7.143,1.4371,"Dec 20, 16",0.44230769230769224
2016-12-21,1.45,1.45,1.35,1.4,1474000,1474000,-0.1,-6.667,1.3958,"Dec 21, 16",0.34615384615384603
2016-12-22,1.35,1.45,1.35,1.375,718900,718900,-0.025,-1.786,1.3816,"Dec 22, 16",0.3221153846153846
2016-12-23,1.4,1.4,1.3,1.4,1119977,1119977,0.025,1.818,1.339,"Dec 23, 16",0.34615384615384603
2016-12-27,1.4,1.4,1.3,1.4,616904,616904,0,0,1.3577,"Dec 27, 16",0.34615384615384603
2016-12-28,1.35,1.4,1.3,1.3,1433496,1433496,-0.1,-7.143,1.3218,"Dec 28, 16",0.25
2016-12-29,1.3,1.35,1.3,1.35,802267,802267,0.05,3.846,1.3377,"Dec 29, 16",0.29807692307692313
2016-12-30,1.35,1.65,1.3,1.55,2042336,2042336,0.2,14.815,1.4716,"Dec 30, 16",0.49038461538461536
2017-01-03,1.6,1.6,1.45,1.55,915211,915211,0,0,1.5064,"Jan 3, 17",0.49038461538461536
2017-01-04,1.45,1.5,1.45,1.5,476380,476380,-0.05,-3.226,1.4796,"Jan 4, 17",0.44230769230769224
2017-01-05,1.45,1.55,1.45,1.5,651416,651416,0,0,1.4921,"Jan 5, 17",0.44230769230769224
2017-01-06,1.45,1.5,1.45,1.5,533607,533607,0,0,1.4651,"Jan 6, 17",0.44230769230769224
2017-01-09,1.5,1.5,1.4,1.45,962131,962131,-0.05,-3.333,1.4486,"Jan 9, 17",0.39423076923076916
2017-01-10,1.45,1.5,1.4,1.5,173760,173760,0.05,3.448,1.4572,"Jan 10, 17",0.44230769230769224
2017-01-11,1.45,1.5,1.4,1.45,394458,394458,-0.05,-3.333,1.4314,"Jan 11, 17",0.39423076923076916
2017-01-12,1.45,1.5,1.4,1.45,570513,570513,0,0,1.4481,"Jan 12, 17",0.39423076923076916
2017-01-13,1.45,1.5,1.45,1.5,477932,477932,0.05,3.448,1.4842,"Jan 13, 17",0.44230769230769224
2017-01-17,1.45,1.5,1.4,1.45,763713,763713,-0.05,-3.333,1.4529,"Jan 17, 17",0.39423076923076916
2017-01-18,1.45,1.5,1.4,1.45,365047,365047,0,0,1.4693,"Jan 18, 17",0.39423076923076916
2017-01-19,1.5,1.5,1.4,1.4,250237,250237,-0.05,-3.448,1.4153,"Jan 19, 17",0.34615384615384603
2017-01-20,1.4,1.5,1.375,1.45,634045,634045,0.05,3.571,1.4423,"Jan 20, 17",0.39423076923076916
2017-01-23,1.45,1.5,1.45,1.45,324241,324241,0,0,1.4532,"Jan 23, 17",0.39423076923076916
2017-01-24,1.45,1.45,1.35,1.45,166888,166888,0,0,1.4188,"Jan 24, 17",0.39423076923076916
2017-01-25,1.45,1.5,1.4,1.5,302090,302090,0.05,3.448,1.4726,"Jan 25, 17",0.44230769230769224
2017-01-26,1.5,1.5,1.45,1.45,318648,318648,-0.05,-3.333,1.4599,"Jan 26, 17",0.39423076923076916
2017-01-27,1.45,1.5,1.4,1.4,314213,314213,-0.05,-3.448,1.4508,"Jan 27, 17",0.34615384615384603
2017-01-30,1.4,1.45,1.4,1.4,208003,208003,0,0,1.4147,"Jan 30, 17",0.34615384615384603
2017-01-31,1.4,1.6,1.35,1.55,764876,764876,0.15,10.714,1.4752,"Jan 31, 17",0.49038461538461536
2017-02-01,1.55,1.55,1.45,1.45,210400,210400,-0.1,-6.452,1.484,"Feb 1, 17",0.39423076923076916
2017-02-02,1.45,1.525,1.45,1.5,867291,867291,0.05,3.448,1.4598,"Feb 2, 17",0.44230769230769224
2017-02-03,1.5,1.5,1.4499,1.45,311804,311804,-0.05,-3.333,1.4638,"Feb 3, 17",0.39423076923076916
2017-02-06,1.45,1.5,1.4,1.425,308226,308226,-0.025,-1.724,1.4455,"Feb 6, 17",0.3701923076923077
2017-02-07,1.4,1.45,1.4,1.4,200181,200181,-0.025,-1.754,1.4066,"Feb 7, 17",0.34615384615384603
2017-02-08,1.45,1.45,1.35,1.4,650054,650054,0,0,1.4043,"Feb 8, 17",0.34615384615384603
2017-02-09,1.4,1.425,1.35,1.4,321981,321981,0,0,1.3894,"Feb 9, 17",0.34615384615384603
2017-02-10,1.4,1.45,1.35,1.4,341140,341140,0,0,1.3913,"Feb 10, 17",0.34615384615384603
2017-02-13,1.35,1.4,1.3,1.35,1116660,1116660,-0.05,-3.571,1.3175,"Feb 13, 17",0.29807692307692313
2017-02-14,1.3,1.35,1.3,1.3,403071,403071,-0.05,-3.704,1.312,"Feb 14, 17",0.25
2017-02-15,1.3,1.35,1.3,1.35,163436,163436,0.05,3.846,1.3323,"Feb 15, 17",0.29807692307692313
2017-02-16,1.3,1.35,1.3,1.3,367458,367458,-0.05,-3.704,1.3142,"Feb 16, 17",0.25
2017-02-17,1.35,1.35,1.3,1.325,380725,380725,0.025,1.923,1.3206,"Feb 17, 17",0.27403846153846145
2017-02-21,1.35,1.35,1.3,1.35,340811,340811,0.025,1.887,1.3412,"Feb 21, 17",0.29807692307692313
2017-02-22,1.35,1.35,1.3,1.3,382239,382239,-0.05,-3.704,1.3264,"Feb 22, 17",0.25
2017-02-23,1.3,1.35,1.3,1.3,607726,607726,0,0,1.3093,"Feb 23, 17",0.25
2017-02-24,1.3,1.35,1.275,1.325,478808,478808,0.025,1.923,1.3049,"Feb 24, 17",0.27403846153846145
2017-02-27,1.3,1.35,1.3,1.35,287575,287575,0.025,1.887,1.3199,"Feb 27, 17",0.29807692307692313
2017-02-28,1.3,1.35,1.3,1.35,633298,633298,0,0,1.3154,"Feb 28, 17",0.29807692307692313
2017-03-01,1.35,1.35,1.25,1.3,1012920,1012920,-0.05,-3.704,1.2894,"Mar 1, 17",0.25
2017-03-02,1.3,1.3,1.25,1.25,330087,330087,-0.05,-3.846,1.2575,"Mar 2, 17",0.20192307692307687
2017-03-03,1.25,1.3,1.25,1.3,342469,342469,0.05,4,1.283,"Mar 3, 17",0.25
2017-03-06,1.3,1.3,1.2,1.25,1956015,1956015,-0.05,-3.846,1.2288,"Mar 6, 17",0.20192307692307687
2017-03-07,1.25,1.25,1.2,1.2,477978,477978,-0.05,-4,1.2087,"Mar 7, 17",0.15384615384615377
2017-03-08,1.2,1.25,1.2,1.2,320290,320290,0,0,1.2065,"Mar 8, 17",0.15384615384615377
2017-03-09,1.2,1.25,1.05,1.175,2224345,2224345,-0.025,-2.083,1.1506,"Mar 9, 17",0.12980769230769232
2017-03-10,1.2,1.2,1.05,1.1,1173025,1173025,-0.075,-6.383,1.1214,"Mar 10, 17",0.057692307692307744
2017-03-13,1.1,1.2,1.075,1.15,673046,673046,0.05,4.545,1.1514,"Mar 13, 17",0.10576923076923064
2017-03-14,1.15,1.15,1.1,1.1,325647,325647,-0.05,-4.348,1.1202,"Mar 14, 17",0.057692307692307744
2017-03-15,1.15,1.25,1.1,1.25,1714870,1714870,0.15,13.636,1.227,"Mar 15, 17",0.20192307692307687
2017-03-16,1.25,1.4,1.2,1.4,826079,826079,0.15,12,1.3204,"Mar 16, 17",0.34615384615384603
2017-03-17,1.35,1.5,1.35,1.4,2052986,2052986,0,0,1.4084,"Mar 17, 17",0.34615384615384603
2017-03-20,1.4,1.45,1.35,1.4,904736,904736,0,0,1.4155,"Mar 20, 17",0.34615384615384603
2017-03-21,1.4,1.45,1.25,1.35,2430313,2430313,-0.05,-3.571,1.3404,"Mar 21, 17",0.29807692307692313
2017-03-22,1.35,1.35,1.3,1.3,675221,675221,-0.05,-3.704,1.3228,"Mar 22, 17",0.25
2017-03-23,1.3,1.35,1.3,1.35,343799,343799,0.05,3.846,1.3069,"Mar 23, 17",0.29807692307692313
2017-03-24,1.35,1.35,1.25,1.3,573327,573327,-0.05,-3.704,1.2873,"Mar 24, 17",0.25
2017-03-27,1.25,1.35,1.25,1.325,598493,598493,0.025,1.923,1.3071,"Mar 27, 17",0.27403846153846145
2017-03-28,1.3,1.35,1.3,1.3,256685,256685,-0.025,-1.887,1.317,"Mar 28, 17",0.25
2017-03-29,1.3,1.35,1.3,1.325,251457,251457,0.025,1.923,1.3242,"Mar 29, 17",0.27403846153846145
2017-03-30,1.3,1.425,1.3,1.4,534558,534558,0.075,5.66,1.3563,"Mar 30, 17",0.34615384615384603
2017-03-31,1.35,1.45,1.35,1.45,1242628,1242628,0.05,3.571,1.4139,"Mar 31, 17",0.39423076923076916
2017-04-03,1.45,1.45,1.4,1.425,312845,312845,-0.025,-1.724,1.425,"Apr 3, 17",0.3701923076923077
2017-04-04,1.45,1.45,1.4,1.45,263883,263883,0.025,1.754,1.4198,"Apr 4, 17",0.39423076923076916
2017-04-05,1.45,1.5,1.4,1.475,794555,794555,0.025,1.724,1.4591,"Apr 5, 17",0.4182692307692308
2017-04-06,1.5,1.6,1.4,1.5,1048941,1048941,0.025,1.695,1.4933,"Apr 6, 17",0.44230769230769224
2017-04-07,1.45,1.55,1.45,1.55,378194,378194,0.05,3.333,1.5218,"Apr 7, 17",0.49038461538461536
2017-04-10,1.55,1.575,1.5,1.55,982157,982157,0,0,1.5289,"Apr 10, 17",0.49038461538461536
2017-04-11,1.5,1.55,1.5,1.525,347312,347312,-0.025,-1.613,1.5276,"Apr 11, 17",0.4663461538461537
2017-04-12,1.5,1.55,1.5,1.525,200159,200159,0,0,1.5254,"Apr 12, 17",0.4663461538461537
2017-04-13,1.5,1.6,1.5,1.5,698431,698431,-0.025,-1.639,1.5345,"Apr 13, 17",0.44230769230769224
2017-04-17,1.55,1.55,1.45,1.5,332951,332951,0,0,1.5053,"Apr 17, 17",0.44230769230769224
2017-04-18,1.5,1.55,1.45,1.55,368020,368020,0.05,3.333,1.5118,"Apr 18, 17",0.49038461538461536
2017-04-19,1.55,1.55,1.5,1.5,351873,351873,-0.05,-3.226,1.5147,"Apr 19, 17",0.44230769230769224
2017-04-20,1.5,1.55,1.5,1.55,309384,309384,0.05,3.333,1.5209,"Apr 20, 17",0.49038461538461536
2017-04-21,1.5,1.55,1.5,1.55,439014,439014,0,0,1.5326,"Apr 21, 17",0.49038461538461536
2017-04-24,1.5,1.55,1.5,1.525,230793,230793,-0.025,-1.613,1.5171,"Apr 24, 17",0.4663461538461537
2017-04-25,1.5,1.55,1.5,1.5,352701,352701,-0.025,-1.639,1.5234,"Apr 25, 17",0.44230769230769224
2017-04-26,1.5,1.55,1.45,1.5,677325,677325,0,0,1.5043,"Apr 26, 17",0.44230769230769224
2017-04-27,1.5,1.525,1.4,1.475,662779,662779,-0.025,-1.667,1.4598,"Apr 27, 17",0.4182692307692308
2017-04-28,1.45,1.5,1.45,1.5,459341,459341,0.025,1.695,1.4866,"Apr 28, 17",0.44230769230769224
2017-05-01,1.45,1.5,1.45,1.475,210904,210904,-0.025,-1.667,1.4696,"May 1, 17",0.4182692307692308
2017-05-02,1.45,1.45,1.3,1.4,460365,460365,-0.075,-5.085,1.3879,"May 2, 17",0.34615384615384603
2017-05-03,1.4,1.4,1.35,1.375,194315,194315,-0.025,-1.786,1.3692,"May 3, 17",0.3221153846153846
2017-05-04,1.35,1.35,1.25,1.3,531128,531128,-0.075,-5.455,1.2971,"May 4, 17",0.25
2017-05-05,1.25,1.35,1.25,1.3,379913,379913,0,0,1.2952,"May 5, 17",0.25
2017-05-08,1.3,1.35,1.25,1.25,207112,207112,-0.05,-3.846,1.2958,"May 8, 17",0.20192307692307687
2017-05-09,1.25,1.325,1.25,1.3,208254,208254,0.05,4,1.2809,"May 9, 17",0.25
2017-05-10,1.25,1.35,1.25,1.3,196543,196543,0,0,1.3064,"May 10, 17",0.25
2017-05-11,1.3,1.35,1.25,1.25,286376,286376,-0.05,-3.846,1.2991,"May 11, 17",0.20192307692307687
2017-05-12,1.25,1.3,1.25,1.25,402448,402448,0,0,1.2798,"May 12, 17",0.20192307692307687
2017-05-15,1.25,1.35,1.25,1.275,220039,220039,0.025,2,1.2889,"May 15, 17",0.22596153846153832
2017-05-16,1.3,1.3,1.25,1.3,191586,191586,0.025,1.961,1.277,"May 16, 17",0.25
2017-05-17,1.25,1.3,1.15,1.25,1036549,1036549,-0.05,-3.846,1.2461,"May 17, 17",0.20192307692307687
2017-05-18,1.2,1.25,1.2,1.225,93949,93949,-0.025,-2,1.2229,"May 18, 17",0.17788461538461542
2017-05-19,1.2,1.25,1.15,1.2,596884,596884,-0.025,-2.041,1.1977,"May 19, 17",0.15384615384615377
2017-05-22,1.2,1.225,1.15,1.175,481455,481455,-0.025,-2.083,1.1665,"May 22, 17",0.12980769230769232
2017-05-23,1.2,1.2,1.15,1.2,418239,418239,0.025,2.128,1.1821,"May 23, 17",0.15384615384615377
2017-05-24,1.2,1.25,1.2,1.25,227703,227703,0.05,4.167,1.2249,"May 24, 17",0.20192307692307687
2017-05-25,1.25,1.25,1.2,1.2,320085,320085,-0.05,-4,1.2261,"May 25, 17",0.15384615384615377
2017-05-26,1.15,1.2,1.1,1.1,508474,508474,-0.1,-8.333,1.1545,"May 26, 17",0.057692307692307744
2017-05-30,1.1,1.2,1.1,1.15,299422,299422,0.05,4.545,1.1647,"May 30, 17",0.10576923076923064
2017-05-31,1.15,1.2,1.1,1.1,590498,590498,-0.05,-4.348,1.1493,"May 31, 17",0.057692307692307744
2017-06-01,1.15,1.25,1.15,1.2,448881,448881,0.1,9.091,1.2007,"Jun 1, 17",0.15384615384615377
2017-06-02,1.25,1.25,1.15,1.25,411978,411978,0.05,4.167,1.2095,"Jun 2, 17",0.20192307692307687
2017-06-05,1.2,1.225,1.15,1.15,187111,187111,-0.1,-8,1.178,"Jun 5, 17",0.10576923076923064
2017-06-06,1.15,1.2,1.1,1.15,331899,331899,0,0,1.1558,"Jun 6, 17",0.10576923076923064
2017-06-07,1.15,1.1813,1.1,1.1,320253,320253,-0.05,-4.348,1.1332,"Jun 7, 17",0.057692307692307744
2017-06-08,1.1,1.15,1.1,1.15,384913,384913,0.05,4.545,1.1285,"Jun 8, 17",0.10576923076923064
2017-06-09,1.15,1.15,1.1,1.15,258004,258004,0,0,1.1387,"Jun 9, 17",0.10576923076923064
2017-06-12,1.15,1.2,1.1,1.15,304650,304650,0,0,1.1584,"Jun 12, 17",0.10576923076923064
2017-06-13,1.15,1.2,1.15,1.175,285612,285612,0.025,2.174,1.1725,"Jun 13, 17",0.12980769230769232
2017-06-14,1.15,1.2,1.15,1.15,227502,227502,-0.025,-2.128,1.1685,"Jun 14, 17",0.10576923076923064
2017-06-15,1.15,1.2,1.15,1.15,198536,198536,0,0,1.1672,"Jun 15, 17",0.10576923076923064
2017-06-16,1.1,1.2,1.1,1.2,929920,929920,0.05,4.348,1.1371,"Jun 16, 17",0.15384615384615377
2017-06-19,1.2,1.25,1.15,1.2,462990,462990,0,0,1.2019,"Jun 19, 17",0.15384615384615377
2017-06-20,1.15,1.3,1.15,1.25,798023,798023,0.05,4.167,1.2317,"Jun 20, 17",0.20192307692307687
2017-06-21,1.25,1.375,1.25,1.25,633427,633427,0,0,1.3072,"Jun 21, 17",0.20192307692307687
2017-06-22,1.25,1.35,1.25,1.275,453211,453211,0.025,2,1.2962,"Jun 22, 17",0.22596153846153832
2017-06-23,1.3,1.3375,1.25,1.3,7123913,7123913,0.025,1.961,1.2969,"Jun 23, 17",0.25
2017-06-26,1.3,1.35,1.2999,1.35,345425,345425,0.05,3.846,1.3287,"Jun 26, 17",0.29807692307692313
2017-06-27,1.35,1.3501,1.2,1.25,377792,377792,-0.1,-7.407,1.2933,"Jun 27, 17",0.20192307692307687
2017-06-28,1.25,1.3,1.25,1.3,287378,287378,0.05,4,1.2698,"Jun 28, 17",0.25
2017-06-29,1.3,1.3,1.2,1.2,294793,294793,-0.1,-7.692,1.2254,"Jun 29, 17",0.15384615384615377
2017-06-30,1.2,1.25,1.2,1.25,210823,210823,0.05,4.167,1.2121,"Jun 30, 17",0.20192307692307687
2017-07-03,1.25,1.275,1.2,1.25,153762,153762,0,0,1.2394,"Jul 3, 17",0.20192307692307687
2017-07-05,1.2,1.25,1.2,1.2,329595,329595,-0.05,-4,1.2116,"Jul 5, 17",0.15384615384615377
2017-07-06,1.2,1.25,1.2,1.2,206206,206206,0,0,1.214,"Jul 6, 17",0.15384615384615377
2017-07-07,1.2,1.25,1.15,1.25,405433,405433,0.05,4.167,1.2097,"Jul 7, 17",0.20192307692307687
2017-07-10,1.2,1.25,1.15,1.15,510257,510257,-0.1,-8,1.1922,"Jul 10, 17",0.10576923076923064
2017-07-11,1.15,1.2,1.15,1.15,380642,380642,0,0,1.1568,"Jul 11, 17",0.10576923076923064
2017-07-12,1.15,1.2,1.1,1.2,357510,357510,0.05,4.348,1.1671,"Jul 12, 17",0.15384615384615377
2017-07-13,1.15,1.2,1.1,1.15,338656,338656,-0.05,-4.167,1.1528,"Jul 13, 17",0.10576923076923064
2017-07-14,1.15,1.2,1.1,1.15,327620,327620,0,0,1.1492,"Jul 14, 17",0.10576923076923064
2017-07-17,1.15,1.2,1.1,1.2,249855,249855,0.05,4.348,1.166,"Jul 17, 17",0.15384615384615377
2017-07-18,1.2,1.25,1.15,1.2,370910,370910,0,0,1.1993,"Jul 18, 17",0.15384615384615377
2017-07-19,1.2,1.25,1.175,1.25,214885,214885,0.05,4.167,1.2355,"Jul 19, 17",0.20192307692307687
2017-07-20,1.25,1.25,1.2,1.25,232730,232730,0,0,1.2394,"Jul 20, 17",0.20192307692307687
2017-07-21,1.25,1.35,1.2,1.3,672153,672153,0.05,4,1.2954,"Jul 21, 17",0.25
2017-07-24,1.3,1.35,1.25,1.25,212233,212233,-0.05,-3.846,1.2823,"Jul 24, 17",0.20192307692307687
2017-07-25,1.3,1.35,1.25,1.25,320676,320676,0,0,1.2836,"Jul 25, 17",0.20192307692307687
2017-07-26,1.25,1.3,1.2,1.2,254712,254712,-0.05,-4,1.2436,"Jul 26, 17",0.15384615384615377
2017-07-27,1.25,1.3,1.2,1.2,233687,233687,0,0,1.2346,"Jul 27, 17",0.15384615384615377
2017-07-28,1.2,1.25,1.15,1.15,319152,319152,-0.05,-4.167,1.1885,"Jul 28, 17",0.10576923076923064
2017-07-31,1.15,1.2,1.15,1.15,181406,181406,0,0,1.1638,"Jul 31, 17",0.10576923076923064
2017-08-01,1.15,1.2,1.15,1.2,258745,258745,0.05,4.348,1.1763,"Aug 1, 17",0.15384615384615377
2017-08-02,1.15,1.2,1.15,1.15,242676,242676,-0.05,-4.167,1.1679,"Aug 2, 17",0.10576923076923064
2017-08-03,1.2,1.2,1.15,1.15,292547,292547,0,0,1.1559,"Aug 3, 17",0.10576923076923064
2017-08-04,1.2,1.2,1.15,1.15,215018,215018,0,0,1.1656,"Aug 4, 17",0.10576923076923064
2017-08-07,1.15,1.2,1.15,1.15,321154,321154,0,0,1.1596,"Aug 7, 17",0.10576923076923064
2017-08-08,1.15,1.2,1.1,1.15,521385,521385,0,0,1.1399,"Aug 8, 17",0.10576923076923064
2017-08-09,1.1,1.15,1.1,1.1,232446,232446,-0.05,-4.348,1.1283,"Aug 9, 17",0.057692307692307744
2017-08-10,1.1,1.15,1.1,1.1,349454,349454,0,0,1.115,"Aug 10, 17",0.057692307692307744
2017-08-11,1.15,1.15,1.1,1.1,193702,193702,0,0,1.1243,"Aug 11, 17",0.057692307692307744
2017-08-14,1.15,1.175,1.1,1.15,306112,306112,0.05,4.545,1.1374,"Aug 14, 17",0.10576923076923064
2017-08-15,1.1,1.2,1.1,1.1,574377,574377,-0.05,-4.348,1.137,"Aug 15, 17",0.057692307692307744
2017-08-16,1.1,1.15,1.1,1.15,133073,133073,0.05,4.545,1.1386,"Aug 16, 17",0.10576923076923064
2017-08-17,1.1,1.15,1.1,1.1,468686,468686,-0.05,-4.348,1.1072,"Aug 17, 17",0.057692307692307744
2017-08-18,1.1,1.2,1.05,1.2,858080,858080,0.1,9.091,1.1192,"Aug 18, 17",0.15384615384615377
2017-08-21,1.15,1.2,1.1,1.15,404730,404730,-0.05,-4.167,1.1563,"Aug 21, 17",0.10576923076923064
2017-08-22,1.1,1.3,1.1,1.25,1554432,1554432,0.1,8.696,1.1938,"Aug 22, 17",0.20192307692307687
2017-08-23,1.25,1.25,1.2,1.25,291782,291782,0,0,1.2193,"Aug 23, 17",0.20192307692307687
2017-08-24,1.25,1.25,1.15,1.225,331995,331995,-0.025,-2,1.2044,"Aug 24, 17",0.17788461538461542
2017-08-25,1.25,1.3,1.2,1.3,418048,418048,0.075,6.122,1.2515,"Aug 25, 17",0.25
2017-08-28,1.3,1.3,1.2,1.2,552537,552537,-0.1,-7.692,1.2552,"Aug 28, 17",0.15384615384615377
2017-08-29,1.2,1.275,1.15,1.225,774124,774124,0.025,2.083,1.2152,"Aug 29, 17",0.17788461538461542
2017-08-30,1.25,1.25,1.2,1.25,392055,392055,0.025,2.041,1.2393,"Aug 30, 17",0.20192307692307687
2017-08-31,1.25,1.25,1.2,1.25,536020,536020,0,0,1.2436,"Aug 31, 17",0.20192307692307687
2017-09-01,1.25,1.3,1.2,1.3,305547,305547,0.05,4,1.2833,"Sep 1, 17",0.25
2017-09-05,1.3,1.3,1.25,1.25,293968,293968,-0.05,-3.846,1.2792,"Sep 5, 17",0.20192307692307687
2017-09-06,1.25,1.3,1.25,1.25,350784,350784,0,0,1.2557,"Sep 6, 17",0.20192307692307687
2017-09-07,1.25,1.275,1.2,1.2,237647,237647,-0.05,-4,1.2198,"Sep 7, 17",0.15384615384615377
2017-09-08,1.2,1.25,1.2,1.2,157409,157409,0,0,1.2164,"Sep 8, 17",0.15384615384615377
2017-09-11,1.2,1.25,1.1,1.125,1266900,1266900,-0.075,-6.25,1.1535,"Sep 11, 17",0.08173076923076919
2017-09-12,1.15,1.15,1.05,1.1,1505459,1505459,-0.025,-2.222,1.1053,"Sep 12, 17",0.057692307692307744
2017-09-13,1.1,1.15,1.05,1.05,731488,731488,-0.05,-4.545,1.0663,"Sep 13, 17",0.009615384615384623
2017-09-14,1.05,1.1,1.05,1.1,897886,897886,0.05,4.762,1.0815,"Sep 14, 17",0.057692307692307744
2017-09-15,1.1,1.15,1.05,1.15,1103164,1103164,0.05,4.545,1.1221,"Sep 15, 17",0.10576923076923064
2017-09-18,1.15,1.2,1.1,1.15,426201,426201,0,0,1.1482,"Sep 18, 17",0.10576923076923064
2017-09-19,1.15,1.175,1.1,1.15,290549,290549,0,0,1.1351,"Sep 19, 17",0.10576923076923064
2017-09-20,1.15,1.15,1.1,1.1,337069,337069,-0.05,-4.348,1.1296,"Sep 20, 17",0.057692307692307744
2017-09-21,1.1,1.15,1.1,1.1,190088,190088,0,0,1.118,"Sep 21, 17",0.057692307692307744
2017-09-22,1.15,1.15,1.05,1.1,449561,449561,0,0,1.1039,"Sep 22, 17",0.057692307692307744
2017-09-25,1.1,1.125,1.05,1.075,450168,450168,-0.025,-2.273,1.0739,"Sep 25, 17",0.033653846153846076
2017-09-26,1.1,1.1,1.05,1.05,321991,321991,-0.025,-2.326,1.0693,"Sep 26, 17",0.009615384615384623
2017-09-27,1.1,1.1,1.05,1.1,336725,336725,0.05,4.762,1.0859,"Sep 27, 17",0.057692307692307744
2017-09-28,1.1,1.1,1.05,1.05,131761,131761,-0.05,-4.545,1.0821,"Sep 28, 17",0.009615384615384623
2017-09-29,1.05,1.1,0.9,0.95,2134358,2134358,-0.1,-9.524,0.990011,"Sep 29, 17",-0.0865384615384616
2017-10-02,1,1.03,0.98,0.9998,964847,964847,0.0498,5.242,0.995413,"Oct 2, 17",-0.038653846153846164
2017-10-03,1,1,0.9494,0.9495,891494,891494,-0.0503,-5.031,0.974016,"Oct 3, 17",-0.0870192307692308
2017-10-04,0.9559,0.9699,0.8776,0.8852,1625934,1625934,-0.0643,-6.772,0.9147,"Oct 4, 17",-0.14884615384615388
2017-10-05,0.8854,0.95,0.8777,0.9447,569445,569445,0.0595,6.722,0.92397,"Oct 5, 17",-0.09163461538461543
2017-10-06,0.945,0.99,0.93,0.9534,748803,748803,0.0087,0.921,0.954947,"Oct 6, 17",-0.08326923076923078
2017-10-09,0.9667,0.99,0.93,0.9743,390804,390804,0.0209,2.192,0.971418,"Oct 9, 17",-0.0631730769230769
2017-10-10,0.9804,0.9804,0.9001,0.9397,569094,569094,-0.0346,-3.551,0.947176,"Oct 10, 17",-0.09644230769230774
2017-10-11,0.93,0.94,0.9002,0.915,257626,257626,-0.0247,-2.628,0.919442,"Oct 11, 17",-0.12019230769230768
2017-10-12,0.922,0.94,0.8838,0.9047,347622,347622,-0.0103,-1.126,0.908523,"Oct 12, 17",-0.13009615384615392
2017-10-13,0.9104,0.9104,0.875,0.875,427845,427845,-0.0297,-3.283,0.88616,"Oct 13, 17",-0.15865384615384617
2017-10-16,0.8687,0.9127,0.8619,0.9,525916,525916,0.025,2.857,0.884141,"Oct 16, 17",-0.13461538461538464
2017-10-17,0.8874,0.9,0.8651,0.88,248537,248537,-0.02,-2.222,0.881506,"Oct 17, 17",-0.15384615384615388
2017-10-18,0.8876,0.9,0.8765,0.8786,277640,277640,-0.0014,-0.159,0.892068,"Oct 18, 17",-0.15519230769230768
2017-10-19,0.8798,0.8826,0.8115,0.84,432000,432000,-0.0386,-4.393,0.845073,"Oct 19, 17",-0.19230769230769237
2017-10-20,0.86,0.86,0.824,0.8345,267479,267479,-0.0055,-0.655,0.843335,"Oct 20, 17",-0.19759615384615387
2017-10-23,0.8397,0.8397,0.78,0.79,692785,692785,-0.0445,-5.333,0.799124,"Oct 23, 17",-0.24038461538461536
2017-10-24,0.796,0.8,0.7302,0.7348,1048787,1048787,-0.0552,-6.987,0.762734,"Oct 24, 17",-0.2934615384615385
2017-10-25,0.74,0.77,0.6115,0.7502,1204801,1204801,0.0154,2.096,0.730822,"Oct 25, 17",-0.2786538461538462
2017-10-26,0.7551,0.8753,0.7501,0.8401,422925,422925,0.0899,11.983,0.831997,"Oct 26, 17",-0.19221153846153852
2017-10-27,0.8453,0.87,0.79,0.8228,685410,685410,-0.0173,-2.059,0.836468,"Oct 27, 17",-0.2088461538461539
2017-10-30,0.828,0.8598,0.828,0.84,407244,407244,0.0172,2.09,0.83428,"Oct 30, 17",-0.19230769230769237
2017-10-31,0.8462,0.8499,0.8,0.83,549738,549738,-0.01,-1.19,0.817935,"Oct 31, 17",-0.20192307692307698
2017-11-01,0.84,0.8493,0.81,0.81,294284,294284,-0.02,-2.41,0.826436,"Nov 1, 17",-0.22115384615384612
2017-11-02,0.815,0.8299,0.79,0.8,585269,585269,-0.01,-1.235,0.80657,"Nov 2, 17",-0.23076923076923075
2017-11-03,0.8,0.8,0.7556,0.7703,409725,409725,-0.0297,-3.712,0.77766,"Nov 3, 17",-0.2593269230769231
2017-11-06,0.7628,0.7834,0.7511,0.7511,278143,278143,-0.0192,-2.493,0.761619,"Nov 6, 17",-0.2777884615384616
2017-11-07,0.75,0.7858,0.73,0.7318,370534,370534,-0.0193,-2.57,0.745077,"Nov 7, 17",-0.29634615384615387
2017-11-08,0.73,0.7457,0.6884,0.71,578486,578486,-0.0218,-2.979,0.711564,"Nov 8, 17",-0.31730769230769235
2017-11-09,0.7,0.73,0.6778,0.7,362688,362688,-0.01,-1.408,0.701427,"Nov 9, 17",-0.326923076923077
2017-11-10,0.7,0.7102,0.68,0.68,386978,386978,-0.02,-2.857,0.692158,"Nov 10, 17",-0.34615384615384615
2017-11-13,0.6764,0.68,0.64,0.65,532120,532120,-0.03,-4.412,0.653606,"Nov 13, 17",-0.375
2017-11-14,0.65,0.65,0.61,0.6103,777299,777299,-0.0397,-6.108,0.620686,"Nov 14, 17",-0.413173076923077
2017-11-15,0.603,0.72,0.6021,0.6494,1051794,1051794,0.0391,6.407,0.666195,"Nov 15, 17",-0.37557692307692314
2017-11-16,0.6547,0.72,0.6534,0.6854,591371,591371,0.036,5.544,0.6866,"Nov 16, 17",-0.3409615384615385
2017-11-17,0.68,0.735,0.68,0.7111,1039868,1039868,0.0257,3.75,0.710368,"Nov 17, 17",-0.3162500000000001
2017-11-20,0.7,0.7357,0.688,0.6916,445937,445937,-0.0195,-2.742,0.70807,"Nov 20, 17",-0.335
2017-11-21,0.6977,0.7299,0.6911,0.718,433265,433265,0.0264,3.817,0.708228,"Nov 21, 17",-0.3096153846153847
2017-11-22,0.7227,0.7299,0.71,0.715,305115,305115,-0.003,-0.418,0.716596,"Nov 22, 17",-0.31250000000000006
2017-11-24,0.716,0.7213,0.7,0.72,308673,308673,0.005,0.699,0.711338,"Nov 24, 17",-0.30769230769230776
2017-11-27,0.7124,0.72,0.69,0.7119,425261,425261,-0.0081,-1.125,0.702311,"Nov 27, 17",-0.3154807692307693
2017-11-28,0.7177,0.7727,0.7002,0.7494,700673,700673,0.0375,5.268,0.745541,"Nov 28, 17",-0.279423076923077
2017-11-29,0.7552,0.79,0.7501,0.7829,1175689,1175689,0.0335,4.47,0.767543,"Nov 29, 17",-0.24721153846153845
2017-11-30,0.7903,0.8991,0.79,0.8383,2682117,2682117,0.0554,7.076,0.845071,"Nov 30, 17",-0.19394230769230766
2017-12-01,0.8385,0.97,0.8383,0.9609,1031640,1031640,0.1226,14.625,0.930428,"Dec 1, 17",-0.07605769230769237
2017-12-04,0.9748,1.04,0.89,0.9101,985870,985870,-0.0508,-5.287,0.954662,"Dec 4, 17",-0.12490384615384617
2017-12-05,0.91,0.94,0.85,0.8559,727189,727189,-0.0542,-5.955,0.882699,"Dec 5, 17",-0.1770192307692308
2017-12-06,0.8602,0.9181,0.86,0.8702,502036,502036,0.0143,1.671,0.883248,"Dec 6, 17",-0.16326923076923083
2017-12-07,0.8715,0.9,0.8502,0.8851,364452,364452,0.0149,1.712,0.88309,"Dec 7, 17",-0.14894230769230773
2017-12-08,0.88,0.92,0.87,0.895,501497,501497,0.0099,1.119,0.893781,"Dec 8, 17",-0.13942307692307693
2017-12-11,0.91,0.91,0.79,0.8002,1543486,1543486,-0.0948,-10.592,0.832818,"Dec 11, 17",-0.23057692307692307
2017-12-12,0.8,0.8591,0.8,0.8101,339743,339743,0.0099,1.237,0.83282,"Dec 12, 17",-0.2210576923076923
2017-12-13,0.82,0.8364,0.8,0.8068,305823,305823,-0.0033,-0.407,0.810045,"Dec 13, 17",-0.2242307692307693
2017-12-14,0.81,0.85,0.79,0.7905,367459,367459,-0.0163,-2.02,0.805199,"Dec 14, 17",-0.2399038461538462
2017-12-15,0.7834,0.8,0.7328,0.7356,1278359,1278359,-0.0549,-6.945,0.759385,"Dec 15, 17",-0.2926923076923077
2017-12-18,0.7422,0.8041,0.7387,0.755,1164138,1164138,0.0194,2.637,0.764007,"Dec 18, 17",-0.27403846153846156
2017-12-19,0.74,0.76,0.7155,0.7221,748977,748977,-0.0329,-4.358,0.727879,"Dec 19, 17",-0.305673076923077
2017-12-20,0.72,0.73,0.6921,0.7063,1526413,1526413,-0.0158,-2.188,0.709281,"Dec 20, 17",-0.3208653846153846
2017-12-21,0.71,0.7364,0.663,0.68,1172160,1172160,-0.0263,-3.724,0.67708,"Dec 21, 17",-0.34615384615384615
2017-12-22,0.68,0.68,0.6513,0.6695,1338994,1338994,-0.0105,-1.544,0.66344,"Dec 22, 17",-0.35625
2017-12-26,0.6695,0.75,0.665,0.7243,1747074,1747074,0.0548,8.185,0.687798,"Dec 26, 17",-0.3035576923076923
2017-12-27,0.77,0.78,0.7286,0.775,783960,783960,0.0507,7,0.760838,"Dec 27, 17",-0.2548076923076923
2017-12-28,0.78,0.835,0.7601,0.8018,1317069,1317069,0.0268,3.458,0.801382,"Dec 28, 17",-0.2290384615384616
2017-12-29,0.8001,0.862,0.7952,0.8491,990645,990645,0.0473,5.899,0.834435,"Dec 29, 17",-0.18355769230769237
2018-01-02,0.8565,0.87,0.8141,0.8532,475603,475603,0.0041,0.483,0.847363,"Jan 2, 18",-0.17961538461538468
2018-01-03,0.8357,0.86,0.7819,0.8322,514900,514900,-0.021,-2.461,0.83371,"Jan 3, 18",-0.1998076923076923
2018-01-04,0.8291,0.84,0.7979,0.8142,307920,307920,-0.018,-2.163,0.819072,"Jan 4, 18",-0.2171153846153846
2018-01-05,0.8071,0.95,0.8063,0.908,1348661,1348661,0.0938,11.521,0.890609,"Jan 5, 18",-0.12692307692307692
2018-01-08,0.9409,0.9415,0.905,0.9178,511825,511825,0.0098,1.079,0.921335,"Jan 8, 18",-0.11750000000000008
2018-01-09,0.9029,0.905,0.8745,0.8878,343269,343269,-0.03,-3.269,0.889406,"Jan 9, 18",-0.14634615384615385
2018-01-10,0.8687,0.94,0.85,0.9399,385447,385447,0.0521,5.868,0.909627,"Jan 10, 18",-0.09625000000000007
2018-01-11,0.9328,1.04,0.92,1.03,1427415,1427415,0.0901,9.586,0.99222,"Jan 11, 18",-0.009615384615384623
2018-01-12,1.04,1.05,0.9531,0.9779,903399,903399,-0.0521,-5.058,0.990822,"Jan 12, 18",-0.0597115384615385
2018-01-16,0.9881,1.04,0.9654,0.9825,512232,512232,0.0046,0.47,0.994804,"Jan 16, 18",-0.05528846153846153
2018-01-17,0.99,1.03,0.9642,0.9772,421278,421278,-0.0053,-0.539,0.980719,"Jan 17, 18",-0.06038461538461546
2018-01-18,0.98,0.99,0.95,0.959,398141,398141,-0.0182,-1.862,0.964618,"Jan 18, 18",-0.07788461538461545
2018-01-19,0.941,0.99,0.92,0.9798,281956,281956,0.0208,2.169,0.96157,"Jan 19, 18",-0.05788461538461541
2018-01-22,0.98,1,0.9548,0.9853,271200,271200,0.0055,0.561,0.984146,"Jan 22, 18",-0.052596153846153924
2018-01-23,0.9824,1.01,0.98,1.01,463223,463223,0.0247,2.507,1.0026,"Jan 23, 18",-0.028846153846153872
2018-01-24,1.01,1.01,0.97,0.9711,304152,304152,-0.0389,-3.851,0.983075,"Jan 24, 18",-0.06625000000000007
2018-01-25,0.97,0.9879,0.9475,0.9697,523323,523323,-0.0014,-0.144,0.965685,"Jan 25, 18",-0.06759615384615388
2018-01-26,0.9811,0.99,0.945,0.9857,304998,304998,0.016,1.65,0.965766,"Jan 26, 18",-0.052211538461538476
2018-01-29,0.97,0.99,0.95,0.9835,201330,201330,-0.0022,-0.223,0.969018,"Jan 29, 18",-0.05432692307692307
2018-01-30,0.98,0.9895,0.9452,0.96,369237,369237,-0.0235,-2.389,0.963937,"Jan 30, 18",-0.07692307692307698
2018-01-31,0.9548,0.9849,0.93,0.943,421532,421532,-0.017,-1.771,0.956335,"Jan 31, 18",-0.09326923076923085
2018-02-01,0.9461,0.9662,0.8652,0.8799,659857,659857,-0.0631,-6.691,0.908369,"Feb 1, 18",-0.1539423076923077
2018-02-02,0.87,0.8857,0.8229,0.841,385320,385320,-0.0389,-4.421,0.856956,"Feb 2, 18",-0.19134615384615392
2018-02-05,0.84,0.84,0.75,0.7513,503624,503624,-0.0897,-10.666,0.800552,"Feb 5, 18",-0.2775961538461539
2018-02-06,0.752,0.8035,0.752,0.7726,531758,531758,0.0213,2.835,0.770936,"Feb 6, 18",-0.2571153846153847
2018-02-07,0.7805,0.79,0.75,0.7639,379595,379595,-0.0087,-1.126,0.764278,"Feb 7, 18",-0.26548076923076924
2018-02-08,0.78,0.7885,0.75,0.7501,497284,497284,-0.0138,-1.807,0.769454,"Feb 8, 18",-0.27875000000000005
2018-02-09,0.7586,0.7898,0.7421,0.7701,424332,424332,0.02,2.666,0.75777,"Feb 9, 18",-0.2595192307692308
2018-02-12,0.7549,0.798,0.75,0.796,246553,246553,0.0259,3.363,0.780876,"Feb 12, 18",-0.23461538461538461
2018-02-13,1.31,1.33,1.165,1.23,18977631,18977631,0.434,54.523,1.2451,"Feb 13, 18",0.18269230769230763
2018-02-14,1.25,1.305,1.22,1.28,5537434,5537434,0.05,4.065,1.2675,"Feb 14, 18",0.23076923076923075
2018-02-15,1.29,1.3,1.23,1.3,3326609,3326609,0.02,1.562,1.2586,"Feb 15, 18",0.25
2018-02-16,1.28,1.32,1.27,1.27,2662975,2662975,-0.03,-2.308,1.2894,"Feb 16, 18",0.22115384615384612
2018-02-20,1.27,1.35,1.24,1.25,1752066,1752066,-0.02,-1.575,1.2775,"Feb 20, 18",0.20192307692307687
2018-02-21,1.24,1.27,1.2,1.24,1653429,1653429,-0.01,-0.8,1.2407,"Feb 21, 18",0.19230769230769226
2018-02-22,1.26,1.26,1.21,1.23,1847469,1847469,-0.01,-0.806,1.2196,"Feb 22, 18",0.18269230769230763
2018-02-23,1.23,1.28,1.18,1.25,2399712,2399712,0.02,1.626,1.227,"Feb 23, 18",0.20192307692307687
2018-02-26,1.27,1.31,1.24,1.29,1648854,1648854,0.04,3.2,1.2806,"Feb 26, 18",0.24038461538461536
2018-02-27,1.28,1.31,1.24,1.25,1003974,1003974,-0.04,-3.101,1.2695,"Feb 27, 18",0.20192307692307687
2018-02-28,1.24,1.31,1.23,1.29,1996651,1996651,0.04,3.2,1.2723,"Feb 28, 18",0.24038461538461536
2018-03-01,1.28,1.32,1.25,1.27,1752193,1752193,-0.02,-1.55,1.2774,"Mar 1, 18",0.22115384615384612
2018-03-02,1.25,1.34,1.24,1.31,1316401,1316401,0.04,3.15,1.2813,"Mar 2, 18",0.25961538461538464
2018-03-05,1.3,1.37,1.27,1.34,1727802,1727802,0.03,2.29,1.3262,"Mar 5, 18",0.2884615384615385
2018-03-06,1.35,1.42,1.31,1.39,1855189,1855189,0.05,3.731,1.3661,"Mar 6, 18",0.3365384615384614
2018-03-07,1.39,1.45,1.37,1.39,2345536,2345536,0,0,1.4059,"Mar 7, 18",0.3365384615384614
2018-03-08,1.4,1.41,1.35,1.37,1186219,1186219,-0.02,-1.439,1.3738,"Mar 8, 18",0.31730769230769235
2018-03-09,1.36,1.43,1.36,1.42,1578972,1578972,0.05,3.65,1.4098,"Mar 9, 18",0.36538461538461525
2018-03-12,1.42,1.43,1.38,1.39,605442,605442,-0.03,-2.113,1.4021,"Mar 12, 18",0.3365384615384614
2018-03-13,1.41,1.42,1.34,1.35,1331163,1331163,-0.04,-2.878,1.3819,"Mar 13, 18",0.29807692307692313
2018-03-14,1.36,1.38,1.335,1.37,593520,593520,0.02,1.481,1.3644,"Mar 14, 18",0.31730769230769235
2018-03-15,1.38,1.38,1.34,1.36,672595,672595,-0.01,-0.73,1.355,"Mar 15, 18",0.30769230769230776
2018-03-16,1.36,1.61,1.34,1.52,3833853,3833853,0.16,11.765,1.4928,"Mar 16, 18",0.4615384615384615
2018-03-19,1.5,1.55,1.44,1.52,2416867,2416867,0,0,1.4993,"Mar 19, 18",0.4615384615384615
2018-03-20,1.5,1.54,1.48,1.53,1414408,1414408,0.01,0.658,1.5225,"Mar 20, 18",0.47115384615384615
2018-03-21,1.53,1.535,1.48,1.49,1096544,1096544,-0.04,-2.614,1.5065,"Mar 21, 18",0.43269230769230765
2018-03-22,1.47,1.485,1.41,1.41,1178642,1178642,-0.08,-5.369,1.4363,"Mar 22, 18",0.35576923076923067
2018-03-23,1.42,1.5,1.41,1.42,1080653,1080653,0.01,0.709,1.4544,"Mar 23, 18",0.36538461538461525
2018-03-26,1.42,1.46,1.39,1.43,1158584,1158584,0.01,0.704,1.4243,"Mar 26, 18",0.3749999999999999
2018-03-27,1.44,1.45,1.39,1.41,1090208,1090208,-0.02,-1.399,1.41,"Mar 27, 18",0.35576923076923067
2018-03-28,1.43,1.44,1.4,1.41,841189,841189,0,0,1.4155,"Mar 28, 18",0.35576923076923067
2018-03-29,1.43,1.445,1.41,1.42,346465,346465,0.01,0.709,1.421,"Mar 29, 18",0.36538461538461525
2018-04-02,1.42,1.45,1.34,1.36,1021529,1021529,-0.06,-4.225,1.3697,"Apr 2, 18",0.30769230769230776
2018-04-03,1.36,1.38,1.34,1.36,386629,386629,0,0,1.3552,"Apr 3, 18",0.30769230769230776
2018-04-04,1.34,1.4,1.32,1.38,412890,412890,0.02,1.471,1.3641,"Apr 4, 18",0.32692307692307676
2018-04-05,1.38,1.4,1.36,1.39,324436,324436,0.01,0.725,1.3822,"Apr 5, 18",0.3365384615384614
2018-04-06,1.37,1.41,1.35,1.37,388567,388567,-0.02,-1.439,1.3768,"Apr 6, 18",0.31730769230769235
2018-04-09,1.36,1.43,1.36,1.38,394963,394963,0.01,0.73,1.3947,"Apr 9, 18",0.32692307692307676
2018-04-10,1.4,1.44,1.38,1.44,640748,640748,0.06,4.348,1.4212,"Apr 10, 18",0.3846153846153845
2018-04-11,1.43,1.45,1.42,1.44,250061,250061,0,0,1.4371,"Apr 11, 18",0.3846153846153845
2018-04-12,1.45,1.48,1.44,1.45,380159,380159,0.01,0.694,1.4528,"Apr 12, 18",0.39423076923076916
2018-04-13,1.47,1.47,1.41,1.44,457750,457750,-0.01,-0.69,1.4301,"Apr 13, 18",0.3846153846153845
2018-04-16,1.44,1.46,1.41,1.45,425773,425773,0.01,0.694,1.4416,"Apr 16, 18",0.39423076923076916
2018-04-17,1.45,1.4501,1.41,1.42,510919,510919,-0.03,-2.069,1.4293,"Apr 17, 18",0.36538461538461525
2018-04-18,1.43,1.46,1.41,1.44,294673,294673,0.02,1.408,1.4374,"Apr 18, 18",0.3846153846153845
2018-04-19,1.47,1.47,1.4,1.41,545380,545380,-0.03,-2.083,1.4249,"Apr 19, 18",0.35576923076923067
2018-04-20,1.4,1.44,1.4,1.43,786510,786510,0.02,1.418,1.426,"Apr 20, 18",0.3749999999999999
2018-04-23,1.44,1.44,1.39,1.4,383809,383809,-0.03,-2.098,1.409,"Apr 23, 18",0.34615384615384603
2018-04-24,1.4,1.43,1.37,1.37,481785,481785,-0.03,-2.143,1.3919,"Apr 24, 18",0.31730769230769235
2018-04-25,1.37,1.41,1.37,1.39,445345,445345,0.02,1.46,1.3948,"Apr 25, 18",0.3365384615384614
2018-04-26,1.4,1.41,1.38,1.41,373889,373889,0.02,1.439,1.4005,"Apr 26, 18",0.35576923076923067
2018-04-27,1.41,1.41,1.38,1.39,812534,812534,-0.02,-1.418,1.3856,"Apr 27, 18",0.3365384615384614
2018-04-30,1.4,1.43,1.37,1.37,527114,527114,-0.02,-1.439,1.3923,"Apr 30, 18",0.31730769230769235
2018-05-01,1.38,1.39,1.36,1.39,394145,394145,0.02,1.46,1.3704,"May 1, 18",0.3365384615384614
2018-05-02,1.38,1.41,1.36,1.39,604815,604815,0,0,1.3947,"May 2, 18",0.3365384615384614
2018-05-03,1.39,1.41,1.37,1.4,279535,279535,0.01,0.719,1.3843,"May 3, 18",0.34615384615384603
2018-05-04,1.39,1.45,1.385,1.4,1634404,1634404,0,0,1.415,"May 4, 18",0.34615384615384603
2018-05-07,1.4,1.41,1.38,1.39,912385,912385,-0.01,-0.714,1.391,"May 7, 18",0.3365384615384614
2018-05-08,1.38,1.42,1.38,1.4,282000,282000,0.01,0.719,1.3955,"May 8, 18",0.34615384615384603
2018-05-09,1.39,1.39,1.38,1.38,455808,455808,-0.02,-1.429,1.3823,"May 9, 18",0.32692307692307676
2018-05-10,1.38,1.4,1.37,1.38,368718,368718,0,0,1.3861,"May 10, 18",0.32692307692307676
2018-05-11,1.39,1.4,1.36,1.37,311021,311021,-0.01,-0.725,1.373,"May 11, 18",0.31730769230769235
2018-05-14,1.36,1.4,1.36,1.37,237666,237666,0,0,1.3774,"May 14, 18",0.31730769230769235
2018-05-15,1.38,1.4,1.36,1.39,386952,386952,0.02,1.46,1.3841,"May 15, 18",0.3365384615384614
2018-05-16,1.4,1.43,1.38,1.39,1610915,1610915,0,0,1.403,"May 16, 18",0.3365384615384614
2018-05-17,1.4,1.43,1.39,1.4,769443,769443,0.01,0.719,1.4053,"May 17, 18",0.34615384615384603
2018-05-18,1.43,1.43,1.39,1.39,970031,970031,-0.01,-0.714,1.4001,"May 18, 18",0.3365384615384614
2018-05-21,1.39,1.42,1.39,1.4,320416,320416,0.01,0.719,1.4017,"May 21, 18",0.34615384615384603
2018-05-22,1.4,1.41,1.36,1.39,4530500,4530500,-0.01,-0.714,1.3641,"May 22, 18",0.3365384615384614
2018-05-23,1.4,1.41,1.37,1.39,566480,566480,0,0,1.3876,"May 23, 18",0.3365384615384614
2018-05-24,1.4,1.41,1.36,1.38,342065,342065,-0.01,-0.719,1.38,"May 24, 18",0.32692307692307676
2018-05-25,1.38,1.4,1.36,1.37,351800,351800,-0.01,-0.725,1.3803,"May 25, 18",0.31730769230769235
2018-05-29,1.37,1.4,1.36,1.38,409597,409597,0.01,0.73,1.3759,"May 29, 18",0.32692307692307676
2018-05-30,1.37,1.4,1.37,1.38,498273,498273,0,0,1.3834,"May 30, 18",0.32692307692307676
2018-05-31,1.39,1.4,1.35,1.35,1069432,1069432,-0.03,-2.174,1.3611,"May 31, 18",0.29807692307692313
2018-06-01,1.35,1.38,1.35,1.37,531235,531235,0.02,1.481,1.364,"Jun 1, 18",0.31730769230769235
2018-06-04,1.39,1.39,1.33,1.34,1064765,1064765,-0.03,-2.19,1.3479,"Jun 4, 18",0.2884615384615385
2018-06-05,1.35,1.36,1.33,1.35,764221,764221,0.01,0.746,1.3475,"Jun 5, 18",0.29807692307692313
2018-06-06,1.35,1.35,1.33,1.34,3129562,3129562,-0.01,-0.741,1.3478,"Jun 6, 18",0.2884615384615385
2018-06-07,1.34,1.35,1.3,1.35,639100,639100,0.01,0.746,1.3337,"Jun 7, 18",0.29807692307692313
2018-06-08,1.35,1.35,1.33,1.33,358878,358878,-0.02,-1.481,1.3393,"Jun 8, 18",0.27884615384615385
2018-06-11,1.35,1.37,1.33,1.34,1810782,1810782,0.01,0.752,1.3471,"Jun 11, 18",0.2884615384615385
2018-06-12,1.35,1.36,1.33,1.35,720009,720009,0.01,0.746,1.3428,"Jun 12, 18",0.29807692307692313
2018-06-13,1.34,1.35,1.33,1.34,1064332,1064332,-0.01,-0.741,1.3452,"Jun 13, 18",0.2884615384615385
2018-06-14,1.34,1.35,1.32,1.34,537957,537957,0,0,1.3363,"Jun 14, 18",0.2884615384615385
2018-06-15,1.34,1.35,1.32,1.34,1639061,1639061,0,0,1.3413,"Jun 15, 18",0.2884615384615385
2018-06-18,1.33,1.34,1.32,1.33,605102,605102,-0.01,-0.746,1.3288,"Jun 18, 18",0.27884615384615385
2018-06-19,1.33,1.335,1.29,1.29,1026721,1026721,-0.04,-3.008,1.3034,"Jun 19, 18",0.24038461538461536
2018-06-20,1.31,1.35,1.29,1.34,672457,672457,0.05,3.876,1.3226,"Jun 20, 18",0.2884615384615385
2018-06-21,1.32,1.36,1.3,1.31,895464,895464,-0.03,-2.239,1.3276,"Jun 21, 18",0.25961538461538464
2018-06-22,1.3,1.36,1.3,1.35,1753324,1753324,0.04,3.053,1.3386,"Jun 22, 18",0.29807692307692313
2018-06-25,1.34,1.345,1.3,1.32,981758,981758,-0.03,-2.222,1.3219,"Jun 25, 18",0.2692307692307693
2018-06-26,1.3,1.34,1.3,1.34,794501,794501,0.02,1.515,1.3271,"Jun 26, 18",0.2884615384615385
2018-06-27,1.33,1.35,1.3,1.31,2811227,2811227,-0.03,-2.239,1.345,"Jun 27, 18",0.25961538461538464
2018-06-28,1.32,1.35,1.31,1.34,619178,619178,0.03,2.29,1.329,"Jun 28, 18",0.2884615384615385
2018-06-29,1.33,1.36,1.325,1.34,904369,904369,0,0,1.3468,"Jun 29, 18",0.2884615384615385
2018-07-02,1.36,1.395,1.31,1.38,922168,922168,0.04,2.985,1.3642,"Jul 2, 18",0.32692307692307676
2018-07-03,1.42,1.4485,1.39,1.43,1207764,1207764,0.05,3.623,1.4203,Jul 3,0.3749999999999999
2018-07-05,1.45,1.45,1.39,1.41,1211405,1211405,-0.02,-1.399,1.4213,Jul 5,0.35576923076923067
2018-07-06,1.41,1.44,1.3948,1.41,750887,750887,0,0,1.4143,Jul 6,0.35576923076923067
2018-07-09,1.4,1.43,1.39,1.39,667030,667030,-0.02,-1.418,1.4011,Jul 9,0.3365384615384614
2018-07-10,1.4,1.42,1.37,1.39,1490496,1490496,0,0,1.3926,Jul 10,0.3365384615384614
2018-07-11,1.39,1.4,1.36,1.4,518032,518032,0.01,0.719,1.387,Jul 11,0.34615384615384603
2018-07-12,1.4,1.405,1.37,1.37,793521,793521,-0.03,-2.143,1.3832,Jul 12,0.31730769230769235
2018-07-13,1.37,1.39,1.36,1.37,535801,535801,0,0,1.3732,Jul 13,0.31730769230769235
2018-07-16,1.38,1.39,1.36,1.39,488943,488943,0.02,1.46,1.3746,Jul 16,0.3365384615384614
2018-07-17,1.4,1.41,1.36,1.38,1467452,1467452,-0.01,-0.719,1.3882,Jul 17,0.32692307692307676
2018-07-18,1.37,1.38,1.36,1.38,2190817,2190817,0,0,1.3701,Jul 18,0.32692307692307676
2018-07-19,1.37,1.39,1.36,1.36,1161343,1161343,-0.02,-1.449,1.3706,Jul 19,0.30769230769230776
2018-07-20,1.36,1.41,1.36,1.4,1227193,1227193,0.04,2.941,1.3876,Jul 20,0.34615384615384603
2018-07-23,1.39,1.42,1.38,1.41,3904353,3904353,0.01,0.714,1.4,Jul 23,0.35576923076923067
2018-07-24,1.41,1.5,1.4,1.47,2247353,2247353,0.06,4.255,1.4737,Jul 24,0.4134615384615384
2018-07-25,1.48,1.5,1.46,1.46,1561887,1561887,-0.01,-0.68,1.4827,Jul 25,0.40384615384615374
2018-07-26,1.46,1.54,1.46,1.52,1698282,1698282,0.06,4.11,1.5192,Jul 26,0.4615384615384615
2018-07-27,1.53,1.55,1.48,1.49,1288459,1288459,-0.03,-1.974,1.5088,Jul 27,0.43269230769230765
2018-07-30,1.55,1.55,1.35,1.42,11786098,11786098,-0.07,-4.698,1.4158,Jul 30,0.36538461538461525
2018-07-31,1.41,1.51,1.35,1.36,8215659,8215659,-0.06,-4.225,1.3854,Jul 31,0.30769230769230776
2018-08-01,1.38,1.47,1.38,1.43,5322343,5322343,0.07,5.147,1.4346,Aug 1,0.3749999999999999
2018-08-02,1.41,1.43,1.32,1.37,4961964,4961964,-0.06,-4.196,1.365,Aug 2,0.31730769230769235